block,order,size_kib,latency_ms,throughput_mib_s,count_points,max_count
0,0,736,0.14404332431440098,4989.818191304696,11,128
0,1,94,0.026718967403596798,3435.6445596637345,15,512
0,2,213,0.03907342793176062,5323.510720975724,15,512
0,3,37,0.016968516199518474,2129.4031885372137,15,512
0,4,215,0.03941853734471513,5326.45175704749,15,512
0,5,91,0.026689644575544683,3329.650466062319,15,512
0,6,724,0.13682519326072784,5167.4054547302085,11,128
0,7,572,0.1096875957466345,5092.588147253096,12,192
0,8,456,0.08731758429472562,5099.917772540793,13,256
0,9,191,0.03739485011663558,4987.94451423734,15,512
0,10,516,0.0979242583409859,5145.877625596389,12,192
0,11,56,0.01992070763332762,2745.258903780459,15,512
0,12,292,0.05091871878188335,5600.224373702374,14,384
0,13,142,0.030530007159904938,4542.1500975642675,15,512
0,14,424,0.07839679709666797,5281.62521090544,13,256
0,15,86,0.02401098862990532,3497.747481142811,15,512
0,16,165,0.03423078757081546,4707.248180213617,15,512
0,17,300,0.0530765662278711,5519.738197497765,14,384
0,18,616,0.11444775389847822,5256.219362187053,12,192
0,19,129,0.028791714975713992,4375.4449016413955,15,512
0,20,249,0.043687576949040366,5565.977320821436,14,384
0,21,89,0.02516638034088834,3453.5781992767916,15,512
0,22,209,0.03841009277449427,5313.748230140465,15,512
0,23,72,0.02074933420179615,3388.662947744774,15,512
0,24,40,0.016777094284583478,2328.3233280684753,15,512
0,25,400,0.07407107578334579,5273.650961173545,13,256
0,26,201,0.03821101149575989,5136.97635357759,15,512
0,27,39,0.01697013049113075,2244.2925539025873,15,512
0,28,76,0.021295792672147665,3485.1367658678046,15,512
0,29,19,0.013988693649724205,1326.4060222210826,15,512
0,30,716,0.13494814251629503,5181.388472357588,11,128
0,31,146,0.030996620888093518,4599.795749180111,15,512
0,32,125,0.02851858816334169,4280.377128097505,15,512
0,33,161,0.03387722965588689,4641.06906311563,15,512
0,34,580,0.10901869421641643,5195.496552872017,12,192
0,35,221,0.040727494328266535,5299.130625627807,15,512
0,36,732,0.13675923309778415,5227.023681018158,11,128
0,37,196,0.03641249012346229,5256.609733391123,15,512
0,38,231,0.040370136500355945,5587.940915136885,14,384
0,39,190,0.0367251549769032,5052.310197647694,15,512
0,40,163,0.03298082418915602,4826.431461720042,15,512
0,41,230,0.03994346447862366,5623.1821133142585,14,384
0,42,162,0.033008948029077154,4792.734529456708,15,512
0,43,203,0.03799366846499935,5217.769052299472,15,512
0,44,45,0.01770587149809938,2481.9626926987057,15,512
0,45,211,0.038258113710868666,5385.908177732828,15,512
0,46,214,0.03845764024675956,5434.144520024445,15,512
0,47,372,0.06699098134265515,5422.838159988082,13,256
0,48,205,0.03813029302034926,5250.295674181165,15,512
0,49,55,0.02039520248081577,2633.508421920392,15,512
0,50,236,0.04009433281103847,5748.1627412577645,14,384
0,51,134,0.029418777619083722,4448.158135405075,15,512
0,52,250,0.04347877586451926,5615.167863988331,14,384
0,53,222,0.03975480552180585,5453.3501586640905,15,512
0,54,108,0.025217796595474105,4182.3142478248365,15,512
0,55,84,0.0229442645866427,3575.2398901360107,15,512
0,56,672,0.13220619626237165,4963.836934674604,11,128
0,57,252,0.043171301276117686,5700.401487229174,14,384
0,58,472,0.10112066454536323,4558.291839480754,13,256
0,59,6,0.011416456817068172,513.2393608531802,15,512
0,60,408,0.07511905274370212,5304.080462242044,13,256
0,61,127,0.028068433276697342,4418.6091997862,15,512
0,62,158,0.033183080500382045,4649.865915800781,15,512
0,63,120,0.02668741797385762,4391.1141990129645,15,512
0,64,64,0.01943152339873015,3216.423062541992,15,512
0,65,480,0.10900305046865766,4300.338366537574,13,256
0,66,243,0.04241614947545113,5594.677745025937,14,384
0,67,199,0.03742712239387136,5192.3825576241,15,512
0,68,272,0.046974038909712044,5654.71920586929,14,384
0,69,32,0.016696260272219862,1871.676620422325,15,512
0,70,1,0.009079195588727494,107.56046507164974,15,512
0,71,728,0.13773834271304086,5161.507580217817,11,128
0,72,145,0.030447135423870432,4650.735135791623,15,512
0,73,247,0.043013090474668295,5607.849490425628,14,384
0,74,115,0.026917275992029248,4172.215923084331,15,512
0,75,85,0.023590225196600752,3518.737604588915,15,512
0,76,332,0.06003201392901082,5400.764171986564,13,256
0,77,256,0.042933732948927314,5822.9271677213,14,384
0,78,556,0.10599226028822804,5122.72073945294,12,192
0,79,744,0.13999170638016648,5190.0396015384,11,128
0,80,71,0.02121716390683261,3267.9173241279245,15,512
0,81,416,0.08110213608505346,5009.11590755091,13,256
0,82,404,0.0750638642868941,5255.941107589419,13,256
0,83,604,0.11733714138529654,5026.914266328914,12,192
0,84,244,0.041388880270135084,5757.132071338887,14,384
0,85,202,0.03772351782255042,5229.247864102384,15,512
0,86,428,0.07998411862294763,5225.646755830898,13,256
0,87,228,0.039422396182610765,5647.963380222275,14,384
0,88,620,0.11759874735438408,5148.598634094448,12,192
0,89,460,0.09165354624665044,4901.269709642218,13,256
0,90,110,0.02583910156801091,4157.337851598891,15,512
0,91,312,0.060154463259095244,5065.085506418043,13,256
0,92,46,0.01780698801245445,2522.710464486247,15,512
0,93,93,0.02600358122953438,3492.6078719052744,15,512
0,94,632,0.11776122849773135,5241.007654840235,12,192
0,95,223,0.039600122307248305,5499.312244804338,15,512
0,96,48,0.018020484301674543,2601.206450130986,15,512
0,97,204,0.036736163795900376,5422.96008660088,15,512
0,98,11,0.012179243883150807,882.0077504861463,15,512
0,99,320,0.05673072449962126,5508.4789196035435,13,256
0,100,237,0.04151018092206677,5575.627649865623,14,384
0,101,156,0.031285909991158815,4869.404471311568,15,512
0,102,154,0.03239496219931355,4642.407793986769,15,512
0,103,42,0.016987137908231052,2414.510626897662,15,512
0,104,99,0.026162823212617026,3695.3079074958623,15,512
0,105,476,0.1045670181024067,4445.414610032771,13,256
0,106,34,0.016175884380642745,2052.6312020215296,15,512
0,107,226,0.03981033823233743,5543.864604011972,14,384
0,108,148,0.030815509813786855,4690.211223938172,15,512
0,109,112,0.02530745581750323,4321.848896575122,15,512
0,110,124,0.02716342624182296,4457.9703945283045,15,512
0,111,137,0.02999060278739868,4461.0327924524045,15,512
0,112,3,0.010668141506665096,274.62023241533024,15,512
0,113,488,0.09778828971719952,4873.410726153437,12,192
0,114,484,0.10130549441891235,4665.65266485449,12,192
0,115,18,0.013628524825936569,1289.8039387613626,15,512
0,116,396,0.07467385401960544,5178.770468957822,13,256
0,117,748,0.13702076442948594,5331.080679935311,11,128
0,118,117,0.026484391797208455,4314.1565558640905,15,512
0,119,540,0.10082784207525523,5230.140198839172,12,192
0,120,668,0.12473095561816731,5230.006831639995,11,128
0,121,420,0.07684540186334168,5337.420848281891,13,256
0,122,280,0.04809569951762367,5685.279614236705,14,384
0,123,576,0.1106109435129916,5085.391934424035,12,192
0,124,118,0.026900647579863584,4283.702637934204,15,512
0,125,596,0.11315243715365175,5143.780060253136,12,192
0,126,168,0.032794796397543985,5002.699148096761,15,512
0,127,160,0.032991023795389464,4736.136743408252,15,512
0,128,107,0.025793740283348472,4051.067675805686,15,512
0,129,296,0.05049916784545888,5724.104224541075,14,384
0,130,43,0.01760776617210582,2384.867398257703,15,512
0,131,376,0.0677418296888329,5420.395369989986,13,256
0,132,149,0.03141307987909298,4632.0772448945045,15,512
0,133,182,0.03556677498631958,4997.202447181782,15,512
0,134,468,0.09652946999857348,4734.629227807363,13,256
0,135,13,0.012770203560686132,994.1354841894072,15,512
0,136,27,0.015636179670432973,1686.293458872098,15,512
0,137,65,0.020197103746693233,3142.8547031349826,15,512
0,138,200,0.03613269651915779,5405.422755991766,15,512
0,139,245,0.04213374445137834,5678.531913442909,14,384
0,140,207,0.03776130743891714,5353.321990426211,15,512
0,141,26,0.015038340448792544,1688.3927509460434,15,512
0,142,9,0.011951817024809257,735.3745862872485,15,512
0,143,122,0.027946899743076188,4263.107038537144,15,512
0,144,69,0.02084612629601146,3232.3901113893044,15,512
0,145,696,0.131760451624637,5158.509185565889,11,128
0,146,75,0.021572623625717352,3395.1451047746395,15,512
0,147,151,0.031173572877782003,4730.318788870627,15,512
0,148,197,0.03698742925372185,5201.302615013222,15,512
0,149,348,0.06298062847265998,5396.004426147111,13,256
0,150,206,0.03779157072888847,5323.1943293169625,15,512
0,151,284,0.048663661918975656,5699.196054373664,14,384
0,152,66,0.020239589033845234,3184.507595100849,15,512
0,153,141,0.030322932502115776,4540.962932605293,15,512
0,154,324,0.05792099130524117,5462.72159488004,13,256
0,155,448,0.0841091759743144,5201.572776478104,13,256
0,156,44,0.01693559375450681,2537.1859187733166,15,512
0,157,700,0.13223858755488915,5169.396941087685,11,128
0,158,167,0.033732868019302455,4834.6300529999335,15,512
0,159,224,0.03889359054823365,5624.320020768422,15,512
0,160,7,0.011641952612657347,587.1813541456819,15,512
0,161,95,0.027314412132705548,3396.501343293256,15,512
0,162,344,0.061814902170909396,5434.571409191601,13,256
0,163,432,0.07872631298455145,5358.754703561248,13,256
0,164,62,0.019540029378606463,3098.6071631135915,15,512
0,165,187,0.036254536550902175,5037.0851450163045,15,512
0,166,104,0.02550197008258668,3982.535453970639,15,512
0,167,500,0.09488594125251383,5145.980991014977,12,192
0,168,720,0.13537150613945004,5194.039868890068,11,128
0,169,764,0.1412987612105528,5280.256837412942,11,128
0,170,704,0.13353999473324477,5148.27038426449,11,128
0,171,14,0.012988107517124058,1052.6456592674826,15,512
0,172,98,0.026705484312990746,3583.6506044357975,15,512
0,173,752,0.13811701559804182,5317.04943681401,11,128
0,174,133,0.029158556170703474,4454.363643371937,15,512
0,175,159,0.03244035677500137,4786.428169607991,15,512
0,176,174,0.03443352413129787,4934.780255197635,15,512
0,177,227,0.04018168669737001,5516.933352489394,14,384
0,178,119,0.027246613927420515,4265.151545420011,15,512
0,179,131,0.028906126123320688,4425.694641828528,15,512
0,180,183,0.03577477422807648,4995.445571805887,15,512
0,181,73,0.02136219471319853,3337.160037023462,15,512
0,182,660,0.12573082905088204,5126.278533796707,11,128
0,183,254,0.04379569288381861,5663.727610338755,14,384
0,184,536,0.10100634400058243,5182.223999682453,12,192
0,185,584,0.11138063789413455,5120.391755540784,12,192
0,186,38,0.016686655118239583,2223.895366509797,15,512
0,187,29,0.015678741053075304,1806.2874056106127,15,512
0,188,150,0.03093417800318325,4735.35695646822,15,512
0,189,255,0.044315237335757506,5619.363732913274,14,384
0,190,251,0.043373830204922484,5651.269125690028,14,384
0,191,552,0.10438814647355937,5164.020228451321,12,192
0,192,412,0.07565669539772527,5318.01908456204,13,256
0,193,100,0.02596139378482793,3761.595036437188,15,512
0,194,5,0.011197957022090211,436.04494019468683,15,512
0,195,53,0.02215637732875946,2336.0232465808945,15,512
0,196,560,0.10629972514786722,5144.65111964565,12,192
0,197,49,0.018977232282215113,2521.5248350437823,15,512
0,198,47,0.01845381574963266,2487.2057964984097,15,512
0,199,92,0.02534953123036729,3544.1976888461086,15,512
0,200,169,0.03395874037008325,4859.987758715428,15,512
0,201,740,0.1393378425769801,5186.360263908589,11,128
0,202,628,0.11962715262525624,5126.605762499117,12,192
0,203,61,0.019828475254770366,3004.281052103009,15,512
0,204,235,0.04056940082928336,5656.780302615424,14,384
0,205,152,0.03036646128803182,4888.205398450656,15,512
0,206,233,0.04036546341982279,5636.973868811313,14,384
0,207,592,0.11134632115748395,5192.133821667285,12,192
0,208,198,0.03697491841686002,5229.474013168639,15,512
0,209,253,0.0433447593093077,5700.119609314453,14,384
0,210,175,0.035049239233668796,4875.952837681924,15,512
0,211,103,0.026078744422197916,3857.008446096141,15,512
0,212,186,0.03604299130057378,5039.554666404962,15,512
0,213,680,0.12655162900099562,5247.364298999072,11,128
0,214,83,0.0232437087878468,3487.166709917663,15,512
0,215,304,0.05487238789223986,5410.280314080965,14,384
0,216,51,0.0199320523910613,2498.7234893249297,15,512
0,217,139,0.031161012046971196,4356.154649129695,15,512
0,218,636,0.12159477030796034,5107.898542239685,12,192
0,219,692,0.13032516248569498,5185.34745793374,11,128
0,220,78,0.022195922719463117,3431.795828573802,15,512
0,221,180,0.03413500580947468,5149.588987361745,15,512
0,222,36,0.016068610513263623,2187.883636297036,15,512
0,223,123,0.02779569718426558,4321.431000766378,15,512
0,224,28,0.015091020779889698,1811.9218307908168,15,512
0,225,220,0.03868251948506029,5554.0268022866385,15,512
0,226,153,0.031440002345016343,4752.355323016829,15,512
0,227,172,0.033197688796938414,5059.651924187281,15,512
0,228,15,0.013296657519524566,1101.6631419204793,15,512
0,229,24,0.014256159839935976,1644.0261797811925,15,512
0,230,210,0.03807207010656233,5386.576680122564,15,512
0,231,260,0.04394373584458312,5777.985078419286,14,384
0,232,217,0.03858670608762829,5491.893037429906,15,512
0,233,140,0.0291635741785438,4687.997059722076,15,512
0,234,16,0.013042605694874742,1197.9968087312525,15,512
0,235,90,0.02512662728088657,3497.9077779713402,15,512
0,236,234,0.04015980079239579,5690.158329751206,14,384
0,237,328,0.05792739493600295,5529.551265923057,13,256
0,238,81,0.02295752972683879,3445.56071324718,15,512
0,239,171,0.034588937662671244,4827.907382660665,15,512
0,240,143,0.030381578512172335,4596.483933316699,15,512
0,241,20,0.013511784326193895,1445.4974656557233,15,512
0,242,138,0.03137550455746698,4295.249650986965,15,512
0,243,600,0.11280877709683575,5194.077225897305,12,192
0,244,54,0.020829732393233123,2531.687589857449,15,512
0,245,360,0.06394594304445043,5497.807730439132,13,256
0,246,101,0.025987552531790612,3795.3867483035324,15,512
0,247,179,0.03513375678342158,4975.405521748371,15,512
0,248,97,0.026830580581086238,3530.5446415414463,15,512
0,249,248,0.04145635696195684,5841.98703765137,14,384
0,250,768,0.14327676952363477,5234.623885599827,11,128
0,251,624,0.11685941234838118,5214.599215879434,12,192
0,252,68,0.01989217733197904,3338.3097733220015,15,512
0,253,33,0.01605976989879968,2006.6640246451254,15,512
0,254,10,0.011953245866195191,816.9852029579705,15,512
0,255,88,0.02504748488876081,3430.983205765361,15,512
0,256,544,0.10741347102762971,4945.841475166069,12,192
0,257,219,0.038659702887001934,5532.044261310292,15,512
0,258,684,0.12933068030013825,5164.812776441307,11,128
0,259,216,0.037801109329480484,5580.1933790205785,15,512
0,260,452,0.08369466072945163,5274.007280188089,13,256
0,261,132,0.028013681552000347,4601.546203797527,15,512
0,262,17,0.013668148394518957,1214.6167879372283,15,512
0,263,676,0.12532283866089974,5267.645203810455,11,128
0,264,106,0.02591313764308073,3994.7159786588218,15,512
0,265,193,0.03610822872667524,5219.767602744841,15,512
0,266,111,0.026102879433115407,4152.7386960413405,15,512
0,267,114,0.026813580076003665,4151.93065172342,15,512
0,268,31,0.01580281387294477,1915.6991750582902,15,512
0,269,2,0.01021616265410672,191.17990444434417,15,512
0,270,195,0.03693271161844261,5156.125265519567,15,512
0,271,130,0.02871693761823043,4420.844822931471,15,512
0,272,756,0.13632358038992815,5415.653314623078,11,128
0,273,173,0.034807131616207895,4853.755671763853,15,512
0,274,648,0.12209194382026728,5183.081538382003,12,192
0,275,264,0.04541267977582273,5677.103867745256,14,384
0,276,268,0.04643200754719069,5636.602073128215,14,384
0,277,656,0.12685639657575132,5050.001555242472,11,128
0,278,178,0.035169813163851656,4942.537629931585,15,512
0,279,608,0.12004263068906179,4946.1595150971825,12,192
0,280,113,0.0265558449621119,4155.452882687116,15,512
0,281,12,0.012288224739392003,953.6568746528167,15,512
0,282,380,0.06935041177070903,5350.995625331469,13,256
0,283,232,0.03890983440330282,5822.756726530003,14,384
0,284,166,0.033522172940344375,4835.88505102243,15,512
0,285,181,0.03525777719652088,5013.299945563269,15,512
0,286,52,0.02012328026292931,2523.507566186819,15,512
0,287,520,0.09779125952217861,5192.820937998354,12,192
0,288,136,0.02875268531131599,4619.133780444845,15,512
0,289,352,0.06722366947309456,5113.526272730198,13,256
0,290,436,0.08024300251615953,5306.148033459431,13,256
0,291,21,0.014390353528399288,1425.1083171464786,15,512
0,292,229,0.039301415398777066,5690.197419886275,14,384
0,293,239,0.0409383428886917,5701.218491783923,14,384
0,294,340,0.061456359682302494,5402.715873774974,13,256
0,295,35,0.01624563369117549,2103.9307022271564,15,512
0,296,368,0.06504346029485171,5525.151927202204,13,256
0,297,225,0.03962464085183319,5545.200102169118,14,384
0,298,58,0.019594663377725478,2890.614853041419,15,512
0,299,155,0.03142767993410919,4816.365312913782,15,512
0,300,41,0.017057270269214782,2347.33118887511,15,512
0,301,688,0.13073149271986395,5139.350787034287,11,128
0,302,176,0.03361614610514547,5112.870448099697,15,512
0,303,212,0.037234807676341644,5560.153601425584,15,512
0,304,23,0.01500387516687577,1497.0090893309532,15,512
0,305,336,0.059252607954288834,5537.730934191726,13,256
0,306,760,0.13960070572080793,5316.502493077114,11,128
0,307,135,0.029564696827287608,4459.235224706182,15,512
0,308,548,0.10191714149976719,5250.895405079846,12,192
0,309,109,0.02575228206604207,4133.432222706306,15,512
0,310,276,0.04778160704623468,5640.89964029872,14,384
0,311,218,0.038410059270763075,5542.574758848337,15,512
0,312,82,0.02277169644367854,3516.5638712099476,15,512
0,313,80,0.022051505936646957,3542.8419367117067,15,512
0,314,184,0.0362781418006511,4953.051371467297,15,512
0,315,652,0.12696080952706731,5015.081050379214,11,128
0,316,240,0.039920259827335075,5871.079021372341,14,384
0,317,524,0.09891740446084281,5173.192248514443,12,192
0,318,4,0.008711313859328332,448.4111195026078,15,512
0,319,532,0.0991433417900872,5240.203130332097,12,192
0,320,612,0.1154431984269739,5177.0590051527415,12,192
0,321,144,0.029405818539568567,4782.216819122873,15,512
0,322,588,0.1118164919639818,5135.367242472306,12,192
0,323,67,0.02052209422711934,3188.255875637517,15,512
0,324,164,0.03238328866919988,4945.645009560949,15,512
0,325,77,0.021895206613173058,3434.327605511583,15,512
0,326,238,0.04135532784815036,5620.11927105047,14,384
0,327,157,0.032321742884001615,4743.565749230973,15,512
0,328,147,0.031153198120768975,4608.024092534373,15,512
0,329,528,0.09784144476659784,5270.005990099909,12,192
0,330,194,0.0368575920531884,5140.13842050789,15,512
0,331,356,0.06548281747647952,5309.1217421253,13,256
0,332,246,0.042905781102800064,5599.1143576762,14,384
0,333,25,0.015050960939713424,1622.0932734986457,15,512
0,334,664,0.12418371833875853,5221.5983598682315,11,128
0,335,60,0.019648677873738554,2982.0708740059044,15,512
0,336,22,0.014402313303370965,1491.7308454171337,15,512
0,337,508,0.09670247830206039,5130.103785452105,12,192
0,338,189,0.03904651330114951,4726.934542822965,15,512
0,339,63,0.020675014169201398,2975.738589415266,15,512
0,340,440,0.08241531345984465,5213.685199527359,13,256
0,341,87,0.02459648124181852,3454.190730158217,15,512
0,342,512,0.0968020330329923,5165.1807749697655,12,192
0,343,126,0.030464958493377034,4038.9641438950234,15,512
0,344,364,0.06634075809433981,5358.225624954512,13,256
0,345,464,0.09176249857806902,4938.019419932138,13,256
0,346,102,0.026237847638916525,3796.4003896515233,15,512
0,347,241,0.04221718346128873,5574.7812431828115,14,384
0,348,50,0.02001355213464867,2439.753056903167,15,512
0,349,59,0.020812602727630275,2768.3797290527677,15,512
0,350,188,0.03732411748012428,4918.903979384557,15,512
0,351,170,0.0438479329173719,3786.167647009583,15,512
0,352,644,0.13662809233067716,4603.052265985503,12,192
0,353,708,0.13757033409054573,5025.838270807221,11,128
0,354,504,0.10157951739912528,4845.341980372888,12,192
0,355,308,0.06297841330678124,4775.942012619953,14,384
0,356,208,0.03777562424685188,5377.144760670048,15,512
0,357,242,0.047885496260793046,4935.275677481015,14,384
0,358,388,0.07480602085245693,5065.183867316413,13,256
0,359,57,0.02201973730108066,2527.9167384648217,15,512
0,360,444,0.08143327220697057,5324.528147388937,13,256
0,361,492,0.09450393712583507,5084.113578889736,12,192
0,362,316,0.05724084654777022,5391.145809530678,13,256
0,363,74,0.023543744437970145,3069.4193606456965,15,512
0,364,288,0.06058244415451262,4642.434024000177,14,384
0,365,116,0.03379122743088758,3352.3863621613486,15,512
0,366,384,0.07250986305494275,5171.710222592091,13,256
0,367,192,0.03991312676694755,4697.702615352867,15,512
0,368,105,0.02945015579953275,3481.783362980608,15,512
0,369,177,0.03865129692127172,4472.0766511943675,15,512
0,370,568,0.10662071618741269,5202.436447950672,12,192
0,371,564,0.10666071214175529,5163.862484510652,12,192
0,372,8,0.0113977355066883,685.4431738142678,15,512
0,373,640,0.11923903871613202,5241.571944301852,12,192
0,374,70,0.02092480583110612,3266.906061244269,15,512
0,375,712,0.13253716908523386,5246.169846534512,11,128
0,376,128,0.0281544517201375,4439.795214004954,15,512
0,377,79,0.022493434478318274,3429.820269304113,15,512
0,378,121,0.027687297362576725,4267.807758648027,15,512
0,379,496,0.09365074533793087,5172.142498729438,12,192
0,380,30,0.01575359390991102,1859.6946936386703,15,512
0,381,185,0.035995854581836066,5019.024123715769,15,512
0,382,392,0.07227184059010038,5296.841714204754,13,256
0,383,96,0.02657328156730935,3527.979777828116,15,512
1,0,3,0.010581142721156858,276.8781763185301,15,512
1,1,308,0.060195295351221374,4996.756777170578,14,384
1,2,184,0.03501698662759749,5131.438119189423,15,512
1,3,235,0.04098373656609998,5599.591611903593,14,384
1,4,194,0.036649052766072554,5169.386674445897,15,512
1,5,70,0.02085244147671108,3278.2432252044323,15,512
1,6,704,0.1327457286528748,5179.0743625189425,11,128
1,7,118,0.026945159446349766,4276.626205513536,15,512
1,8,324,0.057331520862187964,5518.8881306771755,13,256
1,9,37,0.016904069394696037,2137.521543264448,15,512
1,10,216,0.038072491066467276,5540.417611018505,15,512
1,11,424,0.07801394854232742,5307.544455019417,13,256
1,12,195,0.03684774175175831,5168.015146841747,15,512
1,13,5,0.011103528326191055,439.753234877818,15,512
1,14,24,0.014000632686563723,1674.0314901977788,15,512
1,15,147,0.03265601425989135,4395.964748102043,15,512
1,16,54,0.02089355966644757,2523.953593445581,15,512
1,17,27,0.01567508481342128,1682.1081234229723,15,512
1,18,159,0.032416591351739514,4789.937221196079,15,512
1,19,352,0.06715859130913791,5118.4813930608425,13,256
1,20,752,0.13994844979309615,5247.467914690883,11,128
1,21,57,0.019949961011200806,2790.1840243571246,15,512
1,22,211,0.03851685436205639,5349.727824684147,15,512
1,23,660,0.1248892447900367,5160.822704017334,11,128
1,24,162,0.033152540146497524,4771.975972306114,15,512
1,25,116,0.02635602774208112,4298.115448525291,15,512
1,26,428,0.07962470996754467,5249.234190873231,13,256
1,27,202,0.03742770644381174,5270.5774342904115,15,512
1,28,636,0.11939192662153185,5202.141950258036,12,192
1,29,46,0.01789547310851865,2510.2367915948626,15,512
1,30,292,0.05104480577315113,5586.391126009305,14,384
1,31,79,0.022682954527823387,3401.1635215054594,15,512
1,32,476,0.10044495267226969,4627.8457765487265,13,256
1,33,101,0.02630788156061015,3749.1735042505047,15,512
1,34,227,0.0402758278170462,5504.038017715853,14,384
1,35,556,0.1051310390930041,5164.685469527825,12,192
1,36,312,0.06008710269195148,5070.763713837914,13,256
1,37,155,0.03193998450824785,4739.11274004884,15,512
1,38,143,0.030309133709365152,4607.470435779903,15,512
1,39,210,0.03806973278218701,5386.907393685645,15,512
1,40,131,0.02875981034961086,4448.2104000289755,15,512
1,41,14,0.012738919278793526,1073.2366459656876,15,512
1,42,492,0.09532556826310033,5040.2925338341265,12,192
1,43,99,0.026153147597543874,3696.6750231272163,15,512
1,44,15,0.013151949947442985,1113.7844622688792,15,512
1,45,532,0.09905266046073885,5245.000463222537,12,192
1,46,680,0.12929163790995166,5136.1596986071345,11,128
1,47,96,0.02677575657471454,3501.3016247888963,15,512
1,48,189,0.036006021945181675,5126.095650916504,15,512
1,49,712,0.13179103045873547,5275.871184706355,11,128
1,50,174,0.03442589943923021,4935.873216615646,15,512
1,51,20,0.014479304250668464,1348.9080457093305,15,512
1,52,26,0.014991830024275848,1693.6307948319636,15,512
1,53,221,0.03934594764345599,5485.1979791086615,15,512
1,54,256,0.0430915049547257,5801.607538717057,14,384
1,55,217,0.038525816931803236,5500.57284638821,15,512
1,56,238,0.040829869173767505,5692.447213358379,14,384
1,57,280,0.048453257662265825,5643.325406641259,14,384
1,58,452,0.08531461247590254,5173.864560712586,13,256
1,59,632,0.12199320603206713,5059.195672239043,12,192
1,60,74,0.02156525951736013,3351.02041975548,15,512
1,61,75,0.021557532797502516,3397.52179379661,15,512
1,62,580,0.1095518275663458,5170.212698249859,12,192
1,63,106,0.02711431340814129,3817.7483398461645,15,512
1,64,163,0.03386813065104574,4699.984452643093,15,512
1,65,29,0.015886718308857087,1782.6408166506608,15,512
1,66,145,0.030261030482276154,4679.337096036298,15,512
1,67,41,0.017437010348748404,2296.211431845249,15,512
1,68,157,0.03227771946434497,4750.035474760311,15,512
1,69,240,0.040098163591044414,5845.030769746913,14,384
1,70,8,0.011374261476668103,686.8577811425995,15,512
1,71,316,0.05816763883880145,5305.248006631286,13,256
1,72,166,0.03328009542526865,4871.061002935553,15,512
1,73,82,0.022926786033656957,3492.775868472964,15,512
1,74,448,0.08457128532699441,5173.150654012276,13,256
1,75,104,0.025565585776854693,3972.625579029276,15,512
1,76,58,0.01978523014408518,2862.7731185089497,15,512
1,77,64,0.019881682853134647,3143.5970718216104,15,512
1,78,600,0.11174916035160368,5243.32798704193,12,192
1,79,560,0.10614423157584829,5152.187659008256,12,192
1,80,90,0.02544159546234623,3454.6035106201903,15,512
1,81,13,0.012965033809194532,979.1962509960251,15,512
1,82,612,0.11536593029590628,5180.526421163074,12,192
1,83,85,0.02364721009739263,3510.2581724493807,15,512
1,84,95,0.02691284575108015,3447.1805158797274,15,512
1,85,332,0.06039178234112729,5368.590517309578,13,256
1,86,6,0.01160165684833243,505.04639782051476,15,512
1,87,9,0.01228556657371174,715.3974094126479,15,512
1,88,708,0.13186409700279822,5243.324496320845,11,128
1,89,656,0.12560498670474526,5100.315017793778,11,128
1,90,716,0.13423087271222128,5209.075497103122,11,128
1,91,196,0.036139360419675616,5296.337505070823,15,512
1,92,516,0.09693442858531602,5198.42389700055,12,192
1,93,219,0.038815953185428444,5509.775490462153,15,512
1,94,276,0.04807941365638223,5605.959588573757,14,384
1,95,83,0.023280021053131365,3481.7274140350246,15,512
1,96,768,0.14252587252161494,5262.202481070641,11,128
1,97,236,0.04004003531675235,5755.957710246429,14,384
1,98,193,0.03658585317804674,5151.624087670449,15,512
1,99,568,0.10779560608098701,5145.733858421487,12,192
1,100,392,0.0717426067212296,5335.915678217483,13,256
1,101,480,0.10725996589784799,4370.223280197824,13,256
1,102,177,0.03487053970494406,4956.951167449024,15,512
1,103,241,0.04175302972566413,5636.754124104618,14,384
1,104,231,0.0396627320753591,5687.604602511678,14,384
1,105,142,0.030046021406550775,4615.315722625629,15,512
1,106,696,0.12918267111362544,5261.444852786532,11,128
1,107,340,0.06147176954663583,5401.3615103125185,13,256
1,108,49,0.01879183192231456,2546.4022186776883,15,512
1,109,175,0.03526588228930369,4845.999203934118,15,512
1,110,113,0.026468814243829922,4169.116209114799,15,512
1,111,344,0.06208112897329604,5411.265960458004,13,256
1,112,584,0.11031926046205952,5169.654850941819,12,192
1,113,254,0.04333963047850931,5723.326947215164,14,384
1,114,576,0.10795377158658497,5210.563667512473,12,192
1,115,150,0.03088998133724161,4742.1321949261055,15,512
1,116,304,0.05481953968724401,5415.496038341964,14,384
1,117,52,0.020152932472269378,2519.7945792690703,15,512
1,118,524,0.10041056210500103,5096.264170544997,12,192
1,119,724,0.13405979837744533,5273.999055327188,11,128
1,120,464,0.09388716004699384,4826.272301486113,13,256
1,121,684,0.12924182078278845,5168.363815630764,11,128
1,122,59,0.020043614328648436,2874.590707806998,15,512
1,123,160,0.033524676008617534,4660.746011679154,15,512
1,124,69,0.020890110518305118,3225.5842993724373,15,512
1,125,644,0.12163117810259909,5170.600661859093,12,192
1,126,98,0.02662647802351715,3594.284039949733,15,512
1,127,242,0.04161043723863171,5679.539574282331,14,384
1,128,250,0.043187407724382135,5653.051152272947,14,384
1,129,460,0.08920628802743873,5035.729654638539,13,256
1,130,148,0.029984423892734986,4820.21100412134,15,512
1,131,110,0.02616571096708804,4105.44453139906,15,512
1,132,42,0.01726758975570253,2375.2953122166227,15,512
1,133,63,0.01992383372319913,3087.93168798446,15,512
1,134,213,0.03805174390425309,5466.446242868536,15,512
1,135,520,0.09831557729392773,5165.127581785191,12,192
1,136,102,0.026069644118835267,3820.8950818792505,15,512
1,137,121,0.027535198783262473,4291.382220629805,15,512
1,138,169,0.03354524496549303,4919.894389496057,15,512
1,139,165,0.033460140367829766,4815.664570699801,15,512
1,140,388,0.07045459374292151,5378.020507542395,13,256
1,141,552,0.10245757476663078,5261.3240282900615,12,192
1,142,764,0.1405731349756413,5307.513061647833,11,128
1,143,544,0.10777144006806168,4929.41357807315,12,192
1,144,252,0.04292005698936084,5733.770345668518,14,384
1,145,172,0.03359631734311951,4999.617913015095,15,512
1,146,237,0.04082718829670067,5668.901586316282,14,384
1,147,204,0.036938806073587634,5393.210316628167,15,512
1,148,206,0.03742447891126757,5375.4088460917,15,512
1,149,141,0.030778335113209196,4473.773906013033,15,512
1,150,17,0.013778463344209804,1204.8921628823407,15,512
1,151,199,0.03695035628479481,5259.379260166156,15,512
1,152,122,0.02766889566076449,4305.940737958175,15,512
1,153,223,0.03950925255542787,5511.960450137187,15,512
1,154,209,0.037760444838881954,5405.168381116011,15,512
1,155,396,0.07436264097498753,5200.443998890195,13,256
1,156,126,0.028021463413875698,4391.165200139744,15,512
1,157,756,0.13935366184821393,5297.896303608776,11,128
1,158,207,0.03776556628612194,5352.718292861541,15,512
1,159,164,0.03286434754018524,4873.252079755036,15,512
1,160,251,0.04334590950080355,5654.909317232252,14,384
1,161,368,0.06584871289377804,5457.585793358109,13,256
1,162,648,0.12219954867455321,5178.517489334858,12,192
1,163,161,0.032743321787781506,4801.790225164957,15,512
1,164,120,0.026654179214840406,4396.590082757184,15,512
1,165,668,0.1263288077444742,5163.855827084971,11,128
1,166,182,0.0352619177110355,5040.405812766576,15,512
1,167,400,0.07337842536684502,5323.4312135634655,13,256
1,168,16,0.013079591053993247,1194.6092148828789,15,512
1,169,572,0.10882146978610523,5133.120799580705,12,192
1,170,112,0.025645780064210092,4264.834203761968,15,512
1,171,384,0.06875452683345153,5454.186324463935,13,256
1,172,151,0.030861672465007095,4778.125283624874,15,512
1,173,56,0.01984599995010491,2755.5930735407924,15,512
1,174,119,0.02727871635812447,4260.132184166675,15,512
1,175,512,0.09581479883503065,5218.400561074873,12,192
1,176,197,0.03691595794844513,5211.3726201734125,15,512
1,177,146,0.030177778749694233,4724.606346364861,15,512
1,178,93,0.026058812448156037,3485.2053477374247,15,512
1,179,2,0.008920020861121643,218.95968971471723,15,512
1,180,130,0.029688588001480387,4276.15907478219,15,512
1,181,348,0.06365964964695421,5338.44832456221,13,256
1,182,137,0.029933455225991636,4469.54958891044,15,512
1,183,78,0.022342998296702707,3409.2056038531387,15,512
1,184,111,0.0260753568455011,4157.121919453328,15,512
1,185,81,0.022839163295099257,3463.4177039652463,15,512
1,186,35,0.01652878891275387,2067.8881967950124,15,512
1,187,700,0.13215163737104446,5172.7981854713,11,128
1,188,608,0.12163686411172511,4881.332680975996,12,192
1,189,21,0.014381304850906695,1426.004991383452,15,512
1,190,688,0.12954068782255065,5186.59435343093,11,128
1,191,36,0.016572425172440824,2121.3702662217006,15,512
1,192,77,0.0222622415313235,3377.70625631738,15,512
1,193,19,0.014031303199808644,1322.3780596696852,15,512
1,194,444,0.08307070927045243,5219.574430120169,13,256
1,195,22,0.014330043870059614,1499.253958662907,15,512
1,196,420,0.07810644708034878,5251.247052347276,13,256
1,197,224,0.03881684726726877,5635.4396454153775,15,512
1,198,4,0.00891375342417558,438.2272892366083,15,512
1,199,328,0.05870466169706735,5456.338402100042,13,256
1,200,243,0.041741226305143986,5685.139333598249,14,384
1,201,228,0.03907840321506922,5697.68034723948,14,384
1,202,380,0.06833755051778018,5430.305113196122,13,256
1,203,11,0.012518424295629223,858.1101939283691,15,512
1,204,72,0.020669670453261464,3401.7233201173462,15,512
1,205,55,0.02046873525638316,2624.0476916252205,15,512
1,206,225,0.0395143640327021,5560.675665136714,14,384
1,207,114,0.02663670925051572,4179.499950724752,15,512
1,208,364,0.06547710173552186,5428.901716447772,13,256
1,209,200,0.0363797049000032,5368.721393888569,15,512
1,210,139,0.030264289200241407,4485.226353801735,15,512
1,211,124,0.02744427721009765,4412.349761408387,15,512
1,212,144,0.02948006963150627,4770.171907928931,15,512
1,213,376,0.06821177449944507,5383.051572760172,13,256
1,214,222,0.03919146121404019,5531.737482713029,15,512
1,215,372,0.06717744071456105,5407.786395787134,13,256
1,216,80,0.022112774894822437,3533.0256094766496,15,512
1,217,171,0.033693789659347474,4956.171127923935,15,512
1,218,244,0.04122571336378309,5779.91817624509,14,384
1,219,158,0.03245432119090317,4754.278300642716,15,512
1,220,180,0.03440704435448976,5108.873874458861,15,512
1,221,86,0.023810980598918348,3527.1279421316704,15,512
1,222,7,0.012181900995242302,561.1552337085818,15,512
1,223,239,0.041564066459154114,5615.389863967366,14,384
1,224,100,0.026123349989185536,3738.2743805992504,15,512
1,225,744,0.13837494900076416,5250.679441955838,11,128
1,226,167,0.03353799828302473,4862.721266896421,15,512
1,227,548,0.10289731415659721,5200.876761326901,12,192
1,228,540,0.10248312111810154,5145.664420117427,12,192
1,229,624,0.11772774744753918,5176.1374290419035,12,192
1,230,215,0.03812256214945681,5507.5243021930955,15,512
1,231,246,0.04214142063902589,5700.671011017751,14,384
1,232,247,0.04229573941186908,5702.960649325145,14,384
1,233,198,0.03690289081263064,5239.680977345533,15,512
1,234,218,0.03869826101628043,5501.296942269228,15,512
1,235,123,0.027936336596410944,4299.675696040682,15,512
1,236,51,0.01987901163964047,2505.390529611902,15,512
1,237,94,0.026472084412698802,3467.685943006609,15,512
1,238,73,0.02138794612937288,3333.1420449996376,15,512
1,239,115,0.026713091426155657,4204.106732103602,15,512
1,240,740,0.13950805639654276,5180.032384265291,11,128
1,241,214,0.038478040804243455,5431.263407178275,15,512
1,242,33,0.016258295041967085,1982.1612547204038,15,512
1,243,136,0.029331150223511546,4528.035859075819,15,512
1,244,50,0.019355420722529132,2522.710598750536,15,512
1,245,205,0.03765241443219649,5316.93161033555,15,512
1,246,47,0.018489474876144694,2482.408927644485,15,512
1,247,528,0.09973577878814432,5169.9099988508115,12,192
1,248,226,0.039633752943522366,5568.564887471024,14,384
1,249,65,0.020168437328333955,3147.3218012197667,15,512
1,250,732,0.13704834390272275,5215.996995245691,11,128
1,251,496,0.09327477498644855,5192.990281352837,12,192
1,252,456,0.08658548191751705,5143.038880631432,13,256
1,253,127,0.02858779374302224,4338.335396388253,15,512
1,254,154,0.03174297643357911,4737.760660683042,15,512
1,255,536,0.09984574166008946,5242.461934750989,12,192
1,256,628,0.11912783796861909,5148.093514141941,12,192
1,257,255,0.0441077497103364,5645.7978277146785,14,384
1,258,97,0.02669354345113379,3548.669462838833,15,512
1,259,736,0.14231780428394653,5050.316814655039,11,128
1,260,128,0.028267046833945503,4422.110336969805,15,512
1,261,652,0.12617353520871102,5046.37322673702,11,128
1,262,61,0.019724850748467432,3020.064043051299,15,512
1,263,404,0.07500237194234723,5260.250306527212,13,256
1,264,432,0.0795055252551606,5306.234989908663,13,256
1,265,201,0.037469049805620866,5238.698699814746,15,512
1,266,68,0.0200913529772968,3305.215436463586,15,512
1,267,212,0.03749900387914155,5520.979988355347,15,512
1,268,67,0.020454439947668015,3198.801222003615,15,512
1,269,249,0.04310300038678974,5641.4648706108455,14,384
1,270,92,0.02547186274449379,3527.176276867359,15,512
1,271,220,0.03842244345315865,5591.621216436146,15,512
1,272,178,0.03498398997619299,4968.790727366777,15,512
1,273,28,0.015074779527344498,1813.8739575196125,15,512
1,274,91,0.025558551657536243,3477.0040450940987,15,512
1,275,264,0.04578058888839797,5631.480639720137,14,384
1,276,272,0.04697714889084791,5654.344852157451,14,384
1,277,484,0.10142546280576656,4660.134022806027,12,192
1,278,440,0.08174855689577075,5256.2089939746675,13,256
1,279,692,0.13004538069009233,5196.5033007242,11,128
1,280,676,0.12825180083816876,5147.344876919125,11,128
1,281,129,0.028426806361094115,4431.6115183595075,15,512
1,282,468,0.09484763808952767,4818.583353320864,13,256
1,283,43,0.017931957618814432,2341.7514357685786,15,512
1,284,132,0.02856567794931619,4512.627014444297,15,512
1,285,192,0.03559305565490204,5267.881516493981,15,512
1,286,232,0.039187227112568127,5781.539463080226,14,384
1,287,616,0.11507909463111068,5227.382974538736,12,192
1,288,504,0.09563448329736457,5146.548431381167,12,192
1,289,288,0.05309183501994148,5297.424733847709,14,384
1,290,40,0.01676633901197969,2329.8169011189334,15,512
1,291,508,0.09705407415256023,5111.51906122133,12,192
1,292,229,0.040559000928784464,5513.7653142064755,14,384
1,293,108,0.025565800666602256,4125.384194901376,15,512
1,294,173,0.03455209885318778,4889.581765144003,15,512
1,295,18,0.013704564808372078,1282.647442351586,15,512
1,296,153,0.031468907045975304,4747.990207658299,15,512
1,297,234,0.04061001691733744,5627.075346093759,14,384
1,298,53,0.020992186173445188,2465.575146502506,15,512
1,299,168,0.032980508585490766,4974.529109359357,15,512
1,300,208,0.03690608379654249,5503.8351161775,15,512
1,301,23,0.014742058736446302,1523.5957135668284,15,512
1,302,140,0.029834375535393212,4582.591307728475,15,512
1,303,12,0.011924074858797479,982.7806466137713,15,512
1,304,760,0.13957117829393825,5317.627242760293,11,128
1,305,320,0.056233798903086316,5557.15612488789,13,256
1,306,181,0.03546102374982151,4984.56597719883,15,512
1,307,38,0.01671256486716692,2220.4476269770016,15,512
1,308,149,0.03089657915787968,4709.512071108706,15,512
1,309,296,0.051242383255819174,5641.082276694723,14,384
1,310,117,0.02691847621997101,4244.586935988275,15,512
1,311,44,0.017483605776468066,2457.659509678117,15,512
1,312,76,0.021423523323116377,3464.3577940289865,15,512
1,313,134,0.02980619369566712,4390.341696632765,15,512
1,314,620,0.11914991131147962,5081.571134511331,12,192
1,315,748,0.13916697284026838,5248.865697742882,11,128
1,316,245,0.04228980642396284,5657.576440558696,14,384
1,317,604,0.11577377291598477,5094.795955453922,12,192
1,318,10,0.012533625041509145,779.1540729563858,15,512
1,319,152,0.03065499080313392,4842.196853140956,15,512
1,320,248,0.04149410751616665,5836.672108338287,14,384
1,321,728,0.1360308184805745,5226.297304838487,11,128
1,322,416,0.0800624363698247,5074.1648445901465,13,256
1,323,170,0.033517492683392866,4953.103937940348,15,512
1,324,268,0.04668591394642693,5605.946802290896,14,384
1,325,87,0.024479875504511507,3470.6441821708677,15,512
1,326,488,0.09914463800004611,4806.740027632945,12,192
1,327,183,0.035721412138492246,5002.907970355036,15,512
1,328,185,0.03626644089369298,4981.576853090619,15,512
1,329,84,0.023436304484619315,3500.178539403904,15,512
1,330,300,0.05352500217276195,5473.493472347532,14,384
1,331,1,0.008904443783706195,109.67136451430731,15,512
1,332,66,0.02011155728768625,3204.78041943887,15,512
1,333,472,0.09842724981565418,4683.02732082118,13,256
1,334,230,0.039788202187232766,5645.125003211948,14,384
1,335,186,0.036491153112536194,4977.661967541362,15,512
1,336,188,0.035259545215689234,5206.9233700242785,15,512
1,337,125,0.0279304616221407,4370.5082340362715,15,512
1,338,34,0.016181536805824907,2051.914190749039,15,512
1,339,45,0.017821744258716677,2465.8255590502145,15,512
1,340,109,0.02622422096082394,4059.04574473413,15,512
1,341,284,0.04958142371164652,5593.702827352512,14,384
1,342,720,0.13302914017632095,5285.496088060529,11,128
1,343,32,0.01693619402487743,1845.1607223026106,15,512
1,344,138,0.03068424529549687,4392.0136767964705,15,512
1,345,179,0.03563638608430047,4905.2304879200365,15,512
1,346,103,0.02635761231573044,3816.2006594189675,15,512
1,347,156,0.03130255491199165,4866.815198577891,15,512
1,348,176,0.03415944869006335,5031.550759482742,15,512
1,349,596,0.11131836566752404,5228.528522762902,12,192
1,350,233,0.04109888345617655,5536.380635318798,14,384
1,351,39,0.017214202571587445,2212.4717855279555,15,512
1,352,105,0.025956092414836762,3950.481484700973,15,512
1,353,260,0.04413341797621489,5753.151730437904,14,384
1,354,436,0.08133598681798217,5234.844583035982,13,256
1,355,187,0.035940302804594156,5081.125456646307,15,512
1,356,500,0.09626355184194342,5072.3377712232805,12,192
1,357,640,0.11884489249629866,5258.955491246417,12,192
1,358,25,0.014972793510095946,1630.5616238905543,15,512
1,359,89,0.025045518477893724,3470.244090842606,15,512
1,360,133,0.029234434949884064,4442.802220143991,15,512
1,361,71,0.02121053381041465,3268.9388263276596,15,512
1,362,588,0.1101773066768416,5211.76971301565,12,192
1,363,88,0.024326323054234593,3532.6958294685833,15,512
1,364,356,0.06489960284652553,5356.8317023778545,13,256
1,365,190,0.03612199505004308,5136.672953499525,15,512
1,366,592,0.11032903048537347,5240.007978468035,12,192
1,367,336,0.059782402371503,5488.655306304823,13,256
1,368,30,0.01583015876159786,1850.7000113650686,15,512
1,369,135,0.029797865308772445,4424.3416813213025,15,512
1,370,107,0.025754070873524174,4057.307600540176,15,512
1,371,253,0.04381035952829179,5639.540856551229,14,384
1,372,203,0.037339886269178744,5309.126708927176,15,512
1,373,48,0.018299245590065898,2561.5810099541486,15,512
1,374,360,0.06453630827780711,5447.514885522141,13,256
1,375,60,0.019611209483680524,2987.7682989801733,15,512
1,376,31,0.01593896712726808,1899.3349605576877,15,512
1,377,191,0.03652804932497211,5106.307096789993,15,512
1,378,412,0.07574430116195377,5311.868270323373,13,256
1,379,664,0.12521668744931627,5178.52303242303,11,128
1,380,564,0.10663705970207667,5165.007845666191,12,192
1,381,62,0.019767355310929643,3062.9729697084363,15,512
1,382,672,0.13104054656333985,5007.991932350454,11,128
1,383,408,0.07533826576690403,5288.647089817044,13,256
2,0,576,0.10880466575193525,5169.815063652223,12,192
2,1,176,0.03381672471661196,5082.544257030575,15,512
2,2,190,0.0367677636408228,5046.455281114502,15,512
2,3,404,0.07549415543644573,5225.984021135697,13,256
2,4,192,0.03550672372708562,5280.689974134934,15,512
2,5,604,0.11335198783882947,5203.647163547538,12,192
2,6,212,0.03812380329619681,5430.498326504932,15,512
2,7,162,0.033411114734441597,4735.044797440341,15,512
2,8,452,0.08444590814140647,5227.0886738627505,13,256
2,9,548,0.1024457235831231,5223.802724823173,12,192
2,10,91,0.026284808711244462,3380.933392982359,15,512
2,11,648,0.12213628975889095,5181.19963566303,12,192
2,12,181,0.03559964071111711,4965.1572029714835,15,512
2,13,174,0.03455941625168122,4916.803969214433,15,512
2,14,238,0.04110335163575525,5654.572334140736,14,384
2,15,48,0.01835664963959515,2553.5705545575697,15,512
2,16,2,0.0089160390625,219.05747454771202,15,512
2,17,206,0.038406143607614414,5238.012882921044,15,512
2,18,115,0.026699548732453074,4206.239162517927,15,512
2,19,188,0.03574799063799977,5135.778171678316,15,512
2,20,280,0.04854207180046005,5633.00019669553,14,384
2,21,130,0.028910639062271943,4391.225137796155,15,512
2,22,480,0.10782104846145459,4347.481374822426,13,256
2,23,444,0.08250111975991839,5255.610484582215,13,256
2,24,239,0.041729096024510796,5593.182209432638,14,384
2,25,54,0.02126964450293055,2479.325641419828,15,512
2,26,472,0.09993857007537199,4612.208276067675,13,256
2,27,131,0.02907329308408607,4400.247578765861,15,512
2,28,252,0.042486540018811365,5792.275621668401,14,384
2,29,98,0.026589531572608738,3599.27833774209,15,512
2,30,200,0.036255152507323626,5387.165312862673,15,512
2,31,42,0.01768392588370528,2319.3732698118542,15,512
2,32,660,0.12420943551869758,5189.068344996842,11,128
2,33,316,0.05814388538298271,5307.415353606862,13,256
2,34,364,0.06525126340151101,5447.691454074872,13,256
2,35,105,0.026995762836331944,3798.3391364662216,15,512
2,36,92,0.025338642132287415,3545.7207821534303,15,512
2,37,332,0.05910137860016052,5485.80689112926,13,256
2,38,96,0.026543543783538324,3531.9323133537855,15,512
2,39,109,0.026033236772790687,4088.8235845975973,15,512
2,40,15,0.013434138393845647,1090.389057381651,15,512
2,41,60,0.01958961316739397,2991.0621255924884,15,512
2,42,213,0.03822892413624449,5441.110813338053,15,512
2,43,724,0.13391960672394237,5279.5200590564145,11,128
2,44,219,0.03877379956099213,5515.765540686351,15,512
2,45,588,0.11238244196159808,5109.5058976936525,12,192
2,46,304,0.055171154799918944,5380.982164985174,14,384
2,47,712,0.13349385255078214,5208.573179319232,11,128
2,48,3,0.010765491031322082,272.1369133536134,15,512
2,49,234,0.041231033142764315,5542.321100923044,14,384
2,50,40,0.016271926167914487,2400.6070084698827,15,512
2,51,356,0.06459320204818615,5382.242077744504,13,256
2,52,264,0.04595761145811762,5609.788929847917,14,384
2,53,245,0.04255695130443302,5622.061852797178,14,384
2,54,4,0.008841820064481476,441.7925236560534,15,512
2,55,59,0.020857367288731964,2762.438168844409,15,512
2,56,123,0.02796513029723287,4295.24862653279,15,512
2,57,86,0.023940195235236952,3508.0906473304603,15,512
2,58,324,0.05869918837604485,5390.30025377873,13,256
2,59,37,0.017078033237973425,2115.7478731015585,15,512
2,60,114,0.026652869262832432,4176.96586067931,15,512
2,61,207,0.038129903936897094,5301.572168514891,15,512
2,62,620,0.11834724782252,5116.035743458893,12,192
2,63,172,0.033659814698587386,4990.186413802487,15,512
2,64,250,0.04294645925360691,5684.767248408157,14,384
2,65,18,0.013701299667946183,1282.9531085378378,15,512
2,66,16,0.013072757685540656,1195.2336588692601,15,512
2,67,157,0.03194393606070392,4799.668776215971,15,512
2,68,124,0.027283927863467047,4438.281416296498,15,512
2,69,235,0.04079827813044574,5625.045909198342,14,384
2,70,7,0.011539232640234393,592.4083267170479,15,512
2,71,276,0.04895127351476291,5506.1131334757565,14,384
2,72,177,0.03511392622206572,4922.592859791893,15,512
2,73,78,0.022171250176689455,3435.614789105851,15,512
2,74,35,0.016541076339500516,2066.352080026257,15,512
2,75,169,0.034206502483431406,4824.786239982878,15,512
2,76,344,0.062068156603859496,5412.396925915968,13,256
2,77,186,0.03559000459648125,5103.697711181489,15,512
2,78,396,0.07462476457601137,5182.177152546935,13,256
2,79,308,0.05973577728415913,5035.194378892963,14,384
2,80,676,0.12852095560072735,5136.565059871558,11,128
2,81,61,0.019851452729997162,3000.8036847592725,15,512
2,82,151,0.03111096717479118,4739.837777190216,15,512
2,83,79,0.022538447701954734,3422.97031810709,15,512
2,84,253,0.043673648823668205,5657.194192716602,14,384
2,85,165,0.033410658207891436,4822.7967104802865,15,512
2,86,182,0.03538272359752009,5023.196547041876,15,512
2,87,150,0.030840721748048985,4749.70644969639,15,512
2,88,217,0.03870094495779482,5475.681865936404,15,512
2,89,652,0.12652757131760667,5032.252997267472,11,128
2,90,237,0.04136505421647244,5595.18939075471,14,384
2,91,636,0.11941450844134825,5201.158201853312,12,192
2,92,99,0.02637520703743746,3665.551795016094,15,512
2,93,195,0.0371905745735839,5120.374978967395,15,512
2,94,572,0.10700723778124606,5220.1492308579,12,192
2,95,231,0.03957069651141458,5700.833126223274,14,384
2,96,740,0.14013116333776846,5156.998862973316,11,128
2,97,63,0.019656921594561692,3129.8612656124724,15,512
2,98,179,0.035319029071791644,4949.3061415896,15,512
2,99,17,0.013667919967506973,1214.6370873891005,15,512
2,100,312,0.06027959497641208,5054.571121773907,13,256
2,101,146,0.03032541097854714,4701.605696320584,15,512
2,102,184,0.0350479602964725,5126.903205779001,15,512
2,103,708,0.13283633302135703,5204.9483320865065,11,128
2,104,320,0.057222214018701624,5461.1658314700535,13,256
2,105,224,0.03903983562684257,5603.25105082139,15,512
2,106,568,0.10780778712233943,5145.152449614284,12,192
2,107,145,0.030240753453783065,4682.4746849118565,15,512
2,108,76,0.02134776557486339,3476.6519118699357,15,512
2,109,166,0.03375828164065295,4802.062401327383,15,512
2,110,127,0.028284870263573184,4384.7978210359415,15,512
2,111,6,0.011218524650103482,522.2946138417543,15,512
2,112,167,0.03472265564115268,4696.816372153097,15,512
2,113,251,0.04346913874912351,5638.878398641897,14,384
2,114,692,0.12959320826939977,5214.634771562863,11,128
2,115,57,0.01987338783991389,2800.934744915701,15,512
2,116,31,0.016015389490395982,1890.2716988652821,15,512
2,117,360,0.06433722714333683,5464.371338490457,13,256
2,118,62,0.019627887855621976,3084.7371579340706,15,512
2,119,65,0.020002924209932046,3173.364145852335,15,512
2,120,156,0.0317272110989785,4801.674799740117,15,512
2,121,129,0.028420790455042203,4432.549569628532,15,512
2,122,214,0.038356398650100564,5448.487927827189,15,512
2,123,400,0.0730489232836099,5347.443636963847,13,256
2,124,352,0.0689054785719341,4988.717981853084,13,256
2,125,616,0.11682054253931456,5149.458193943512,12,192
2,126,73,0.021209364893810468,3361.206846924695,15,512
2,127,1,0.009108564164742821,107.21365984114722,15,512
2,128,22,0.014126590686891566,1520.8464289926596,15,512
2,129,164,0.032463234271159845,4933.465614123418,15,512
2,130,75,0.021437614859883367,3416.526884110581,15,512
2,131,135,0.029822487729278237,4420.688800236139,15,512
2,132,187,0.03608775176630258,5060.364765380626,15,512
2,133,672,0.13111304427894463,5005.222810659632,11,128
2,134,420,0.0773563229624934,5302.168385108821,13,256
2,135,191,0.03744097156598406,4981.800142960516,15,512
2,136,268,0.04685126094244519,5586.162351564251,14,384
2,137,108,0.025438066276729846,4146.099347829767,15,512
2,138,716,0.1325940512050739,5273.379489088598,11,128
2,139,173,0.03458295002500501,4885.2198085427935,15,512
2,140,196,0.03598578570539217,5318.940416279958,15,512
2,141,328,0.057726560955376344,5548.788888491162,13,256
2,142,209,0.03817988027866189,5345.788436483626,15,512
2,143,232,0.039365769207116284,5755.317489364428,14,384
2,144,68,0.020015718317795833,3317.7050628734455,15,512
2,145,260,0.043775622463088956,5800.17451982757,14,384
2,146,74,0.021430910139986124,3372.0278106698643,15,512
2,147,584,0.11005365121833242,5182.1315666172,12,192
2,148,592,0.11030576522949076,5241.113180233263,12,192
2,149,668,0.1250649811837869,5216.038445177235,11,128
2,150,140,0.029524387167445026,4630.705769593501,15,512
2,151,696,0.12999329172430124,5228.635193280037,11,128
2,152,133,0.029357838921254115,4424.127158963635,15,512
2,153,228,0.03896780424754716,5713.851583362313,14,384
2,154,412,0.07566288253858039,5317.584217001587,13,256
2,155,121,0.027249447409088377,4336.3838072029785,15,512
2,156,255,0.043739558449634154,5693.323077020748,14,384
2,157,9,0.011974317267631976,733.992786691722,15,512
2,158,161,0.03276180463307944,4799.0812551653235,15,512
2,159,52,0.02016286616138139,2518.5531458450596,15,512
2,160,13,0.012809642940001219,991.0746583228956,15,512
2,161,244,0.04090632365662303,5825.046806948161,14,384
2,162,688,0.12927264288571547,5197.3486810660825,11,128
2,163,39,0.016892850631465027,2254.559537101466,15,512
2,164,292,0.05104114623944541,5586.791657504485,14,384
2,165,416,0.07952768902880812,5108.2837306241845,13,256
2,166,87,0.024255936041556368,3502.6864085740112,15,512
2,167,85,0.023617838978621252,3514.6235256806626,15,512
2,168,229,0.03966821439804932,5637.582026152331,14,384
2,169,112,0.025597559936731143,4272.868205811003,15,512
2,170,141,0.03077043928499327,4474.921895806471,15,512
2,171,132,0.028366581601449226,4544.299761287214,15,512
2,172,496,0.09401260992125102,5152.23436947164,12,192
2,173,728,0.13600335260696805,5227.352755446526,11,128
2,174,66,0.02016108559395794,3196.907463123707,15,512
2,175,242,0.041166374724957724,5740.804882114688,14,384
2,176,680,0.1290316124823886,5146.510124335905,11,128
2,177,210,0.03836085225743501,5346.026298470786,15,512
2,178,77,0.022242054500601148,3380.77188408866,15,512
2,179,71,0.021187993619173583,3272.4163857240383,15,512
2,180,24,0.014345422433833126,1633.796432841431,15,512
2,181,612,0.11614868581534746,5145.613536688229,12,192
2,182,348,0.06408538560463195,5302.983617772549,13,256
2,183,100,0.02602023098738167,3753.0892806969205,15,512
2,184,25,0.015025286368214541,1624.8650376239805,15,512
2,185,336,0.05966836180163534,5499.145444797632,13,256
2,186,89,0.02495190305696434,3483.2638737645852,15,512
2,187,12,0.01198197054516127,978.0319485706324,15,512
2,188,700,0.1327321831322442,5150.1733330108755,11,128
2,189,198,0.03697850164476374,5228.967275567809,15,512
2,190,230,0.039559591388887004,5677.747598350998,14,384
2,191,155,0.03193395543083134,4740.007476614037,15,512
2,192,560,0.10575985232772847,5170.913044633842,12,192
2,193,720,0.1341206879449863,5242.479820029019,11,128
2,194,38,0.016634647132282583,2230.8483435144503,15,512
2,195,126,0.028181885441642282,4366.16901501497,15,512
2,196,104,0.025618436964554705,3964.4299978379004,15,512
2,197,240,0.039941162238297426,5868.0065092164605,14,384
2,198,118,0.026958079891521,4274.576507811454,15,512
2,199,158,0.032422980668887075,4758.8738548045485,15,512
2,200,564,0.10724720078997445,5135.623549547108,12,192
2,201,656,0.12543897555644565,5107.064986446166,11,128
2,202,5,0.011270804543949393,433.2266149199867,15,512
2,203,520,0.09771445436279705,5196.9025801912485,12,192
2,204,556,0.10480768188574979,5180.619781209233,12,192
2,205,428,0.0789720742975216,5292.614556701815,13,256
2,206,147,0.030444383182843947,4715.309442724926,15,512
2,207,26,0.014984853279106489,1694.4193264409448,15,512
2,208,628,0.11955294096047751,5129.7880677209105,12,192
2,209,107,0.02583647779549983,4044.366586152867,15,512
2,210,143,0.0301495203451418,4631.8626598815035,15,512
2,211,484,0.09906476130111305,4771.184463497914,12,192
2,212,93,0.026106064966522107,3478.8970538633894,15,512
2,213,159,0.03250648075215873,4776.691721378926,15,512
2,214,201,0.037089446271739074,5292.315799536909,15,512
2,215,684,0.1294795943077513,5158.872744166546,11,128
2,216,202,0.03730925813164691,5287.310305231531,15,512
2,217,50,0.019296435842959318,2530.421959649916,15,512
2,218,110,0.02609062789701127,4117.259094876186,15,512
2,219,29,0.01570097801600409,1803.7291989793855,15,512
2,220,11,0.012472360355159228,861.2794366189446,15,512
2,221,197,0.036778763239974026,5230.812445887342,15,512
2,222,748,0.1367099446000883,5343.201272861375,11,128
2,223,23,0.014723889440250713,1525.475832397825,15,512
2,224,111,0.026433324398741794,4100.824998960769,15,512
2,225,288,0.053326154050371645,5274.147461193855,14,384
2,226,704,0.1324589613893285,5190.286808751833,11,128
2,227,84,0.023106689475175014,3550.108296046969,15,512
2,228,744,0.13944546010648992,5210.370416112135,11,128
2,229,226,0.03967527691486777,5562.736851807442,14,384
2,230,392,0.07208632302510369,5310.473387117935,13,256
2,231,70,0.020820281887465007,3283.306891303726,15,512
2,232,185,0.035932647162760144,5027.852851521513,15,512
2,233,125,0.02800747361801931,4358.49067162784,15,512
2,234,88,0.024305492560789677,3535.7234495480607,15,512
2,235,119,0.027082464278031904,4291.003075162003,15,512
2,236,116,0.02636809734651088,4296.148050097736,15,512
2,237,254,0.043742632671513404,5670.597763575763,14,384
2,238,464,0.09323144162075622,4860.216597778322,13,256
2,239,368,0.06610792138164907,5436.186654928755,13,256
2,240,376,0.06853425882092377,5357.7219089716955,13,256
2,241,552,0.105519970419397,5108.630128092871,12,192
2,242,380,0.06860550828238869,5409.0955564753285,13,256
2,243,241,0.04118362331332471,5714.688110597919,14,384
2,244,408,0.07498142124105142,5313.816321500456,13,256
2,245,246,0.04220692813424363,5691.823253185094,14,384
2,246,51,0.020013544108482547,2488.54911604041,15,512
2,247,227,0.03968504333557921,5585.97569430535,14,384
2,248,440,0.08187997251644226,5247.77288993001,13,256
2,249,53,0.02096619838061492,2468.6312492327943,15,512
2,250,81,0.022781090503232924,3472.2465322182225,15,512
2,251,436,0.0812352603531399,5241.335451490835,13,256
2,252,136,0.02895752240346073,4586.459371404216,15,512
2,253,544,0.10710182489388001,4960.2329421219465,12,192
2,254,221,0.0390714007443009,5523.741365517344,15,512
2,255,138,0.030243796208411677,4455.975832905453,15,512
2,256,67,0.020302669121329244,3222.713580613002,15,512
2,257,194,0.03673507650810074,5157.281350924156,15,512
2,258,101,0.026257013979771,3756.43675918324,15,512
2,259,204,0.036721210586209585,5425.168365086943,15,512
2,260,756,0.13854223922830652,5328.925345167632,11,128
2,261,532,0.10059880203387762,5164.388039382843,12,192
2,262,97,0.026887103362320343,3523.122637031628,15,512
2,263,41,0.017374584725698767,2304.4615530164688,15,512
2,264,8,0.012290752953701975,635.6404712899932,15,512
2,265,460,0.08945319496076883,5021.830133591229,13,256
2,266,536,0.10152222179327682,5155.890905006415,12,192
2,267,205,0.037346665548150235,5360.460152510606,15,512
2,268,223,0.03930786715697212,5540.199793347807,15,512
2,269,608,0.11957561793505252,4965.477162095832,12,192
2,270,82,0.023017881482425243,3478.952876751136,15,512
2,271,468,0.09612681799715883,4754.461445020558,13,256
2,272,144,0.029517934206932817,4764.05289794879,15,512
2,273,203,0.03737524315237588,5304.104288814456,15,512
2,274,516,0.09754783744889703,5165.734712099429,12,192
2,275,44,0.017389860818268505,2470.908217670161,15,512
2,276,47,0.01843793974304372,2489.3474075549357,15,512
2,277,28,0.014954254660506084,1828.4930022098895,15,512
2,278,175,0.03477494401033407,4914.41301671727,15,512
2,279,760,0.13849937021219255,5358.778880098206,11,128
2,280,134,0.02932170510393764,4462.884219595632,15,512
2,281,208,0.03686294825231867,5510.2754833838735,15,512
2,282,180,0.03435609119524729,5116.450791826895,15,512
2,283,216,0.037796279199813924,5580.906493066611,15,512
2,284,102,0.025997819718734907,3831.4511015790345,15,512
2,285,106,0.0257656098586385,4017.5887769756814,15,512
2,286,46,0.018049162512894647,2488.86201605792,15,512
2,287,249,0.043033678965445674,5650.552505521339,14,384
2,288,171,0.03394841973389111,4918.997373338404,15,512
2,289,580,0.1086869474691569,5211.3548424086,12,192
2,290,56,0.019822231576047494,2758.8972407164542,15,512
2,291,296,0.05135665858622019,5628.530125547539,14,384
2,292,34,0.01616115566783326,2054.501898406104,15,512
2,293,36,0.01620094081935568,2170.0128648083155,15,512
2,294,233,0.04021838522234572,5657.588220960624,14,384
2,295,432,0.07959072915594431,5300.554530332404,13,256
2,296,215,0.03819876482800086,5496.5373473566415,15,512
2,297,764,0.13865000452863877,5381.1303687760865,11,128
2,298,160,0.03349840852641779,4664.400694641265,15,512
2,299,72,0.02059253086192799,3414.4661708384565,15,512
2,300,30,0.015739899928447758,1861.3126597488608,15,512
2,301,117,0.026741498293131345,4272.678039485452,15,512
2,302,218,0.03857964277932635,5518.211410554624,15,512
2,303,222,0.03937270838935281,5506.272844024779,15,512
2,304,512,0.09610717799353072,5202.525039634986,12,192
2,305,732,0.13814339021780409,5174.650403996457,11,128
2,306,211,0.03773850169456273,5460.065403966153,15,512
2,307,340,0.06160757962097165,5389.454545086109,13,256
2,308,163,0.03325977545286654,4785.9519594646235,15,512
2,309,752,0.13869065979040138,5295.057368029229,11,128
2,310,220,0.03851854697433246,5577.670158304909,15,512
2,311,640,0.12277518454408744,5090.605258064737,12,192
2,312,45,0.01807324748034774,2431.511688631758,15,512
2,313,148,0.029917036668620174,4831.068384242684,15,512
2,314,508,0.09706257742140596,5111.071261235565,12,192
2,315,43,0.017827578648229078,2355.4621930764188,15,512
2,316,488,0.09930184874446968,4799.130187659681,12,192
2,317,243,0.04185299709308074,5669.956848543874,14,384
2,318,500,0.09410627399502758,5188.615267307257,12,192
2,319,236,0.03984768693588612,5783.742237556176,14,384
2,320,189,0.03589667513894339,5141.710528498624,15,512
2,321,372,0.06752763215676204,5379.742164757986,13,256
2,322,178,0.034857562199431855,4986.81244561713,15,512
2,323,596,0.11180803524584014,5205.629888050955,12,192
2,324,424,0.07779772982858846,5322.295405178312,13,256
2,325,94,0.02649425612048604,3464.784011392579,15,512
2,326,142,0.030174670959014233,4595.638348081931,15,512
2,327,128,0.028350676150059144,4409.065919217564,15,512
2,328,139,0.030173867159366,4498.667233572197,15,512
2,329,103,0.02620594319841118,3838.2872441736176,15,512
2,330,69,0.0208662007299166,3229.2803741406988,15,512
2,331,64,0.01963341043760177,3183.3491281932575,15,512
2,332,624,0.11778529513545458,5173.608465294509,12,192
2,333,456,0.08521080827370875,5226.009575799299,13,256
2,334,80,0.022113657546342157,3532.884591175318,15,512
2,335,524,0.09889015016418508,5174.6179892578275,12,192
2,336,32,0.01685371965696106,1854.190091923884,15,512
2,337,193,0.03660347781154315,5149.143572378324,15,512
2,338,55,0.020424186272345612,2629.7712321946806,15,512
2,339,149,0.030817896534660254,4721.536148203702,15,512
2,340,300,0.052972351042075524,5530.5974576680055,14,384
2,341,152,0.030567964983522728,4855.982401184159,15,512
2,342,137,0.029758353304289706,4495.848985055034,15,512
2,343,492,0.09429936648641413,5095.142925156575,12,192
2,344,528,0.09796907854270775,5263.140244554032,12,192
2,345,644,0.11996214453185378,5242.539239809983,12,192
2,346,10,0.012172971757692198,802.2383682792185,15,512
2,347,83,0.02325914076804627,3484.853043726966,15,512
2,348,19,0.014065751568180946,1319.1394295612165,15,512
2,349,284,0.04936564393293919,5618.153191250942,14,384
2,350,504,0.09639740577003979,5105.816863724888,12,192
2,351,21,0.014506134842060016,1413.7337563234512,15,512
2,352,272,0.04701359331219444,5649.961666110339,14,384
2,353,49,0.019020883308680722,2515.7381875194815,15,512
2,354,183,0.03547713588976913,5037.355271724077,15,512
2,355,600,0.11314614034521421,5178.5902569215095,12,192
2,356,90,0.025168556727964465,3492.0804537967742,15,512
2,357,540,0.1021952709176932,5160.1580509994055,12,192
2,358,95,0.02680839228836916,3460.611755530369,15,512
2,359,388,0.07084613181297206,5348.29835170509,13,256
2,360,33,0.016216798950993514,1987.2332756536798,15,512
2,361,14,0.013049089325666936,1047.7263706907174,15,512
2,362,248,0.041764616074873355,5798.868103224492,14,384
2,363,736,0.1396552407954118,5146.602418257501,11,128
2,364,168,0.03279201186478127,5003.123952153837,15,512
2,365,27,0.015622120960384267,1687.810993581721,15,512
2,366,256,0.042841735150894296,5835.431247578248,14,384
2,367,384,0.0690842831769681,5428.152146261548,13,256
2,368,20,0.013559113037478612,1440.45188988497,15,512
2,369,199,0.03710535835353668,5237.4089922103385,15,512
2,370,153,0.031366021201310046,4763.564417081995,15,512
2,371,154,0.03155620204907888,4765.8024487896155,15,512
2,372,170,0.03415814533119166,4860.206061843824,15,512
2,373,113,0.026306344775332502,4194.864905879163,15,512
2,374,58,0.019763491364129467,2865.9220153177057,15,512
2,375,225,0.03967885247096232,5537.623918453785,14,384
2,376,632,0.11932809274789802,5172.189429893254,12,192
2,377,664,0.12436396941586216,5214.0302617045145,11,128
2,378,120,0.02666001789924126,4395.627206361896,15,512
2,379,768,0.14227930635358602,5271.321734842692,11,128
2,380,247,0.04280871374186182,5634.622403151638,14,384
2,381,476,0.09862209172694572,4713.383602601023,13,256
2,382,448,0.08458187611155338,5172.502906213499,13,256
2,383,122,0.02740874734638301,4346.8102899537425,15,512
3,0,472,0.09947637267188604,4633.637994826785,13,256
3,1,130,0.028337463305948548,4480.045501227,15,512
3,2,170,0.033893430572561084,4898.165284407662,15,512
3,3,480,0.10806579733426391,4337.635140469885,13,256
3,4,162,0.03407659884831918,4642.57379981463,15,512
3,5,17,0.013826435019094007,1200.711714702568,15,512
3,6,167,0.034601152114238136,4713.309457487436,15,512
3,7,40,0.016691767596219518,2340.2254898904284,15,512
3,8,376,0.068805469673531,5336.6033506091235,13,256
3,9,161,0.03343957102607301,4701.811586560414,15,512
3,10,348,0.06412244393041312,5299.918860996702,13,256
3,11,203,0.03759402027460741,5273.237234324235,15,512
3,12,716,0.13240938261539192,5280.734160894119,11,128
3,13,620,0.1169243254821294,5178.295855061736,12,192
3,14,32,0.01693055547206489,1845.7752346969319,15,512
3,15,107,0.026043284994584526,4012.25066352913,15,512
3,16,240,0.03976251053968169,5894.371276333304,14,384
3,17,624,0.12008671065341307,5074.4582534094125,12,192
3,18,66,0.020499758537824916,3144.0919111839776,15,512
3,19,163,0.033351074223275115,4772.8503865974835,15,512
3,20,584,0.10971475723615032,5198.138467120316,12,192
3,21,214,0.03905823368865816,5350.584377825704,15,512
3,22,178,0.03514757054316052,4945.665441841635,15,512
3,23,127,0.028084393179344556,4416.0981762360625,15,512
3,24,141,0.03123768340737824,4407.987324292966,15,512
3,25,219,0.0394909396224129,5415.601389707645,15,512
3,26,205,0.03792736317696828,5278.387310129969,15,512
3,27,332,0.05984740453155886,5417.423738552142,13,256
3,28,182,0.03555830990393542,4998.392091192422,15,512
3,29,104,0.025617570391112912,3964.5641038321664,15,512
3,30,173,0.034493680667130086,4897.862716662543,15,512
3,31,580,0.10924221989809774,5184.865801229136,12,192
3,32,464,0.09286526678919929,4879.380802604885,13,256
3,33,191,0.03639879090991956,5124.440478300828,15,512
3,34,243,0.0428071102332597,5543.581106197217,14,384
3,35,428,0.07883766084723162,5301.638144869908,13,256
3,36,688,0.12973273973528004,5178.916296464273,11,128
3,37,296,0.051284229390932086,5636.479351118242,14,384
3,38,13,0.012896610207028637,984.3914250491242,15,512
3,39,600,0.11268738070595984,5199.672725812242,12,192
3,40,201,0.03715743609303305,5282.632041902478,15,512
3,41,38,0.016538747020719387,2243.783942853118,15,512
3,42,220,0.0384089951548026,5593.5790336117725,15,512
3,43,696,0.13110594298074027,5184.26155631898,11,128
3,44,628,0.12367751101135879,4958.71274401435,12,192
3,45,91,0.025638874369448728,3466.1111178068763,15,512
3,46,80,0.02214885717545495,3527.2700248650763,15,512
3,47,49,0.01911696348257385,2503.094309073682,15,512
3,48,7,0.01156178784407002,591.2526325680778,15,512
3,49,99,0.02639021920963623,3663.4666325430894,15,512
3,50,126,0.028205625657189752,4362.494081695179,15,512
3,51,604,0.11495515463905413,5131.077000000922,12,192
3,52,752,0.1368596908547844,5365.89696654519,11,128
3,53,207,0.03738315613789404,5407.473803291023,15,512
3,54,102,0.02616593157456124,3806.8346512394446,15,512
3,55,184,0.03474221821397251,5172.021512654418,15,512
3,56,21,0.01427009276233622,1437.1183734787842,15,512
3,57,684,0.1282307742745585,5209.114222220895,11,128
3,58,264,0.04587428273551407,5619.978877629659,14,384
3,59,45,0.01811515641443968,2425.8864508048614,15,512
3,60,188,0.03534551786724916,5194.258312738327,15,512
3,61,210,0.03805985158595601,5388.30595639194,15,512
3,62,129,0.028474100951358557,4424.250750364408,15,512
3,63,11,0.01244211649927299,863.3730041530861,15,512
3,64,364,0.06560724400744268,5418.132637299542,13,256
3,65,76,0.02111814077250971,3514.4547429389895,15,512
3,66,484,0.1006310638097711,4696.92192555462,12,192
3,67,47,0.018427119718964744,2490.8091009341215,15,512
3,68,87,0.02418673823292581,3512.7075292997242,15,512
3,69,520,0.09767733588133366,5198.877461368641,12,192
3,70,164,0.03277311803005221,4886.817600117887,15,512
3,71,616,0.11645810917117956,5165.484003486393,12,192
3,72,67,0.020352767663952283,3214.7808386711704,15,512
3,73,117,0.02704582863822653,4224.600178768721,15,512
3,74,151,0.030890142137223017,4773.721559613922,15,512
3,75,732,0.13744909470307762,5200.789074269501,11,128
3,76,668,0.12684300847961474,5142.92240320711,11,128
3,77,392,0.07232230588668391,5293.145666563765,13,256
3,78,227,0.03955070943444994,5604.948448962837,14,384
3,79,61,0.01977872274938601,3011.8381886843144,15,512
3,80,652,0.12483177200544271,5100.614529226092,11,128
3,81,2,0.01003324905988146,194.66525632356579,15,512
3,82,77,0.022204814855776966,3386.4417689768147,15,512
3,83,237,0.04091973582676439,5656.080319771235,14,384
3,84,388,0.07066773146262359,5361.8001053338585,13,256
3,85,448,0.08423034589704688,5194.090031812855,13,256
3,86,588,0.11156663704012959,5146.867963703686,12,192
3,87,110,0.026049690049015837,4123.729487678047,15,512
3,88,284,0.04905180943913962,5654.0982518516585,14,384
3,89,157,0.03213828556339311,4770.643791734753,15,512
3,90,229,0.039694022046664994,5633.916669797112,14,384
3,91,25,0.014920890183150532,1636.233642920961,15,512
3,92,360,0.06431302136263962,5466.427988473075,13,256
3,93,111,0.026201110398057472,4137.169602859143,15,512
3,94,250,0.04305672360578722,5670.209076641988,14,384
3,95,217,0.038503516822362825,5503.758617106903,15,512
3,96,34,0.01618082198202407,2052.004838622333,15,512
3,97,424,0.07770391607290679,5328.72113693086,13,256
3,98,404,0.07493487820326591,5264.988206557264,13,256
3,99,172,0.03348287369346018,5016.55716703932,15,512
3,100,198,0.03680927793657266,5253.006465738998,15,512
3,101,95,0.02676482146038805,3466.2453339098392,15,512
3,102,664,0.12612342544400337,5141.293123916104,11,128
3,103,158,0.032716631677719626,4716.1601634277595,15,512
3,104,249,0.042834555553813033,5676.820019633753,14,384
3,105,108,0.025629103263726954,4115.1947032524795,15,512
3,106,181,0.0354307816835353,4988.820570733821,15,512
3,107,18,0.013681824415149604,1284.7793149966244,15,512
3,108,304,0.05485270025981276,5412.222162151282,14,384
3,109,179,0.03522690868460156,4962.2488610932505,15,512
3,110,255,0.04390968828021444,5671.264070717832,14,384
3,111,195,0.03688638317627309,5162.6012393238,15,512
3,112,468,0.09762265013879037,4681.6107670733945,13,256
3,113,328,0.058925913390399445,5435.851250668728,13,256
3,114,764,0.14029359608493014,5318.088428985269,11,128
3,115,420,0.07762543394177246,5283.786887525317,13,256
3,116,139,0.030330298082047968,4475.464999809668,15,512
3,117,756,0.1394341870435967,5294.83669431201,11,128
3,118,41,0.017331170307449045,2310.234207484013,15,512
3,119,380,0.06838688373846112,5426.387776627041,13,256
3,120,247,0.042660631245948294,5654.18116083102,14,384
3,121,168,0.03265695617068066,5023.814808169261,15,512
3,122,676,0.1276500361780381,5171.610363503982,11,128
3,123,30,0.015710307573958728,1864.818677933604,15,512
3,124,504,0.09558716992108074,5149.095850482474,12,192
3,125,146,0.030203349129610056,4720.606459507584,15,512
3,126,216,0.03778860882834773,5582.039311321824,15,512
3,127,215,0.03835413694847855,5474.270944540934,15,512
3,128,106,0.025776762091125473,4015.8505802262407,15,512
3,129,119,0.027026536129321835,4299.882787195935,15,512
3,130,408,0.07430781435510163,5361.986534766718,13,256
3,131,39,0.016852511973372026,2259.956115751649,15,512
3,132,79,0.022595592108504144,3414.313602827172,15,512
3,133,692,0.1294851452521341,5218.986692906862,11,128
3,134,239,0.041001970616329944,5692.37122000775,14,384
3,135,512,0.09569754772204489,5224.794280541631,12,192
3,136,142,0.03001190494839769,4620.562248162244,15,512
3,137,276,0.04857121422945928,5549.197282297395,14,384
3,138,352,0.0676981495025965,5077.686798319587,13,256
3,139,500,0.09533849433509523,5121.554031300218,12,192
3,140,209,0.037752468981008626,5406.310315827907,15,512
3,141,96,0.026990908130959862,3473.3918379153856,15,512
3,142,183,0.035471507537785885,5038.154561365312,15,512
3,143,260,0.0443362946687009,5726.826111593049,14,384
3,144,28,0.015015428056465096,1821.0436557102864,15,512
3,145,225,0.0394397499306246,5571.195630968856,14,384
3,146,177,0.03473064634876471,4976.917525928738,15,512
3,147,116,0.02637572559614195,4294.905540591837,15,512
3,148,175,0.03482569303600154,4907.251589317444,15,512
3,149,194,0.03649783967696635,5190.803803096411,15,512
3,150,720,0.13559332859709194,5185.542734844255,11,128
3,151,10,0.012151993691875689,803.6232775967359,15,512
3,152,24,0.014295907030982945,1639.4552615098046,15,512
3,153,452,0.08505836203346229,5189.451565342266,13,256
3,154,160,0.03351086004003427,4662.6675595115585,15,512
3,155,124,0.027017847757114234,4481.990981983902,15,512
3,156,241,0.04202677426578977,5600.038704173844,14,384
3,157,78,0.022172360964362908,3435.4426721822356,15,512
3,158,115,0.026524787332204387,4233.952419428003,15,512
3,159,192,0.03547422973141564,5285.5270267912765,15,512
3,160,31,0.01598996822186735,1893.276902114105,15,512
3,161,145,0.030222447222753343,4685.310936481461,15,512
3,162,52,0.020133917523631854,2522.1743329581213,15,512
3,163,137,0.02975158152303766,4496.872288836228,15,512
3,164,272,0.046888484585399605,5665.036998928982,14,384
3,165,246,0.04222685695606681,5689.137016518704,14,384
3,166,84,0.023250602213535716,3528.1344219223784,15,512
3,167,97,0.027149986583723393,3489.0095509951093,15,512
3,168,35,0.01674970751298937,2040.6139912290237,15,512
3,169,159,0.03238984290276785,4793.8928869189185,15,512
3,170,180,0.034535024601809794,5089.941357412215,15,512
3,171,564,0.10828619653609906,5086.347730538191,12,192
3,172,636,0.12024624715975345,5165.181988381262,12,192
3,173,128,0.02846222887359309,4391.785357188715,15,512
3,174,176,0.033791602460913006,5086.322857840467,15,512
3,175,356,0.06487503863233694,5358.860007317373,13,256
3,176,336,0.05981157715265797,5485.978060109028,13,256
3,177,492,0.09498408497025027,5058.413208386294,12,192
3,178,256,0.04302835543452087,5810.122127034155,14,384
3,179,169,0.03354719318290443,4919.608671884464,15,512
3,180,213,0.03826609998212099,5435.82472729615,15,512
3,181,58,0.019802608614346462,2860.2607920536984,15,512
3,182,208,0.03695721048902847,5496.221097647561,15,512
3,183,308,0.05968448093587004,5039.521920667859,14,384
3,184,5,0.012612573486161974,387.13847775453854,15,512
3,185,460,0.090661814159671,4954.883753030231,13,256
3,186,51,0.019864384025198346,2507.235433871084,15,512
3,187,231,0.0398195938455471,5665.199358260822,14,384
3,188,245,0.04266667079759791,5607.604437547773,14,384
3,189,136,0.029188333174447422,4550.191311241751,15,512
3,190,456,0.08617751163052402,5167.386381602954,13,256
3,191,140,0.029202806758681244,4681.698958931645,15,512
3,192,54,0.02085207488302522,2528.9749483361384,15,512
3,193,189,0.03599242204641163,5128.032569244706,15,512
3,194,19,0.013945056416823583,1330.5566464123638,15,512
3,195,648,0.12429250535431635,5091.316634064647,12,192
3,196,234,0.04056815129879405,5632.882388870231,14,384
3,197,199,0.037015213513173086,5250.163893579572,15,512
3,198,235,0.04054243028727351,5660.543432494694,14,384
3,199,202,0.037435656102700055,5269.458199392215,15,512
3,200,206,0.03757518760171183,5353.848851864019,15,512
3,201,148,0.030050386308765185,4809.63034933906,15,512
3,202,149,0.03052011540799806,4767.603613381764,15,512
3,203,476,0.10477508799310345,4436.586586599642,13,256
3,204,222,0.03898841484725095,5560.546019872008,15,512
3,205,230,0.03942973905801456,5696.445889979724,14,384
3,206,248,0.041700098632350906,5807.839979834271,14,384
3,207,171,0.033856876098237856,4932.297563882198,15,512
3,208,242,0.04147038289247464,5698.720593266693,14,384
3,209,152,0.03059297864444454,4852.012016389753,15,512
3,210,71,0.021408015267308813,3238.784008430697,15,512
3,211,56,0.019824650310533955,2758.5606375584566,15,512
3,212,42,0.017408399895932587,2356.0824225771125,15,512
3,213,400,0.07355904435119338,5310.359908090115,13,256
3,214,320,0.056513386433381683,5529.663319121335,13,256
3,215,416,0.07917216804683405,5131.222372989509,13,256
3,216,62,0.01980675503659265,3056.880083998649,15,512
3,217,123,0.029038018727811556,4136.549005836825,15,512
3,218,122,0.027860915866599046,4276.2637657160185,15,512
3,219,708,0.12976723882585356,5328.04933090902,11,128
3,220,154,0.031353352814462256,4796.636132982557,15,512
3,221,576,0.1078180843967898,5217.121071543987,12,192
3,222,73,0.021281331802741,3349.8402807111015,15,512
3,223,223,0.039823134719961975,5468.515701523557,15,512
3,224,165,0.033585208379211966,4797.731509676605,15,512
3,225,204,0.03659450996944175,5443.951843223413,15,512
3,226,120,0.026820801817885393,4369.276533778113,15,512
3,227,444,0.08287709220788637,5231.76837469619,13,256
3,228,516,0.09726833496183569,5180.578553109943,12,192
3,229,134,0.029577811449655052,4424.241300704016,15,512
3,230,196,0.036066314079053606,5307.064358738113,15,512
3,231,132,0.02850295329525554,4522.557668487535,15,512
3,232,59,0.020094792454897762,2867.2695987938305,15,512
3,233,232,0.039013941526495906,5807.218935982986,14,384
3,234,712,0.1330387378463229,5226.3912846435505,11,128
3,235,568,0.10727772811438352,5170.574636037887,12,192
3,236,174,0.034427274059923324,4935.676135851996,15,512
3,237,82,0.0230066720427767,3480.6479116627283,15,512
3,238,6,0.011203293434816087,523.0046891203459,15,512
3,239,253,0.04358548689112859,5668.637202955942,14,384
3,240,53,0.020980212101202485,2466.982328411899,15,512
3,241,233,0.04070288906267326,5590.243536512635,14,384
3,242,212,0.03754894775508964,5513.636529852892,15,512
3,243,15,0.01326458401497992,1104.3269418367943,15,512
3,244,344,0.06237241925217641,5385.99438706681,13,256
3,245,368,0.06574910941965842,5465.853502382954,13,256
3,246,100,0.026008352867640982,3754.803331721239,15,512
3,247,23,0.014797187974589503,1517.91931943901,15,512
3,248,544,0.107878035583503,4924.542768382039,12,192
3,249,185,0.03623934152022636,4985.30202043449,15,512
3,250,560,0.10530674499887153,5193.162128464423,12,192
3,251,1,0.008899735843479601,109.72938041924911,15,512
3,252,608,0.12340518459350676,4811.386182483305,12,192
3,253,700,0.13058980303718154,5234.664071017605,11,128
3,254,197,0.03711178644566441,5183.873667242315,15,512
3,255,103,0.025981719792502495,3871.4118350635868,15,512
3,256,9,0.011994625965343269,732.7500270033197,15,512
3,257,166,0.033304893860318145,4867.4340677947275,15,512
3,258,186,0.03599054231304663,5046.898805249594,15,512
3,259,81,0.0228538903535529,3461.185875852544,15,512
3,260,488,0.0985363597292523,4836.412683698156,12,192
3,261,524,0.09933208534117789,5151.595763266113,12,192
3,262,43,0.017920830645248548,2343.205420064255,15,512
3,263,156,0.03130516709723474,4866.40909875408,15,512
3,264,94,0.026540588801530627,3458.7354367475814,15,512
3,265,396,0.0745798959600656,5185.294844163789,13,256
3,266,114,0.02673375969444027,4164.327287760896,15,512
3,267,226,0.03976457393104708,5550.2449336614445,14,384
3,268,552,0.1042980030977504,5168.483422398593,12,192
3,269,292,0.050821653231267125,5610.920382742737,14,384
3,270,412,0.0760826468456649,5288.2459625275915,13,256
3,271,125,0.02824869069509359,4321.273287232457,15,512
3,272,131,0.02881331073585869,4439.95098906802,15,512
3,273,65,0.02010462726644994,3157.3110835995444,15,512
3,274,150,0.030843615313247055,4749.260860385789,15,512
3,275,218,0.03873869292738927,5495.555190750402,15,512
3,276,640,0.12015116286880331,5201.780699221833,12,192
3,277,4,0.01023818497005832,381.5373536836724,15,512
3,278,109,0.026139800287867703,4072.154772712804,15,512
3,279,280,0.048660311841554324,5619.312529076175,14,384
3,280,36,0.01615829410625103,2175.740196881265,15,512
3,281,69,0.020811607328813347,3237.751483361381,15,512
3,282,68,0.020014334562937917,3317.93444299515,15,512
3,283,432,0.07923993867912822,5324.019768722029,13,256
3,284,316,0.058167558805340205,5305.255306187421,13,256
3,285,228,0.03914364165698613,5688.1843531863005,14,384
3,286,244,0.041314046210604076,5767.560233275828,14,384
3,287,224,0.0389485627527364,5616.381826172298,15,512
3,288,63,0.01984408269641956,3100.34172106633,15,512
3,289,138,0.03036689447274378,4437.9126459888985,15,512
3,290,143,0.030138711886286276,4633.523755988485,15,512
3,291,251,0.04358721664683818,5623.602660524111,14,384
3,292,187,0.035855205374279865,5093.18481357793,15,512
3,293,105,0.025887212237727865,3960.9928469068677,15,512
3,294,29,0.0157684816353616,1796.0075773237606,15,512
3,295,147,0.03098916525995185,4632.4154360336925,15,512
3,296,572,0.10872415761596246,5137.7151338626645,12,192
3,297,536,0.10072751826513279,5196.569011282688,12,192
3,298,268,0.04683459828322748,5588.14977801843,14,384
3,299,760,0.138960600917999,5340.992303552046,11,128
3,300,300,0.05319109965371627,5507.8528533397475,14,384
3,301,37,0.01722482202244463,2097.7176108361236,15,512
3,302,644,0.12177295996800905,5164.580463226153,12,192
3,303,312,0.060050859612054884,5073.824121225995,13,256
3,304,740,0.13778562157694957,5244.787095556381,11,128
3,305,340,0.06133650616328972,5413.272955522902,13,256
3,306,60,0.019546599523362844,2997.6441646520925,15,512
3,307,98,0.02670683437433267,3583.469446756224,15,512
3,308,252,0.0427893829013729,5751.28065219431,14,384
3,309,89,0.02489273615008735,3491.543154435235,15,512
3,310,133,0.02932862078371032,4428.534620084809,15,512
3,311,33,0.016265429209574876,1981.2918604711258,15,512
3,312,93,0.025836963371149584,3515.1310622444507,15,512
3,313,238,0.04092686838779455,5678.955760742109,14,384
3,314,22,0.014266095644186317,1505.974412049821,15,512
3,315,508,0.09612945958247926,5160.683854405222,12,192
3,316,372,0.06680566638268497,5437.880791713158,13,256
3,317,83,0.023310772209101386,3477.1343811747797,15,512
3,318,540,0.10090718264475171,5226.02788204421,12,192
3,319,236,0.040001801586468266,5761.459255824181,14,384
3,320,27,0.015466190949428279,1704.827490247344,15,512
3,321,12,0.012201560252790372,960.4304496484408,15,512
3,322,596,0.11226890568563185,5184.260472171755,12,192
3,323,44,0.017429746099295543,2465.253925972947,15,512
3,324,532,0.09984111181319213,5203.580374506143,12,192
3,325,26,0.01518726765081969,1671.8362765292816,15,512
3,326,155,0.03163921973062906,4784.1630984807625,15,512
3,327,436,0.08150565884391357,5223.94709814428,13,256
3,328,88,0.024373318261678323,3525.8842918864193,15,512
3,329,612,0.11833941495149206,5050.356639374822,12,192
3,330,121,0.02739636426111258,4313.129339856474,15,512
3,331,48,0.018360093832025692,2553.091527137812,15,512
3,332,324,0.05815515411367179,5440.72584489318,13,256
3,333,153,0.031286285081472326,4775.704821167237,15,512
3,334,660,0.12420872851783261,5189.097881373649,11,128
3,335,86,0.02390571528403046,3513.150474778029,15,512
3,336,736,0.14074392156799906,5106.792478087538,11,128
3,337,92,0.025317586460060094,3548.6696230595885,15,512
3,338,254,0.04350025678954256,5702.193350261564,14,384
3,339,112,0.02578686011534847,4241.5012727702915,15,512
3,340,200,0.03642286480329702,5362.359634663339,15,512
3,341,193,0.036600173950518074,5149.608380408589,15,512
3,342,70,0.020785094590226698,3288.8652348083647,15,512
3,343,85,0.023789931276635697,3489.199339618215,15,512
3,344,20,0.013635285704152234,1432.4048959276533,15,512
3,345,744,0.13952103175450303,5207.5482159452295,11,128
3,346,548,0.10362230928226666,5164.488744814951,12,192
3,347,144,0.0295298377521731,4762.132497312871,15,512
3,348,57,0.01997359169565615,2786.8829676790583,15,512
3,349,211,0.03780524263201944,5450.426267744157,15,512
3,350,440,0.08156973140224336,5267.732191995211,13,256
3,351,16,0.012992410107729988,1202.6252150633486,15,512
3,352,221,0.03934464271422571,5485.379904643703,15,512
3,353,50,0.019270549835952937,2533.8210593712115,15,512
3,354,135,0.030126133546377724,4376.1320149844305,15,512
3,355,118,0.02687418749837897,4287.920332733812,15,512
3,356,90,0.025384123337571243,3462.4250690553645,15,512
3,357,680,0.12607715284909532,5267.112121375646,11,128
3,358,592,0.11240773614682645,5143.1068698408435,12,192
3,359,632,0.12011503353759077,5138.30352307105,12,192
3,360,14,0.01303858487178179,1048.5704648507356,15,512
3,361,72,0.020743244594711434,3389.657759612324,15,512
3,362,496,0.09517146433211383,5089.498237724989,12,192
3,363,64,0.019765619203339982,3162.056263303848,15,512
3,364,768,0.14304880392928926,5242.965892750379,11,128
3,365,556,0.10464098115888877,5188.87288695761,12,192
3,366,101,0.026252359288393787,3757.102796608674,15,512
3,367,528,0.10004716592083383,5153.819153738029,12,192
3,368,656,0.12486661716033484,5130.474538101775,11,128
3,369,74,0.02152455406303227,3357.357592095898,15,512
3,370,75,0.021676959647411526,3378.8035172518275,15,512
3,371,8,0.011407137320981618,684.8782284430071,15,512
3,372,3,0.01301393883960782,225.1191999676162,15,512
3,373,384,0.06877647803375801,5452.445526738608,13,256
3,374,728,0.13555592005956377,5244.606799080493,11,128
3,375,288,0.05389827645840969,5218.163148816549,14,384
3,376,748,0.13747407485116164,5313.501842371756,11,128
3,377,55,0.02047884482882571,2622.7523060479125,15,512
3,378,724,0.1331884788258524,5308.5015778614215,11,128
3,379,46,0.01801570506550135,2493.4841482291936,15,512
3,380,672,0.13218315222936947,4964.702300798886,11,128
3,381,704,0.13409132709128466,5127.10266139714,11,128
3,382,190,0.0367925956461334,5043.049334832658,15,512
3,383,113,0.02641201569040481,4178.081816757723,15,512
4,0,73,0.021455263556362108,3322.68407296543,15,512
4,1,31,0.01601656066483522,1890.1334770620342,15,512
4,2,218,0.03937593245365794,5406.617995664073,15,512
4,3,66,0.020175747042640843,3194.584312728556,15,512
4,4,63,0.01977946982361409,3110.4694943111717,15,512
4,5,32,0.016852439824856114,1854.330905481623,15,512
4,6,376,0.06793378705589777,5405.079208934255,13,256
4,7,87,0.024261283899080083,3501.9143196795726,15,512
4,8,106,0.025898570323961437,3996.962909733555,15,512
4,9,242,0.04220985399594237,5598.885156596803,14,384
4,10,624,0.1159823660567527,5254.031459418749,12,192
4,11,253,0.04387597726059121,5631.106767892213,14,384
4,12,155,0.031802287216051356,4759.632112988447,15,512
4,13,158,0.03282857640291572,4700.078160754357,15,512
4,14,181,0.03580702277530841,4936.400705782431,15,512
4,15,55,0.02051875887492042,2617.6504060218563,15,512
4,16,72,0.020669754958010517,3401.7094127548207,15,512
4,17,468,0.09575757571341983,4772.794701567929,13,256
4,18,27,0.015631836180550047,1686.7620153803457,15,512
4,19,4,0.008809062007095839,443.43540740812745,15,512
4,20,372,0.0669717821847811,5424.392753916489,13,256
4,21,42,0.017458306609165017,2349.3472716573892,15,512
4,22,113,0.026355115141757757,4187.1022724221,15,512
4,23,6,0.011521350973422334,508.5666614545911,15,512
4,24,216,0.0380851605885322,5538.574519323814,15,512
4,25,532,0.09980768102350766,5205.323324540874,12,192
4,26,256,0.043223021015368464,5783.954802953489,14,384
4,27,198,0.037184957004708696,5199.935419463174,15,512
4,28,684,0.12974106689851606,5148.475852464569,11,128
4,29,159,0.032853108149678165,4726.293682551344,15,512
4,30,552,0.10373106266161736,5196.731684495355,12,192
4,31,51,0.01982416744840843,2512.321772382857,15,512
4,32,324,0.05760314020416735,5492.864605619354,13,256
4,33,77,0.022214808318443757,3384.9183581552397,15,512
4,34,744,0.13819802941869563,5257.40130344948,11,128
4,35,336,0.05996433343568394,5472.002792325502,13,256
4,36,608,0.12189416693340747,4871.028818994875,12,192
4,37,296,0.051295916537365836,5635.195148320164,14,384
4,38,284,0.04935524489484613,5619.33692337856,14,384
4,39,225,0.039783463464163345,5523.06268402016,14,384
4,40,38,0.01675537272838834,2214.7746637188334,15,512
4,41,48,0.0183115784152658,2559.8557883421868,15,512
4,42,612,0.11561243110799845,5169.480861808918,12,192
4,43,520,0.09819190626844626,5171.632971578069,12,192
4,44,250,0.04302420270548599,5674.495043434466,14,384
4,45,436,0.08142108935441522,5229.373045435816,13,256
4,46,86,0.023852504595449634,3520.9876876419,15,512
4,47,232,0.03890834421522043,5822.979737887991,14,384
4,48,238,0.04130726085842917,5626.659095033457,14,384
4,49,644,0.12139925948579504,5180.478469669648,12,192
4,50,25,0.015031812903432291,1624.1595512691229,15,512
4,51,392,0.07224941874454795,5298.485533198668,13,256
4,52,760,0.13918210724613359,5332.492190878347,11,128
4,53,720,0.1348498153907585,5214.133945697537,11,128
4,54,176,0.03383848809468907,5079.275395491907,15,512
4,55,768,0.1421326735947553,5276.75995273528,11,128
4,56,65,0.020186236395147893,3144.5466731608117,15,512
4,57,142,0.03062212411105237,4528.486479158038,15,512
4,58,464,0.09339313418509683,4851.802051122375,13,256
4,59,169,0.033312338063870954,4954.292376102951,15,512
4,60,668,0.12603267075515961,5175.989258113011,11,128
4,61,80,0.02216186313931943,3525.2000027647105,15,512
4,62,260,0.04423477121982193,5739.96977938981,14,384
4,63,8,0.011139813904307981,701.3133313635299,15,512
4,64,130,0.028436818783448527,4464.3926582214,15,512
4,65,103,0.026137572373063463,3848.327459961837,15,512
4,66,171,0.03405809215962881,4903.157426355969,15,512
4,67,194,0.03656588551864098,5181.1441816011375,15,512
4,68,191,0.036236637241429365,5147.371602317106,15,512
4,69,134,0.029596888106361557,4421.3896585929615,15,512
4,70,46,0.017898440822586688,2509.8205729356864,15,512
4,71,116,0.02605289140455151,4348.12582760812,15,512
4,72,193,0.03657468931909146,5153.19654134746,15,512
4,73,560,0.10277962336515316,5320.850399082265,12,192
4,74,688,0.12861923875067333,5223.751955976202,11,128
4,75,150,0.03067027879415429,4776.101840584498,15,512
4,76,136,0.028964515991229508,4585.351954101901,15,512
4,77,90,0.02511604681804182,3499.381317320399,15,512
4,78,34,0.016322609550162664,2034.1799451834042,15,512
4,79,680,0.12950568075455113,5127.670818229055,11,128
4,80,254,0.043747646091233265,5669.947920916982,14,384
4,81,736,0.14157454807543476,5076.830615182543,11,128
4,82,52,0.020125601771411587,2523.2164770414347,15,512
4,83,62,0.019620107569680027,3085.9603998077073,15,512
4,84,58,0.01976370172514172,2865.891510999003,15,512
4,85,121,0.027647325385491816,4273.978073915521,15,512
4,86,178,0.03493374298436831,4975.937593569126,15,512
4,87,516,0.09701965226471569,5193.857514816735,12,192
4,88,69,0.02075835941971092,3246.056739725647,15,512
4,89,368,0.06578387146919407,5462.965191525582,13,256
4,90,117,0.026791100230035,4264.76746079684,15,512
4,91,195,0.03678102085601548,5177.389943728424,15,512
4,92,444,0.083104226717605,5217.469280754964,13,256
4,93,94,0.026546848672610927,3457.9198507546103,15,512
4,94,604,0.11353815169597249,5195.11495641974,12,192
4,95,126,0.028006372150927737,4393.531384104098,15,512
4,96,540,0.10243667781040876,5147.997389919412,12,192
4,97,177,0.03478773734472325,4968.749786373181,15,512
4,98,400,0.07341854745977033,5320.522041300842,13,256
4,99,416,0.08009645025200779,5072.01004191589,13,256
4,100,432,0.07990393269638402,5279.777675061688,13,256
4,101,660,0.1254449552712964,5137.960698428165,11,128
4,102,133,0.029274725672522768,4436.687603939117,15,512
4,103,364,0.06569088043007859,5411.234370322699,13,256
4,104,99,0.026225545138663483,3686.4700805577622,15,512
4,105,620,0.1173162975155112,5160.994361588566,12,192
4,106,11,0.012504288776874487,859.08024772002,15,512
4,107,716,0.13353581313227395,5236.1889563467785,11,128
4,108,114,0.02653362157787381,4195.738025179182,15,512
4,109,214,0.03800712469485795,5498.557880340626,15,512
4,110,137,0.029873289689881344,4478.55137110383,15,512
4,111,180,0.034566141688372236,5085.359297104639,15,512
4,112,36,0.016255828541157397,2162.6858274857836,15,512
4,113,45,0.018039515482476846,2436.058359920333,15,512
4,114,348,0.06379328828008192,5327.264970382612,13,256
4,115,628,0.11651518635052627,5263.5306109797075,12,192
4,116,84,0.02316914929183201,3540.537849135405,15,512
4,117,164,0.03269786568768786,4898.064342478037,15,512
4,118,209,0.03801834870620449,5368.501511658006,15,512
4,119,124,0.027332582465142558,4430.380852392259,15,512
4,120,244,0.04110303413448327,5797.169357872164,14,384
4,121,712,0.13199757246726118,5267.615812953344,11,128
4,122,524,0.09955451945035942,5140.085581500464,12,192
4,123,708,0.13257917831985333,5215.044011903217,11,128
4,124,13,0.012944286429378444,980.7657277412086,15,512
4,125,2,0.008829985815307268,221.19231455775954,15,512
4,126,128,0.028462701535892938,4391.71242555344,15,512
4,127,504,0.09503213089481194,5179.169354255423,12,192
4,128,584,0.1095120643719556,5207.759558462387,12,192
4,129,165,0.03349508365337337,4810.640694840358,15,512
4,130,21,0.014442479437574134,1419.9648051182992,15,512
4,131,138,0.03028428831753802,4450.017896638354,15,512
4,132,92,0.025585866926371215,3511.460067331099,15,512
4,133,68,0.019995306741057907,3321.091837198122,15,512
4,134,217,0.03870758999429417,5474.741840844082,15,512
4,135,82,0.02295948436121957,3487.801543803764,15,512
4,136,500,0.09570303965062246,5102.045366401528,12,192
4,137,576,0.1082977663304501,5194.012942830584,12,192
4,138,272,0.04685863090846306,5668.646199221879,14,384
4,139,154,0.03176822310188245,4733.995493474373,15,512
4,140,88,0.02435487719260171,3528.5540272034414,15,512
4,141,152,0.030607384909107697,4849.728274427985,15,512
4,142,632,0.12177484214431808,5068.267707286841,12,192
4,143,596,0.11357458993093644,5124.660809728015,12,192
4,144,211,0.037799415568422604,5451.266491859118,15,512
4,145,240,0.04018692681629784,5832.12050703387,14,384
4,146,328,0.05900272978709881,5428.774247493167,13,256
4,147,229,0.03965736059239836,5639.124973507858,14,384
4,148,43,0.017776668185429792,2362.207983069508,15,512
4,149,3,0.011099836423952385,263.93970037954927,15,512
4,150,104,0.026398607384754698,3847.2673395132483,15,512
4,151,71,0.021312398339479538,3253.314638529472,15,512
4,152,78,0.022128460917384202,3442.258152719473,15,512
4,153,440,0.08206734097341163,5235.791666982499,13,256
4,154,276,0.04822004760849322,5589.6097861281705,14,384
4,155,139,0.030396977682039708,4465.647503508361,15,512
4,156,129,0.028273704272611177,4455.60869157261,15,512
4,157,59,0.019687454898618853,2926.59400601558,15,512
4,158,472,0.09986387360855861,4615.658128852077,13,256
4,159,203,0.037420666658649564,5297.665840867041,15,512
4,160,592,0.11016534841662581,5247.793505936493,12,192
4,161,125,0.0279714833166927,4364.098647108622,15,512
4,162,26,0.015065134551099616,1685.389859206184,15,512
4,163,163,0.03285635325992172,4844.715609208155,15,512
4,164,145,0.030306227491293986,4672.358594967903,15,512
4,165,696,0.12969983728909013,5240.465325218822,11,128
4,166,616,0.1146630011545015,5246.352301466719,12,192
4,167,412,0.0755546905755566,5325.198831932825,13,256
4,168,428,0.07894382912005947,5294.5081922026375,13,256
4,169,50,0.019427111530130707,2513.40117774428,15,512
4,170,740,0.13972758682272032,5171.893871729651,11,128
4,171,210,0.038253105450851595,5361.084350746079,15,512
4,172,146,0.030435068233663543,4684.6658566809965,15,512
4,173,188,0.035293231706152436,5201.953494329489,15,512
4,174,248,0.0413753897804743,5853.419177075453,14,384
4,175,79,0.022471708818903327,3433.136221269577,15,512
4,176,147,0.03076378847552192,4666.352702763619,15,512
4,177,360,0.06410315418002151,5484.324515650254,13,256
4,178,144,0.02962677758326892,4746.550636658336,15,512
4,179,172,0.03358577974184161,5001.186552496272,15,512
4,180,344,0.061512528603799015,5461.285816484099,13,256
4,181,456,0.08656767646580407,5144.09671346449,13,256
4,182,223,0.03937529141916505,5530.713034773975,15,512
4,183,98,0.02708389722360624,3533.580275019854,15,512
4,184,53,0.021025025783262215,2461.7240917347085,15,512
4,185,568,0.10689171707185963,5189.246792874537,12,192
4,186,20,0.013700030248096465,1425.6355384845772,15,512
4,187,132,0.028540987780459725,4516.530786935631,15,512
4,188,312,0.05995344185800649,5082.068527802303,13,256
4,189,512,0.09588775089461897,5214.430366079835,12,192
4,190,22,0.014425862300578924,1489.2957212781528,15,512
4,191,39,0.016785704020854594,2268.9508556020023,15,512
4,192,245,0.042536839915201824,5624.719959850473,14,384
4,193,288,0.05298385938363238,5308.220338643035,14,384
4,194,292,0.05054762329049662,5641.338433682831,14,384
4,195,388,0.07088342102509833,5345.484804773139,13,256
4,196,300,0.05329725271167401,5496.882767764676,14,384
4,197,141,0.030577787153847215,4503.1156704443065,15,512
4,198,704,0.1324624693351942,5190.149356647519,11,128
4,199,352,0.06750739331884584,5092.034858706896,13,256
4,200,580,0.10998217669423131,5149.982179155294,12,192
4,201,255,0.04387398138489881,5675.879636164329,14,384
4,202,35,0.016502938370392052,2071.127379432128,15,512
4,203,101,0.026044820498946755,3787.041362177508,15,512
4,204,508,0.09554007648649072,5192.519916708955,12,192
4,205,187,0.03603639552277009,5067.576400214912,15,512
4,206,308,0.0598505954712184,5025.534794296958,14,384
4,207,648,0.12346930917490771,5125.261526356742,12,192
4,208,156,0.03147333265599166,4840.407327216995,15,512
4,209,12,0.011911215555989951,983.8416528451487,15,512
4,210,109,0.0261958781402007,4063.437458759856,15,512
4,211,16,0.013117482177130442,1191.1584699723296,15,512
4,212,85,0.023856236405238856,3479.501589855615,15,512
4,213,189,0.0363955674549406,5071.23052081841,15,512
4,214,170,0.034578919396833566,4801.064576216984,15,512
4,215,15,0.013249569998114516,1105.5783321333863,15,512
4,216,480,0.10647314351212765,4402.518649659365,13,256
4,217,9,0.0121018045778336,726.2604881340243,15,512
4,218,168,0.034091249782691124,4812.451906157401,15,512
4,219,476,0.10407162834561559,4466.57515971867,13,256
4,220,404,0.07463506222565863,5286.13815323336,13,256
4,221,207,0.037786473853607346,5349.756589703635,15,512
4,222,192,0.0355661523694127,5271.866297273476,15,512
4,223,149,0.030867856348207677,4713.894313184103,15,512
4,224,356,0.06515964206867371,5335.453648342553,13,256
4,225,33,0.016355266210780914,1970.4089242373318,15,512
4,226,120,0.026872321509506983,4360.899744316508,15,512
4,227,304,0.054593776521601696,5437.890890045541,14,384
4,228,111,0.026353330564164335,4113.272788654724,15,512
4,229,60,0.019525475177054642,3000.887275145879,15,512
4,230,208,0.03701533382444074,5487.590655359137,15,512
4,231,75,0.021556147199732242,3397.740181552934,15,512
4,232,151,0.030888733010551683,4773.93933411341,15,512
4,233,460,0.08892926230470298,5051.416579402383,13,256
4,234,175,0.03448597536294575,4955.592402458936,15,512
4,235,199,0.03740100006307926,5196.009122008491,15,512
4,236,161,0.03299793939621515,4764.738810267462,15,512
4,237,756,0.1373719407072799,5374.323505941963,11,128
4,238,19,0.014025399163101122,1322.9347189500893,15,512
4,239,239,0.04204059496305507,5551.739638915878,14,384
4,240,127,0.02842096063997146,4363.80174024,15,512
4,241,396,0.07443379481764309,5195.472714342059,13,256
4,242,384,0.06907766605104482,5428.672122808759,13,256
4,243,230,0.03989491485080102,5630.02517589006,14,384
4,244,54,0.020870089630667187,2526.79197517726,15,512
4,245,484,0.10151436682737398,4656.052781216237,12,192
4,246,202,0.03692988365415534,5341.6259538582035,15,512
4,247,162,0.033162449684600644,4770.550019815436,15,512
4,248,157,0.032247048473256254,4754.5533547715095,15,512
4,249,264,0.04600677182279081,5603.794610781298,14,384
4,250,183,0.03562202904350371,5016.865751295294,15,512
4,251,420,0.07772621884065199,5276.935583871244,13,256
4,252,247,0.042492048104474635,5676.613584427323,14,384
4,253,204,0.03659975232007133,5443.172080996524,15,512
4,254,185,0.03573647038070726,5055.453450644459,15,512
4,255,228,0.03916468973330093,5685.127381736411,14,384
4,256,227,0.03958834646639499,5599.619769120069,14,384
4,257,57,0.019973121674605528,2786.9485504998993,15,512
4,258,222,0.03930747518475965,5515.41084694386,15,512
4,259,186,0.03566279568074809,5093.280589274032,15,512
4,260,40,0.016501962436165654,2367.1427050634134,15,512
4,261,30,0.015759921377502654,1858.9480428386778,15,512
4,262,246,0.04224697830270314,5686.427400291225,14,384
4,263,588,0.11052911646992478,5195.1808567676935,12,192
4,264,636,0.12234642544078174,5076.517338061687,12,192
4,265,197,0.03699022683242756,5200.909239392585,15,512
4,266,61,0.01977051061749678,3013.089224275302,15,512
4,267,221,0.03917190865655094,5509.568461221947,15,512
4,268,424,0.0773509194779468,5353.039146716952,13,256
4,269,732,0.13798635774531728,5180.53930606237,11,128
4,270,201,0.0370354023283909,5300.038616011662,15,512
4,271,492,0.09604933405451072,5002.312142292631,12,192
4,272,107,0.025959850589629577,4025.145951407843,15,512
4,273,219,0.03890825055404698,5496.705311972834,15,512
4,274,548,0.10359958680541419,5165.621471108342,12,192
4,275,652,0.1256884036282403,5065.851197245526,11,128
4,276,108,0.025413027825782364,4150.184335492619,15,512
4,277,572,0.1080696964283152,5168.828713889527,12,192
4,278,600,0.1122509313189153,5219.8898763280395,12,192
4,279,28,0.01501033181521151,1821.6619283718812,15,512
4,280,74,0.021444664599609593,3369.8650153435187,15,512
4,281,448,0.08429015263615028,5190.404647723528,13,256
4,282,179,0.03539956877600706,4938.045675247837,15,512
4,283,672,0.13167303587410575,4983.936123622523,11,128
4,284,67,0.020362532035431317,3213.2392664208314,15,512
4,285,131,0.029028224651619475,4407.079283536647,15,512
4,286,536,0.1000234181589736,5233.149492732466,12,192
4,287,268,0.04687079264255069,5583.834521339074,14,384
4,288,564,0.1079931696928008,5100.148940592832,12,192
4,289,196,0.03630971424356131,5271.488745851022,15,512
4,290,93,0.02611458912569999,3477.7614942684113,15,512
4,291,160,0.03302584344332988,4731.143362564365,15,512
4,292,528,0.09880590992366504,5218.564359139639,12,192
4,293,252,0.04226421798978793,5822.7446692486365,14,384
4,294,724,0.13561543099704804,5213.501478422393,11,128
4,295,97,0.027023682118944382,3505.316636092087,15,512
4,296,231,0.03975388116280161,5674.563863995363,14,384
4,297,316,0.05755058425500832,5362.130619432325,13,256
4,298,95,0.02692369048912477,3445.792007506318,15,512
4,299,96,0.026669589944033605,3515.2396492310263,15,512
4,300,408,0.07424069656525631,5366.834073947302,13,256
4,301,100,0.026110395859151488,3740.1290477092575,15,512
4,302,123,0.027749134521273297,4328.682302070166,15,512
4,303,544,0.1076265855275348,4936.048072100985,12,192
4,304,320,0.05659415599201693,5521.771541995974,13,256
4,305,340,0.061871315067579966,5366.48121407042,13,256
4,306,215,0.03850685507205407,5452.559995022208,15,512
4,307,452,0.08556611075535983,5158.657394888671,13,256
4,308,233,0.041115173124078724,5534.187143352774,14,384
4,309,280,0.04827294861565279,5664.404347393362,14,384
4,310,332,0.05965068136169048,5435.289968175005,13,256
4,311,112,0.025751783999680318,4247.27855753053,15,512
4,312,676,0.12817228943608155,5150.538021162635,11,128
4,313,119,0.027154877265307426,4279.56040326019,15,512
4,314,692,0.12994212493844548,5200.632591779782,11,128
4,315,29,0.015738013514060945,1799.4845712070044,15,512
4,316,234,0.040277232907796785,5673.568130241748,14,384
4,317,728,0.13527792751965992,5255.384326439208,11,128
4,318,206,0.0377424196551308,5330.126601267128,15,512
4,319,174,0.03456547576607094,4915.942026951449,15,512
4,320,49,0.018990176943628218,2519.806036670746,15,512
4,321,235,0.040790966236933665,5626.054214234553,14,384
4,322,7,0.012040722315238127,567.734835255588,15,512
4,323,153,0.03242905453704772,4607.413464037499,15,512
4,324,212,0.037701437507808876,5491.335707215908,15,512
4,325,200,0.03640261658702805,5365.342338319684,15,512
4,326,140,0.02932854226530861,4661.627869644184,15,512
4,327,205,0.03770925884477415,5308.916659541921,15,512
4,328,488,0.09730215650239862,4897.758869180378,12,192
4,329,135,0.029830902594153615,4419.441788054974,15,512
4,330,44,0.017455828848147413,2461.570308336305,15,512
4,331,243,0.04196362590632959,5655.009126945012,14,384
4,332,143,0.030146580279519063,4632.314385418837,15,512
4,333,110,0.026258506697125664,4090.936176951705,15,512
4,334,640,0.12005790713651444,5205.821215001943,12,192
4,335,656,0.12247620145336115,5230.608007090664,11,128
4,336,224,0.03882423564548681,5634.367202936266,15,512
4,337,748,0.13663176968080368,5346.258426620002,11,128
4,338,496,0.09460054100392842,5120.213847190214,12,192
4,339,5,0.01106082247812678,441.45112261370775,15,512
4,340,102,0.025850977983568862,3853.2149562508894,15,512
4,341,220,0.03855627823545827,5572.21183766692,15,512
4,342,184,0.03479027755448249,5164.87687454073,15,512
4,343,91,0.02545663739742052,3490.924041248463,15,512
4,344,122,0.027766247484625143,4290.8435886401685,15,512
4,345,56,0.019884486000391135,2750.2596747496655,15,512
4,346,190,0.03635446726133551,5103.825993823236,15,512
4,347,18,0.013641544369554165,1288.572944807604,15,512
4,348,664,0.12574384636088362,5156.812987404494,11,128
4,349,213,0.038481015266783075,5405.465813672357,15,512
4,350,173,0.03442403898152964,4907.7713568314375,15,512
4,351,23,0.014746825326036552,1523.1032444890795,15,512
4,352,17,0.01376225437713956,1206.3112659490444,15,512
4,353,14,0.012958192645736694,1055.0757635555071,15,512
4,354,226,0.039659242747442945,5564.98585728115,14,384
4,355,118,0.026835697405504347,4294.070441275879,15,512
4,356,380,0.06863306357593948,5406.923874080034,13,256
4,357,166,0.03355784482754762,4830.74451989016,15,512
4,358,89,0.02490392261869756,3489.9748056053622,15,512
4,359,148,0.03016222320943204,4791.796977180501,15,512
4,360,182,0.03537923367057842,5023.692052092269,15,512
4,361,47,0.01855491580880296,2473.6537731000926,15,512
4,362,10,0.01194546025582379,817.5176837777303,15,512
4,363,1,0.008854651585704303,110.28807746389987,15,512
4,364,24,0.016441004823857037,1425.551555461535,15,512
4,365,105,0.02625380323257488,3905.6841247584584,15,512
4,366,251,0.042965820442244215,5704.934410120085,14,384
4,367,83,0.023288907295404768,3480.3989071652686,15,512
4,368,115,0.02685578699502578,4181.768626657675,15,512
4,369,556,0.10481190319411038,5180.4111313047,12,192
4,370,236,0.04036474343696898,5709.654772360571,14,384
4,371,64,0.019659100391718278,3179.189217952677,15,512
4,372,249,0.043085087706071765,5643.810316898394,14,384
4,373,81,0.02280118771701637,3469.186056521391,15,512
4,374,700,0.13130661167381072,5206.087806897112,11,128
4,375,37,0.016950531157544906,2131.6625517022107,15,512
4,376,241,0.041935116627703016,5612.278715937157,14,384
4,377,237,0.04077933194372318,5675.554293518152,14,384
4,378,752,0.13936020943258248,5269.617511268628,11,128
4,379,764,0.14006347247420367,5326.826022662065,11,128
4,380,76,0.021310857330832173,3482.6731204577873,15,512
4,381,70,0.020768364834834224,3291.5145483838305,15,512
4,382,167,0.033665564956083326,4844.295282516285,15,512
4,383,41,0.017148136220993204,2334.892957695491,15,512
5,0,239,0.04132520639729823,5647.846867505523,14,384
5,1,145,0.030256205714955693,4680.083280568327,15,512
5,2,17,0.013840394476715848,1199.5006737654303,15,512
5,3,214,0.03821893329553116,5468.084977254873,15,512
5,4,62,0.019660635539940845,3079.599073844699,15,512
5,5,137,0.030452000775978698,4393.440795047403,15,512
5,6,243,0.042114525240595564,5634.746827710984,14,384
5,7,87,0.024159478128362468,3516.67105756968,15,512
5,8,125,0.0278699352747754,4379.9998563499985,15,512
5,9,135,0.029956513416183404,4400.9106022591495,15,512
5,10,500,0.09648714278703482,5060.583575137343,12,192
5,11,700,0.1308682385283254,5223.526790666182,11,128
5,12,320,0.05655824014236691,5525.278000400706,13,256
5,13,360,0.06395120118335464,5497.3556945714645,13,256
5,14,246,0.04235627684788005,5671.753819694467,14,384
5,15,74,0.021338436021313214,3386.641126267164,15,512
5,16,740,0.14196859772500983,5090.254194098401,11,128
5,17,580,0.10979893634794162,5158.576839078991,12,192
5,18,233,0.04028283933269821,5648.535859668238,14,384
5,19,268,0.04684372819358709,5587.060639546391,14,384
5,20,14,0.013037714503725387,1048.640465021182,15,512
5,21,49,0.018968169995235623,2522.729525938413,15,512
5,22,66,0.020183022852800946,3193.4326919248056,15,512
5,23,29,0.015682471165654566,1805.8577759111693,15,512
5,24,93,0.02615348590314545,3472.5891927499097,15,512
5,25,368,0.0659756860381474,5447.082426580726,13,256
5,26,255,0.04418546249417162,5635.868076131329,14,384
5,27,228,0.03925464812309728,5672.098990717737,14,384
5,28,624,0.11674744977224481,5219.600095666252,12,192
5,29,252,0.04261951637323123,5774.203251038492,14,384
5,30,45,0.017981295217041164,2443.945887632851,15,512
5,31,34,0.016381256072668906,2026.8973790964249,15,512
5,32,188,0.03508630162879029,5232.633292115091,15,512
5,33,162,0.03278118635759034,4826.034154903877,15,512
5,34,380,0.06870567513787415,5401.209569010315,13,256
5,35,692,0.1289511124120841,5240.600390017823,11,128
5,36,636,0.1220521711020602,5088.756262112212,12,192
5,37,178,0.03487245200227361,4984.683181689283,15,512
5,38,552,0.10511780989394937,5128.174764522265,12,192
5,39,65,0.020226507333867993,3138.285886546144,15,512
5,40,752,0.138836488239787,5289.495645637821,11,128
5,41,202,0.037270947825806665,5292.74506036071,15,512
5,42,756,0.1384508176503871,5332.44413091363,11,128
5,43,504,0.0953917766688852,5159.642866370275,12,192
5,44,84,0.02329569284875547,3521.3054418504826,15,512
5,45,18,0.013724004379157495,1280.8306172428595,15,512
5,46,140,0.029350630678660356,4658.119666893653,15,512
5,47,73,0.021284213665902343,3349.3867153855085,15,512
5,48,190,0.036193049683089146,5126.588575007399,15,512
5,49,113,0.02636429778823305,4185.643910806237,15,512
5,50,20,0.01361291823372764,1434.7584893009189,15,512
5,51,680,0.12866204832241604,5161.292771710866,11,128
5,52,220,0.038335708963361616,5604.272251892654,15,512
5,53,78,0.022098709622822402,3446.8924339968535,15,512
5,54,428,0.07952785223314637,5255.627283566889,13,256
5,55,241,0.041502298036566396,5670.807970504163,14,384
5,56,400,0.07316642240606189,5338.856092103206,13,256
5,57,169,0.03408286485536212,4842.288440258128,15,512
5,58,180,0.034713539728084566,5063.766224272033,15,512
5,59,232,0.03925127727307934,5772.105157846389,14,384
5,60,161,0.03269909483591005,4808.2848558650085,15,512
5,61,127,0.02821483916980808,4395.681178743491,15,512
5,62,24,0.014271904436289517,1642.2125095235995,15,512
5,63,203,0.03717401764475251,5332.815769187754,15,512
5,64,174,0.03413829245048621,4977.456773693434,15,512
5,65,256,0.043111134267897866,5798.965957297003,14,384
5,66,612,0.1156160709071176,5169.318117376075,12,192
5,67,38,0.016697785383796914,2222.4129815448428,15,512
5,68,424,0.07786664383900006,5317.585034949379,13,256
5,69,46,0.017987140780310877,2497.443898875383,15,512
5,70,99,0.026173916959091825,3693.7416608719373,15,512
5,71,704,0.13533103497350907,5080.13553679374,11,128
5,72,97,0.02683731337127802,3529.658918890845,15,512
5,73,139,0.030371265747371604,4469.428064971162,15,512
5,74,128,0.028234585374375194,4427.194461776868,15,512
5,75,524,0.0991233904343837,5162.44196004111,12,192
5,76,728,0.13509115767387375,5262.650141146087,11,128
5,77,105,0.026027472865360432,3939.64727311147,15,512
5,78,175,0.034627617748206364,4935.32182152069,15,512
5,79,254,0.04346822230747301,5706.395657163924,14,384
5,80,149,0.030902400801112763,4708.624855281808,15,512
5,81,600,0.11321791108174895,5175.3074615280975,12,192
5,82,712,0.13331970591278702,5215.376790996288,11,128
5,83,1,0.01018801466251677,95.85405325268323,15,512
5,84,160,0.034081246867107645,4584.632733927331,15,512
5,85,70,0.020919826386861753,3267.6836669606223,15,512
5,86,436,0.08113180286212504,5248.019087207645,13,256
5,87,10,0.01215190383573736,803.629219915353,15,512
5,88,312,0.06007177896883102,5072.057216052996,13,256
5,89,36,0.01631713855691087,2154.5597518451,15,512
5,90,672,0.1311441698580639,5004.034877877172,11,128
5,91,488,0.10004454511895884,4763.5030918811135,12,192
5,92,81,0.02278425679250942,3471.7640000443434,15,512
5,93,608,0.12002476644396497,4946.895691542124,12,192
5,94,536,0.10027381461758735,5220.081653383042,12,192
5,95,152,0.03092888247767836,4799.31662927455,15,512
5,96,215,0.03853350418749153,5448.78909736312,15,512
5,97,102,0.026169884798031645,3806.2595906991564,15,512
5,98,51,0.019873047670007467,2506.142405886016,15,512
5,99,122,0.02739030261908977,4349.7374474776525,15,512
5,100,247,0.042821371955233195,5632.956780370547,14,384
5,101,189,0.03609849976460142,5112.963522129295,15,512
5,102,224,0.03887674411172915,5626.757204032498,15,512
5,103,33,0.016474104032340904,1956.1951555444155,15,512
5,104,588,0.11160286578637144,5145.197177097236,12,192
5,105,85,0.023628892237519523,3512.979434905318,15,512
5,106,432,0.07910756105931507,5332.9289179283,13,256
5,107,620,0.11683592844116186,5182.213708387757,12,192
5,108,98,0.026371700741125985,3629.0084564304743,15,512
5,109,91,0.025599893966209795,3471.388890020363,15,512
5,110,260,0.044304361742296586,5730.9537935990675,14,384
5,111,168,0.032949682331435484,4979.183057054149,15,512
5,112,163,0.03321463989214254,4792.455616466175,15,512
5,113,648,0.12383720511585906,5110.035384018527,12,192
5,114,96,0.026929270107632505,3481.3420350902356,15,512
5,115,308,0.05978346836951753,5031.177651669383,14,384
5,116,192,0.0355747134054306,5270.597625429569,15,512
5,117,170,0.033751889267498676,4918.7061406919365,15,512
5,118,452,0.0844550601095408,5226.522240674301,13,256
5,119,644,0.12238616327795562,5138.703862884143,12,192
5,120,760,0.13894519807305883,5341.584382137122,11,128
5,121,336,0.059346592155840074,5528.96110931469,13,256
5,122,124,0.0271820291311713,4454.919440180217,15,512
5,123,126,0.028148060103394466,4371.415811534429,15,512
5,124,656,0.12511492221666456,5120.292517071737,11,128
5,125,184,0.03467206902020583,5182.485645586468,15,512
5,126,448,0.08417853419200684,5197.286982950847,13,256
5,127,292,0.05202735588173739,5480.890680821536,14,384
5,128,133,0.029216582515598204,4445.516939931558,15,512
5,129,25,0.014960218530831884,1631.9322107283697,15,512
5,130,408,0.07507199281162408,5307.405399504812,13,256
5,131,724,0.13578866008376544,5206.850480473449,11,128
5,132,109,0.026161396852487487,4068.793157345455,15,512
5,133,200,0.03651366799085626,5349.024372158669,15,512
5,134,80,0.022062898360073507,3541.012550797959,15,512
5,135,196,0.03608804664193462,5303.868394405817,15,512
5,136,688,0.13043130545379877,5151.178987762189,11,128
5,137,154,0.03154678122711589,4767.225661384827,15,512
5,138,296,0.05169945810684119,5591.209474625992,14,384
5,139,564,0.10670124165949808,5161.9010372685,12,192
5,140,468,0.09708692085970187,4707.444071281709,13,256
5,141,68,0.020149384549132225,3295.6961954880117,15,512
5,142,8,0.011422513125462549,683.9563162842622,15,512
5,143,173,0.03557620347484417,4748.829161027841,15,512
5,144,172,0.033673411421686374,4988.171465508975,15,512
5,145,696,0.12992105207965013,5231.542456901496,11,128
5,146,304,0.05484086731305515,5413.389950696994,14,384
5,147,167,0.03356447764637094,4858.885015826641,15,512
5,148,440,0.08142074773736646,5277.371087109328,13,256
5,149,116,0.026033145306953984,4351.42387384671,15,512
5,150,736,0.14127063118992123,5087.7524503569875,11,128
5,151,221,0.03934453076322669,5485.395512753608,15,512
5,152,240,0.040049917353942734,5852.072001265362,14,384
5,153,556,0.10539362422193817,5151.817806897076,12,192
5,154,64,0.01950566871953574,3204.1967337117567,15,512
5,155,4,0.009046614615672495,431.7913568720781,15,512
5,156,156,0.03281343876528397,4642.724314562756,15,512
5,157,7,0.011532817643601753,592.7378470076203,15,512
5,158,251,0.04323145632087009,5669.880414869787,14,384
5,159,56,0.019779102876967172,2764.91306709789,15,512
5,160,210,0.03794196940448874,5405.0469234667125,15,512
5,161,332,0.05942964793010548,5455.505144188468,13,256
5,162,205,0.03764197171494014,5318.4066450095725,15,512
5,163,199,0.036992961541882544,5253.321967206586,15,512
5,164,237,0.04092667512427236,5655.1213065127995,14,384
5,165,92,0.025392013950501263,3538.267983592786,15,512
5,166,22,0.014356167924967108,1496.5257520174364,15,512
5,167,101,0.026092352154154036,3780.1426225307614,15,512
5,168,146,0.03032481342501121,4701.698341939504,15,512
5,169,164,0.03275423347258199,4889.635110345784,15,512
5,170,720,0.13463968964688644,5222.2713959312805,11,128
5,171,141,0.030906095866305227,4455.280055289017,15,512
5,172,43,0.017718393188528473,2369.9771786974034,15,512
5,173,30,0.015717545998416554,1863.959870259103,15,512
5,174,764,0.1401957588929884,5321.799716990685,11,128
5,175,21,0.014473390779772449,1416.9321351193714,15,512
5,176,107,0.02599915088157637,4019.061544584739,15,512
5,177,198,0.03682090342625548,5251.347930320562,15,512
5,178,134,0.029707598601277158,4404.912586720296,15,512
5,179,151,0.031178707306296998,4729.539812262136,15,512
5,180,324,0.05844443786733256,5413.795761338904,13,256
5,181,484,0.10127354811697212,4667.124424771576,12,192
5,182,86,0.023867429747996625,3518.7858888345295,15,512
5,183,88,0.02437003144394449,3526.359832471776,15,512
5,184,89,0.02491573390036677,3488.320386128405,15,512
5,185,77,0.022178019968523466,3390.533176844562,15,512
5,186,528,0.09994263938831771,5159.209354043449,12,192
5,187,19,0.014058472304658872,1319.8224599305229,15,512
5,188,47,0.018450512537697427,2487.6510832000986,15,512
5,189,131,0.02867950643612401,4460.665590076644,15,512
5,190,103,0.026060965751659098,3859.6396794541843,15,512
5,191,231,0.03976272848920575,5673.301256508064,14,384
5,192,218,0.03857627355220614,5518.693367618578,15,512
5,193,166,0.033322671873801606,4864.837237960229,15,512
5,194,179,0.03519877923971937,4966.214490266898,15,512
5,195,344,0.06160307125939191,5453.258954987305,13,256
5,196,26,0.015035280787354725,1688.7363368268145,15,512
5,197,245,0.04202264984971883,5693.544156678184,14,384
5,198,217,0.03866402398564087,5480.910693069637,15,512
5,199,416,0.07975015271459983,5094.034132496751,13,256
5,200,5,0.011428805642522202,427.2373380673242,15,512
5,201,592,0.11283942690009517,5123.430842234386,12,192
5,202,136,0.029108421542245088,4562.682995615171,15,512
5,203,456,0.08635293656827918,5156.888899173589,13,256
5,204,52,0.020151918764347205,2519.9213332401,15,512
5,205,234,0.04037220390273674,5660.221709732063,14,384
5,206,186,0.035823441749672204,5070.440363303787,15,512
5,207,412,0.07584245145217794,5304.994001330452,13,256
5,208,54,0.020787370297284995,2536.846856809375,15,512
5,209,15,0.01320963741585374,1108.9204827393266,15,512
5,210,480,0.10854529381625704,4318.473731283912,13,256
5,211,213,0.038220770605675775,5442.271550357253,15,512
5,212,376,0.0680134222477597,5398.750538715831,13,256
5,213,572,0.10719182231429665,5211.160123410812,12,192
5,214,37,0.016837501121253456,2145.9723886456445,15,512
5,215,176,0.03373734130306511,5094.503400728402,15,512
5,216,28,0.014933447016536544,1831.040748309544,15,512
5,217,616,0.11566974934994319,5200.689924381646,12,192
5,218,472,0.0981619493047891,4695.68405338821,13,256
5,219,508,0.0960381556610539,5165.5901405568075,12,192
5,220,111,0.02605457055461222,4160.438464061007,15,512
5,221,35,0.01678086586599467,2036.825022793544,15,512
5,222,95,0.0269933061727977,3436.9053166777962,15,512
5,223,744,0.13734366150494176,5290.105797666225,11,128
5,224,100,0.025960272027869595,3761.7575769299083,15,512
5,225,444,0.08303757461913282,5221.657207460091,13,256
5,226,544,0.1064054855394086,4992.693725392992,12,192
5,227,138,0.029832934516860636,4517.343908083689,15,512
5,228,94,0.026351420776255404,3483.564540197993,15,512
5,229,114,0.026417980938898116,4214.104221571274,15,512
5,230,288,0.05405340718972522,5203.18726649042,14,384
5,231,207,0.03775595022827883,5354.081575957604,15,512
5,232,201,0.03716228752797732,5281.9424087450325,15,512
5,233,50,0.019262364017796862,2534.8978430106904,15,512
5,234,31,0.016356753032771988,1850.821947323218,15,512
5,235,208,0.03682372432652641,5516.144923279161,15,512
5,236,108,0.025492124296276338,4137.307223761102,15,512
5,237,460,0.08909623351247042,5041.949948839585,13,256
5,238,223,0.03946394367138922,5518.288778064583,15,512
5,239,79,0.02241683897346812,3441.53953156868,15,512
5,240,44,0.01711985480062774,2509.8781794822494,15,512
5,241,3,0.011841572107550373,247.4069720972256,15,512
5,242,48,0.018033200021356045,2599.372265847863,15,512
5,243,119,0.02711541145407639,4285.789197660486,15,512
5,244,112,0.025508123282399434,4287.849748455174,15,512
5,245,57,0.020042401746955815,2777.314974661391,15,512
5,246,16,0.013152902114864522,1187.9507551676888,15,512
5,247,129,0.02861889761865749,4401.866353436068,15,512
5,248,236,0.04012675324696197,5743.518509498373,14,384
5,249,708,0.13208980759243127,5234.364881000989,11,128
5,250,104,0.02555017846063078,3975.021159108281,15,512
5,251,159,0.03307510546204936,4694.571198817854,15,512
5,252,328,0.0587162203413617,5455.2642887737275,13,256
5,253,82,0.022943610729034922,3490.214593758858,15,512
5,254,238,0.04115106197386067,5648.0164508909975,14,384
5,255,300,0.0530851436559578,5518.846325418577,14,384
5,256,596,0.11391879666668177,5109.176597984806,12,192
5,257,12,0.011864979209948423,987.675561215833,15,512
5,258,132,0.02845778051814754,4529.736601130802,15,512
5,259,250,0.04319464686264787,5652.1037381397855,14,384
5,260,352,0.06782166420186583,5068.439473511815,13,256
5,261,76,0.02116344333095743,3506.931685896048,15,512
5,262,348,0.06398507544381737,5311.297168015417,13,256
5,263,584,0.11081841942071534,5146.369195493066,12,192
5,264,191,0.036501592016889725,5110.00828165778,15,512
5,265,396,0.07443085251696702,5195.678094804098,13,256
5,266,41,0.01742424352201774,2297.89387696548,15,512
5,267,660,0.12601190776179805,5114.843997270209,11,128
5,268,117,0.026925761005359285,4243.438559721978,15,512
5,269,364,0.06550240125462228,5426.8048680874235,13,256
5,270,209,0.03806611050559827,5361.765617477083,15,512
5,271,532,0.10056681872317924,5166.030472039336,12,192
5,272,182,0.03514735862185551,5056.834481140222,15,512
5,273,242,0.042072998641220834,5617.0972507877905,14,384
5,274,158,0.0324773160894421,4750.912131257042,15,512
5,275,516,0.09785064498424603,5149.748885979535,12,192
5,276,264,0.045708630016730305,5640.34625202364,14,384
5,277,276,0.04861982893295991,5543.648670003482,14,384
5,278,640,0.12228348596349993,5111.074443744224,12,192
5,279,732,0.1381880044272866,5172.979760165398,11,128
5,280,676,0.12842696046889876,5140.324489419575,11,128
5,281,628,0.1206619667917118,5082.639263278824,12,192
5,282,316,0.05738797500866527,5377.32425570695,13,256
5,283,392,0.07200827272840324,5316.2294483006235,13,256
5,284,512,0.09533451995708013,5244.689963563056,12,192
5,285,230,0.03966744587916894,5662.309987998292,14,384
5,286,2,0.010307462981224131,189.48649183196423,15,512
5,287,143,0.03026939001959975,4613.520041519706,15,512
5,288,604,0.11354645945342923,5194.734849851684,12,192
5,289,496,0.09469178023585102,5115.280320990438,12,192
5,290,106,0.025699789141115915,4027.8783779743194,15,512
5,291,63,0.019879153649708933,3094.8720747425186,15,512
5,292,83,0.02337323728170297,3467.8417252646127,15,512
5,293,183,0.035433419854059706,5043.5701164623715,15,512
5,294,27,0.015653133752453908,1684.4670158054757,15,512
5,295,668,0.1259549817337023,5179.1818078240385,11,128
5,296,576,0.10970186190988013,5127.533755644847,12,192
5,297,216,0.037684501531097946,5597.460266946359,15,512
5,298,235,0.040696526306707295,5639.109976375965,14,384
5,299,181,0.03539546468862722,4993.798331366261,15,512
5,300,227,0.03973541317061123,5578.8947392638875,14,384
5,301,120,0.026832404944755892,4367.38712915493,15,512
5,302,284,0.049140278386487685,5643.918982686561,14,384
5,303,476,0.10288124828827941,4518.255345206155,13,256
5,304,684,0.13118554413011865,5091.786251520698,11,128
5,305,560,0.10444714413116062,5235.901896113654,12,192
5,306,222,0.039242833374590974,5524.495974349601,15,512
5,307,204,0.036719475144027555,5425.424770332074,15,512
5,308,155,0.03122910444612838,4846.9909779550435,15,512
5,309,150,0.03087312226058762,4744.721760357901,15,512
5,310,121,0.027362685790633088,4318.438014606389,15,512
5,311,32,0.016868331384962597,1852.5839507669414,15,512
5,312,71,0.021064757935085898,3291.561085756064,15,512
5,313,464,0.09369898387708016,4835.9649299338835,13,256
5,314,148,0.02994160704987257,4827.103961362525,15,512
5,315,153,0.03178021047755354,4701.481212829965,15,512
5,316,110,0.02622879518058764,4095.570317294051,15,512
5,317,61,0.019648648165515134,3031.776639196503,15,512
5,318,67,0.020411158250125086,3205.5842543672907,15,512
5,319,194,0.03669075621312878,5163.511046202133,15,512
5,320,195,0.036933338115292494,5156.037802636402,15,512
5,321,171,0.03450292413799967,4839.943038801275,15,512
5,322,165,0.03298480187621859,4885.062311566397,15,512
5,323,540,0.10114215647021212,5213.886755077351,12,192
5,324,548,0.10373004114501708,5159.125014245765,12,192
5,325,177,0.034974233105598565,4942.254544312809,15,512
5,326,632,0.119044655429687,5184.5040650694145,12,192
5,327,193,0.03652220176649082,5160.60241124147,15,512
5,328,272,0.047145410570808136,5634.16453020502,14,384
5,329,13,0.012988537097994494,977.4243553540938,15,512
5,330,225,0.039655744702123685,5540.850743076147,14,384
5,331,118,0.02701118680014632,4266.172229032742,15,512
5,332,652,0.12728342090113812,5002.369872621068,11,128
5,333,249,0.042803694137343855,5680.913000634046,14,384
5,334,40,0.016497912799850245,2367.7237523254807,15,512
5,335,72,0.020583915846510294,3415.8952321951156,15,512
5,336,420,0.07744124395150105,5296.354101141087,13,256
5,337,185,0.0359300573514541,5028.215255344936,15,512
5,338,123,0.027730503551192654,4331.590563375612,15,512
5,339,219,0.038857034992601465,5503.950250983411,15,512
5,340,115,0.026614496761909346,4219.681044682777,15,512
5,341,187,0.03577671245836424,5104.359091476722,15,512
5,342,39,0.016792321685612625,2268.0566876366706,15,512
5,343,384,0.06876387034031285,5453.445219766172,13,256
5,344,197,0.036670870477475186,5246.202503378526,15,512
5,345,55,0.020465774472230903,2624.427312676487,15,512
5,346,768,0.14244850676262574,5265.060456195513,11,128
5,347,748,0.13645547679674996,5353.165495057638,11,128
5,348,58,0.01973226065437513,2870.4579770205587,15,512
5,349,6,0.011719046805885236,499.9873366029613,15,512
5,350,244,0.04152431708105466,5738.354457097504,14,384
5,351,11,0.01260467070784714,852.2386462117065,15,512
5,352,69,0.02183968864109595,3085.337598321119,15,512
5,353,520,0.0987317621190242,5143.354976160725,12,192
5,354,147,0.030605520086923386,4690.4835171004215,15,512
5,355,372,0.0671815867617917,5407.452659433307,13,256
5,356,9,0.012092490531364132,726.8198786018418,15,512
5,357,248,0.04168325003188971,5810.187540911872,14,384
5,358,253,0.04418638000572645,5591.549080689123,14,384
5,359,90,0.02551553877883847,3444.5921664367456,15,512
5,360,59,0.019661434378022882,2930.4671466087552,15,512
5,361,568,0.1083913981268225,5117.449443275861,12,192
5,362,53,0.020977201078190386,2467.3364338301385,15,512
5,363,340,0.061840611961225214,5369.1456062593215,13,256
5,364,206,0.03745340519262603,5371.257271945129,15,512
5,365,388,0.07080567237143587,5351.354450986851,13,256
5,366,280,0.04889441267995504,5592.407905374014,14,384
5,367,229,0.0395261966950366,5657.837869538359,14,384
5,368,42,0.017283718901106623,2373.0786895275123,15,512
5,369,130,0.02857830637135134,4442.290013633056,15,512
5,370,716,0.13301690982968936,5256.615500204129,11,128
5,371,226,0.04004285605070668,5511.672911655487,14,384
5,372,142,0.03011414560255171,4604.874959103927,15,512
5,373,356,0.06491324490260603,5355.705919825969,13,256
5,374,144,0.029946276299786564,4695.9093876056395,15,512
5,375,492,0.09627228686667982,4990.727504638637,12,192
5,376,211,0.038358693405602357,5371.785877094169,15,512
5,377,23,0.014628387371687493,1535.434968277639,15,512
5,378,212,0.03759300287855529,5507.175116306013,15,512
5,379,60,0.019630574667837884,2984.8209230470547,15,512
5,380,404,0.0749593037754447,5263.272604317347,13,256
5,381,664,0.12323488438000606,5261.801504194897,11,128
5,382,75,0.021683942888790535,3377.715384864917,15,512
5,383,157,0.032429111565140126,4727.860403823477,15,512
6,0,166,0.03382834670617766,4792.116398948812,15,512
6,1,252,0.042489370549832595,5791.889755377174,14,384
6,2,544,0.10480545966433592,5068.915318929498,12,192
6,3,204,0.03697883652679298,5387.372040644282,15,512
6,4,121,0.027653720880914664,4272.989628008846,15,512
6,5,61,0.0197534570163542,3015.6904915772866,15,512
6,6,284,0.04932937989098923,5622.283325127732,14,384
6,7,452,0.08453342107828389,5221.67734807783,13,256
6,8,724,0.13390178798803803,5280.222621546785,11,128
6,9,219,0.03946108689145129,5419.698349624816,15,512
6,10,186,0.03589782819439049,5059.933542954104,15,512
6,11,81,0.022964967618421046,3444.444765362949,15,512
6,12,556,0.10419303865248404,5211.180679843386,12,192
6,13,122,0.027402902152729412,4347.737489116029,15,512
6,14,68,0.02015448176846199,3294.8626892462903,15,512
6,15,500,0.09340440521951626,5227.604081975105,12,192
6,16,14,0.012887730736207921,1060.8442463488964,15,512
6,17,640,0.11963287158961433,5224.316625483878,12,192
6,18,740,0.1374472913832989,5257.697279641041,11,128
6,19,69,0.020998091776412927,3208.996951603519,15,512
6,20,148,0.02976826309334768,4855.212732660188,15,512
6,21,208,0.037126190912876854,5471.204963543623,15,512
6,22,85,0.023929049209873637,3468.913945220573,15,512
6,23,40,0.016571895912571556,2357.1533520414473,15,512
6,24,264,0.04676199859676239,5513.290871572155,14,384
6,25,552,0.10408791496402243,5178.91534465192,12,192
6,26,288,0.05318628752525033,5288.017139125866,14,384
6,27,56,0.01988850472853663,2749.703949414192,15,512
6,28,27,0.015650404384445774,1684.760780124324,15,512
6,29,232,0.039449327828036056,5743.127005550279,14,384
6,30,484,0.10304802976112631,4586.756788030353,12,192
6,31,748,0.13953901012521153,5234.871233102011,11,128
6,32,100,0.026029562842720882,3751.7437611254154,15,512
6,33,272,0.04718947966676987,5628.9029223403195,14,384
6,34,392,0.07208488037817926,5310.579666521591,13,256
6,35,187,0.03593424079781098,5081.9826284217625,15,512
6,36,154,0.03166507088159786,4749.416969958511,15,512
6,37,96,0.026366396616147775,3555.6622076519916,15,512
6,38,11,0.012463615498325526,861.883736821246,15,512
6,39,624,0.11733845613605161,5193.310190594649,12,192
6,40,304,0.0546871667279363,5428.604511126463,14,384
6,41,216,0.037972002383571,5555.079710288452,15,512
6,42,136,0.02913287027498128,4558.853925013242,15,512
6,43,412,0.07580453465933815,5307.647514863234,13,256
6,44,612,0.11673295739025118,5119.858721663061,12,192
6,45,194,0.03702798104127474,5116.48541649674,15,512
6,46,192,0.03560644474181163,5265.900635674085,15,512
6,47,512,0.09491102382564441,5268.091943866513,12,192
6,48,564,0.10840513338195358,5080.7672369110305,12,192
6,49,170,0.03365950996919343,4932.205642682984,15,512
6,50,239,0.041325550560925836,5647.799831629662,14,384
6,51,101,0.026167970350290906,3769.219055955691,15,512
6,52,33,0.016149770024492565,1995.4812019691642,15,512
6,53,226,0.04003741712238042,5512.421651111697,14,384
6,54,43,0.017696639217846758,2372.89052362279,15,512
6,55,114,0.026694789291377856,4170.406583278702,15,512
6,56,237,0.041143650323193726,5625.298452663748,14,384
6,57,163,0.03333986290394509,4774.455370695731,15,512
6,58,332,0.060563388162163195,5353.3786638864885,13,256
6,59,171,0.034129903118285114,4892.840947167349,15,512
6,60,472,0.09938030834711395,4638.117024049119,13,256
6,61,55,0.020416844934487616,2630.71682585358,15,512
6,62,5,0.011093275911862504,440.1596551635937,15,512
6,63,256,0.04371576387601485,5718.76087328684,14,384
6,64,604,0.11561760771270291,5101.677518407898,12,192
6,65,86,0.02392257634997445,3510.6743425688637,15,512
6,66,660,0.12381711512700856,5205.510153736465,11,128
6,67,138,0.030276269185836514,4451.196551754945,15,512
6,68,388,0.07044323792126557,5378.887472826045,13,256
6,69,134,0.029564005455471665,4426.307362075687,15,512
6,70,172,0.033534391724274,5008.850358195559,15,512
6,71,12,0.012097024846356545,968.7299273035322,15,512
6,72,189,0.036091947119243906,5113.891802240527,15,512
6,73,50,0.01926816002755396,2534.135326371306,15,512
6,74,280,0.04840529672067343,5648.916926961373,14,384
6,75,152,0.030782748012581122,4822.1003511230565,15,512
6,76,108,0.02563281569426906,4114.598694812155,15,512
6,77,676,0.1275402483333401,5176.0621343202265,11,128
6,78,103,0.026018325826142573,3865.9650191225496,15,512
6,79,17,0.013769164956718956,1205.7058327200093,15,512
6,80,460,0.08964887485946786,5010.868800129261,13,256
6,81,210,0.038207342354760115,5367.505624856685,15,512
6,82,222,0.03932166972123833,5513.419865863533,15,512
6,83,328,0.05886972262484456,5441.039735166338,13,256
6,84,13,0.012913656269800875,983.0920255860084,15,512
6,85,242,0.041819670653363575,5651.123533680723,14,384
6,86,628,0.11985746610325415,5116.754674854163,12,192
6,87,144,0.029510381166247136,4765.272234465124,15,512
6,88,207,0.03753330197618831,5385.842088400483,15,512
6,89,95,0.026792003867962755,3462.728579661646,15,512
6,90,560,0.10490873048589819,5212.864529644755,12,192
6,91,191,0.03629272549057379,5139.416645587701,15,512
6,92,456,0.08666979518138503,5138.0356797663735,13,256
6,93,174,0.03462906199587235,4906.915325060032,15,512
6,94,600,0.1121677307009705,5223.761739123161,12,192
6,95,372,0.06767197567377865,5368.2672388825085,13,256
6,96,255,0.043872232064452815,5676.105950893016,14,384
6,97,51,0.019976537925087533,2493.1591092895424,15,512
6,98,151,0.031097421512926448,4741.902393377021,15,512
6,99,131,0.028807442825071326,4440.855381605127,15,512
6,100,74,0.021433372696258685,3371.640386424782,15,512
6,101,254,0.04369806934427678,5676.38064386218,14,384
6,102,352,0.06721323739515632,5114.3199363994945,13,256
6,103,196,0.03606885859026503,5306.689966941745,15,512
6,104,448,0.08397084696187072,5210.141564948832,13,256
6,105,141,0.03017492703619136,4563.235971866652,15,512
6,106,708,0.13234984422717,5224.080572495768,11,128
6,107,178,0.03496102192678306,4972.055032145188,15,512
6,108,260,0.04406375148317478,5762.247685536967,14,384
6,109,117,0.026916604142399842,4244.882151386165,15,512
6,110,167,0.03383601728521431,4819.8916593905815,15,512
6,111,183,0.03549351867688189,5035.030173449677,15,512
6,112,190,0.036171257152919765,5129.677252177633,15,512
6,113,104,0.025567558817067237,3972.319012803189,15,512
6,114,234,0.04058533744002975,5630.497105947741,14,384
6,115,224,0.03870357461352705,5651.932726739561,15,512
6,116,45,0.018093066523290235,2428.8482244528063,15,512
6,117,596,0.11253386511256323,5172.054202686603,12,192
6,118,209,0.037770539270665385,5403.723813350904,15,512
6,119,648,0.12400929100015963,5102.94426245196,12,192
6,120,115,0.02628379802522539,4272.772427798207,15,512
6,121,9,0.011944689490382526,735.8133928116479,15,512
6,122,428,0.07961418282777229,5249.9282810474,13,256
6,123,360,0.06420322239355411,5475.776555964522,13,256
6,124,39,0.017030622927848012,2236.3208710189283,15,512
6,125,720,0.13651122354602913,5150.675393096297,11,128
6,126,31,0.01591523899121465,1902.1666917293041,15,512
6,127,175,0.03450222290375649,4953.258750217891,15,512
6,128,197,0.037031374313776115,5195.130239290937,15,512
6,129,80,0.022012435182525696,3549.130268968087,15,512
6,130,126,0.027912016672729606,4408.383544719589,15,512
6,131,193,0.03659527431943243,5150.297845968522,15,512
6,132,18,0.013558754737724889,1296.440959367154,15,512
6,133,130,0.028378286324781798,4473.600820960642,15,512
6,134,135,0.029738240964395878,4433.21236309305,15,512
6,135,93,0.026059445478991857,3485.1206858264086,15,512
6,136,105,0.026003497602510407,3943.279633663618,15,512
6,137,680,0.1294633193603216,5129.348631574824,11,128
6,138,744,0.1391259730724388,5222.335441432639,11,128
6,139,83,0.02323821974734957,3487.990404654155,15,512
6,140,588,0.11150851602287562,5149.550639542193,12,192
6,141,75,0.021479989272079242,3409.7869683391245,15,512
6,142,198,0.0368333789848171,5249.5692855033385,15,512
6,143,20,0.013587729078014962,1437.4182681932991,15,512
6,144,268,0.04673872125734915,5599.612975266147,14,384
6,145,63,0.01980589699317446,3106.319169548459,15,512
6,146,244,0.04119479665680756,5784.256006531916,14,384
6,147,532,0.09995501377841892,5197.650726672911,12,192
6,148,49,0.01892465270618469,2528.530549168906,15,512
6,149,580,0.10943433397626291,5175.763669588902,12,192
6,150,28,0.014986429482031736,1824.5673549382998,15,512
6,151,2,0.008853082449029824,220.61525025264342,15,512
6,152,364,0.06549718423425331,5427.237127151172,13,256
6,153,42,0.017553227961186472,2336.642872222326,15,512
6,154,168,0.03306849211869518,4961.293651102033,15,512
6,155,416,0.08048771454546416,5047.354149564357,13,256
6,156,230,0.03991246244068772,5627.549924632759,14,384
6,157,336,0.05922129274393777,5540.659191935468,13,256
6,158,15,0.013418770038962791,1091.6378667692152,15,512
6,159,1,0.008883351238679997,109.93176716325699,15,512
6,160,420,0.07641861066731968,5367.22987264937,13,256
6,161,6,0.011269794863492428,519.9185141320506,15,512
6,162,700,0.1321539582404895,5172.707341508592,11,128
6,163,184,0.034987131865059806,5135.816810964331,15,512
6,164,424,0.07760477076197658,5335.528936358575,13,256
6,165,44,0.01734443388281932,2477.379791713068,15,512
6,166,476,0.1017462334832988,4568.658063163607,13,256
6,167,92,0.025554992749741948,3515.702425738596,15,512
6,168,344,0.0617824008521094,5437.430325897254,13,256
6,169,764,0.14048594078930465,5310.807229592905,11,128
6,170,231,0.04017573842143142,5614.9792477656865,14,384
6,171,64,0.01971039963305123,3170.9149060172967,15,512
6,172,176,0.034539980149386244,4976.117509524803,15,512
6,173,155,0.03252836575794486,4653.390478525022,15,512
6,174,300,0.053537261755470585,5472.240088372911,14,384
6,175,113,0.0264110965798445,4178.227214700894,15,512
6,176,77,0.022479528208404567,3345.0574141447614,15,512
6,177,508,0.096138877096278,5160.178327267005,12,192
6,178,768,0.14310581163938124,5240.8773019642185,11,128
6,179,129,0.028646352501142263,4397.64757118648,15,512
6,180,320,0.0573632898640894,5447.734966742753,13,256
6,181,620,0.11819917217926541,5122.444927801379,12,192
6,182,57,0.01996024129524594,2788.7469733774146,15,512
6,183,188,0.03529147010111484,5202.213154452877,15,512
6,184,688,0.13089572824806256,5132.902417768127,11,128
6,185,217,0.03864349470428602,5483.822416208548,15,512
6,186,752,0.13688155487953219,5365.039874410505,11,128
6,187,215,0.03842534785208121,5464.125876185868,15,512
6,188,53,0.021157781583952748,2446.277852648599,15,512
6,189,516,0.09572298521811072,5264.213698014312,12,192
6,190,732,0.13652528625647412,5235.980598180959,11,128
6,191,145,0.030380640735187564,4660.91428861781,15,512
6,192,225,0.040070270102840484,5483.530855571251,14,384
6,193,8,0.011216055868246174,696.5461024599568,15,512
6,194,243,0.04203989482637097,5644.749790171751,14,384
6,195,182,0.03562189778721405,4989.469569018726,15,512
6,196,185,0.03596229612550007,5023.707659531091,15,512
6,197,195,0.03694577241200414,5154.302510620323,15,512
6,198,97,0.026850236077273708,3527.9601351504484,15,512
6,199,34,0.016299091759893868,2037.1150423056579,15,512
6,200,432,0.07966635581365686,5295.522754759667,13,256
6,201,90,0.025262715716714228,3479.06479990392,15,512
6,202,223,0.039639511597945314,5493.84764648029,15,512
6,203,356,0.06475953656552423,5368.417818250422,13,256
6,204,202,0.03753479326938743,5255.540468392178,15,512
6,205,568,0.10635942317324065,5215.217264731798,12,192
6,206,247,0.042776387656573156,5638.880483236288,14,384
6,207,89,0.024943537661589122,3484.4320673021493,15,512
6,208,150,0.03087025546249058,4745.1623838354135,15,512
6,209,199,0.03745992709496565,5187.835443655132,15,512
6,210,60,0.019625644729457156,2985.570706477407,15,512
6,211,140,0.029392297653072268,4651.516244620954,15,512
6,212,312,0.06019534357475736,5061.645667353069,13,256
6,213,276,0.04867121085309189,5537.796271671711,14,384
6,214,488,0.09684148929019779,4921.05711604579,12,192
6,215,169,0.03451035716492096,4782.305257268061,15,512
6,216,296,0.051725882796590635,5588.353148784785,14,384
6,217,3,0.01064265471694736,275.2778867602241,15,512
6,218,137,0.030992568471805388,4316.811064617339,15,512
6,219,30,0.015566575259941347,1882.037282496676,15,512
6,220,149,0.030965230043664208,4699.070935201153,15,512
6,221,66,0.020202103880122682,3190.416472584171,15,512
6,222,111,0.02621213010088841,4135.430317291384,15,512
6,223,524,0.09955027081567418,5140.304951530377,12,192
6,224,308,0.05928768757802525,5073.249814376019,14,384
6,225,492,0.09454466254450097,5081.923580549557,12,192
6,226,205,0.03740886165425498,5351.547832443313,15,512
6,227,235,0.04053650007945315,5661.371530600476,14,384
6,228,47,0.018431405841867733,2490.22987686266,15,512
6,229,340,0.06122106837259354,5423.480165018459,13,256
6,230,240,0.039717977225922935,5900.980270642516,14,384
6,231,728,0.1367261850777356,5199.71722750691,11,128
6,232,158,0.032326838813974836,4773.027015969707,15,512
6,233,143,0.0308785189007293,4522.510873949389,15,512
6,234,238,0.04094378099159722,5676.609960562736,14,384
6,235,480,0.10759751881712722,4356.513097636458,13,256
6,236,572,0.10757098799806376,5192.7918521121555,12,192
6,237,62,0.019509282769327205,3103.4905647681076,15,512
6,238,396,0.07411277056639587,5217.977239881322,13,256
6,239,404,0.07513898642339378,5250.686345127043,13,256
6,240,250,0.04307917413288243,5667.254071466679,14,384
6,241,70,0.021025732061027265,3251.224490143157,15,512
6,242,400,0.07308547505798678,5344.769253946479,13,256
6,243,181,0.03559809647240553,4965.372590554577,15,512
6,244,179,0.03561026713766991,4908.828311346333,15,512
6,245,102,0.025950248661930273,3838.4747790925676,15,512
6,246,119,0.027427664879482262,4236.997134485685,15,512
6,247,73,0.02131305499816847,3344.85424572527,15,512
6,248,147,0.031206715276243337,4600.121679877137,15,512
6,249,94,0.02651258403172612,3462.388837321622,15,512
6,250,107,0.02593331608440943,4029.264408758683,15,512
6,251,368,0.06636916530195086,5414.788604994502,13,256
6,252,496,0.09495870892372314,5100.901281093456,12,192
6,253,88,0.024316527417894033,3534.118935780294,15,512
6,254,218,0.0391634456720976,5435.952361864731,15,512
6,255,540,0.10232027371525926,5153.853980761547,12,192
6,256,444,0.08284243032588794,5233.957385053968,13,256
6,257,32,0.01722746215849274,1813.9642225012508,15,512
6,258,106,0.026004579185104314,3980.669106896942,15,512
6,259,248,0.04136952936010982,5854.248374252163,14,384
6,260,118,0.026636150542323697,4326.2398152051865,15,512
6,261,704,0.1339405078972311,5132.8758625247265,11,128
6,262,632,0.11934633048709932,5171.399049145583,12,192
6,263,116,0.025891100898130737,4375.296764927388,15,512
6,264,23,0.014641782069796315,1534.030310854945,15,512
6,265,157,0.03236314457621163,4737.497375724649,15,512
6,266,146,0.03030660546753508,4704.523083349996,15,512
6,267,664,0.12192108822494863,5318.50157704966,11,128
6,268,736,0.14116658442669355,5091.502375856093,11,128
6,269,212,0.037503686770269114,5520.290612178511,15,512
6,270,19,0.01408789418020995,1317.0660755008228,15,512
6,271,127,0.028283251321219338,4385.048808265978,15,512
6,272,54,0.020921064604836163,2520.635349876497,15,512
6,273,201,0.03748221376915806,5236.858839472147,15,512
6,274,99,0.026510742662833396,3646.811737022351,15,512
6,275,72,0.020938448754685153,3358.056789391668,15,512
6,276,221,0.03956380463443454,5454.99388883747,15,512
6,277,48,0.01819204344275244,2576.6759049091106,15,512
6,278,584,0.11070655460226865,5151.56940841435,12,192
6,279,10,0.012025791404451496,812.0567430086251,15,512
6,280,58,0.020903167204323978,2709.667125864231,15,512
6,281,65,0.020173183528410108,3146.5813222095207,15,512
6,282,37,0.01692924789073159,2134.342454739644,15,512
6,283,440,0.08155216370650469,5268.866949335493,13,256
6,284,91,0.025516732526829792,3482.7024740162096,15,512
6,285,128,0.028348716258675636,4409.370740438587,15,512
6,286,71,0.021385640010066962,3242.17266667545,15,512
6,287,46,0.018553520077576928,2421.204968769827,15,512
6,288,348,0.06366611033164928,5337.90659158675,13,256
6,289,292,0.05054329777335924,5641.821221849565,14,384
6,290,464,0.0924184198124233,4902.972815588964,13,256
6,291,125,0.027904250603456485,4374.613539518571,15,512
6,292,316,0.05733894338897784,5381.922507824244,13,256
6,293,78,0.022217908930058428,3428.399821053713,15,512
6,294,159,0.03300005818923967,4705.247385007036,15,512
6,295,98,0.026543623174301353,3605.5034526204604,15,512
6,296,177,0.03515065148558056,4917.449753979862,15,512
6,297,52,0.020205478102809666,2513.2416932484575,15,512
6,298,24,0.014236046132521111,1646.3489779271579,15,512
6,299,160,0.03306148600054808,4726.042864419637,15,512
6,300,213,0.03841230549624031,5415.134806744658,15,512
6,301,656,0.12445601305119278,5147.400951503165,11,128
6,302,153,0.03147388837842911,4747.238749261186,15,512
6,303,227,0.040257049911663546,5506.605376857818,14,384
6,304,528,0.09866540960040611,5225.99563604181,12,192
6,305,608,0.12178786525819191,4875.280461983975,12,192
6,306,84,0.02301484145745767,3564.276128151159,15,512
6,307,692,0.13038276685244632,5183.056521302229,11,128
6,308,164,0.032841164340202816,4876.692200706881,15,512
6,309,25,0.015132620407566006,1613.3400457063906,15,512
6,310,520,0.10008708736926958,5073.706442534735,12,192
6,311,123,0.027997820364388998,4290.233523063085,15,512
6,312,7,0.012626570876399915,541.3930327494476,15,512
6,313,536,0.10154607559913582,5154.67975410814,12,192
6,314,251,0.043577954725638975,5624.797883315666,14,384
6,315,206,0.03784035108626061,5316.332148753322,15,512
6,316,59,0.019947345701436248,2888.4638769684257,15,512
6,317,408,0.0752000696002328,5298.366106814967,13,256
6,318,26,0.014949698866770467,1698.403775639733,15,512
6,319,592,0.10991575727870444,5259.709929797376,12,192
6,320,696,0.13235079147833045,5135.50007829975,11,128
6,321,156,0.03107210480438233,4902.910535320859,15,512
6,322,376,0.06764756639217644,5427.948403513684,13,256
6,323,203,0.03724793527279919,5322.232925076227,15,512
6,324,162,0.032629629261050515,4848.4499696367875,15,512
6,325,110,0.026089489144679987,4117.438804734313,15,512
6,326,4,0.008821212739514271,442.82459967234536,15,512
6,327,253,0.04354888432544489,5673.401657172672,14,384
6,328,229,0.03972938422025056,5628.902055471869,14,384
6,329,716,0.1340650159860152,5215.51983459233,11,128
6,330,124,0.02727127978657042,4440.339835449597,15,512
6,331,120,0.02677152055918513,4377.31953778747,15,512
6,332,16,0.013121422271535113,1190.800789476611,15,512
6,333,380,0.06908668494177739,5371.422153382207,13,256
6,334,35,0.016673764926195364,2049.908203173832,15,512
6,335,82,0.023061963036486086,3472.3030677531333,15,512
6,336,67,0.02059511155986277,3176.952322390623,15,512
6,337,22,0.014374958994317219,1494.5694807542277,15,512
6,338,652,0.12690056466039049,5017.461913616995,11,128
6,339,324,0.058249373598902254,5431.925365905787,13,256
6,340,200,0.03638193835882847,5368.391812268719,15,512
6,341,712,0.13258275987339202,5244.365863736572,11,128
6,342,142,0.030557021807759422,4538.134503827421,15,512
6,343,245,0.04229770299920164,5656.520225330343,14,384
6,344,139,0.030338446499556394,4474.262962079644,15,512
6,345,41,0.017058305352077523,2347.1887548972536,15,512
6,346,132,0.02847161914323587,4527.534923514346,15,512
6,347,504,0.09569881528572496,5143.088747028803,12,192
6,348,236,0.04004600134490023,5755.10019127914,14,384
6,349,249,0.04301329746042785,5653.229974375028,14,384
6,350,644,0.12188635090055282,5159.775851466135,12,192
6,351,214,0.038138916571648855,5479.557202612088,15,512
6,352,36,0.01623859283607617,2164.981310566256,15,512
6,353,109,0.02591446547542806,4107.5634996573945,15,512
6,354,436,0.08114229756844818,5247.340323840708,13,256
6,355,636,0.12168278060549317,5104.2041191813605,12,192
6,356,548,0.10224872880759572,5233.867024469501,12,192
6,357,38,0.0168168113663472,2206.683192882871,15,512
6,358,211,0.037742164874370286,5459.5354608269,15,512
6,359,468,0.09689517851979788,4716.759460911857,13,256
6,360,672,0.1313099326403247,4997.717893874455,11,128
6,361,112,0.02548997648204248,4290.902350461326,15,512
6,362,21,0.014441063117048465,1420.1040694704398,15,512
6,363,173,0.034241463347636655,4933.939615394988,15,512
6,364,384,0.06908524092018065,5428.0768946476655,13,256
6,365,220,0.038742216403568064,5545.468740405193,15,512
6,366,576,0.10823460102053994,5197.044149432888,12,192
6,367,616,0.11746516723952173,5121.199025523554,12,192
6,368,29,0.015711028320152476,1802.5753580797536,15,512
6,369,756,0.1369163354065639,5392.20720309029,11,128
6,370,87,0.024282134241118532,3498.9073306468285,15,512
6,371,233,0.0401250562800703,5670.747497817624,14,384
6,372,76,0.021311938325113428,3482.4964706538485,15,512
6,373,228,0.03915000351256465,5687.260026133626,14,384
6,374,161,0.033836963266756545,4646.591990554565,15,512
6,375,241,0.041302687611043526,5698.214235266172,14,384
6,376,79,0.022439787719801266,3438.019934204763,15,512
6,377,246,0.04227762471474128,5682.305394896879,14,384
6,378,165,0.0334267909848477,4820.469083408012,15,512
6,379,684,0.12855488062491605,5195.981255265829,11,128
6,380,180,0.03449061127571413,5096.495640359173,15,512
6,381,668,0.12635110358961613,5162.944615970979,11,128
6,382,760,0.14039061373828862,5286.589183117046,11,128
6,383,133,0.02982326213631946,4355.084024890279,15,512
