trace_id,shape,prompt,fraction,N,R_nominal,saturation_rows,eta_lower,eta_upper,oracle_calls,reference_origin,trace_sha256,model_sha256,R_selected,fill_pct,status,oracle_importance,oracle_latency,retained_pct,chunks,short_chunks,shortfall_rows,overhead_ms,gap_lower_pct,gap_upper_pct,oracle_intervals
0,896x896,0,0.1,896,89,117.71428571428571,3785.4383631587557,3785.441801627787,21,DP; rtol=1e-6,49d13118f7639cf7701ebdc5da2d9a8f43ebfc3e56c5c4c22a6d5bf65373419b,950268bb257438cf8666d50db7fb9a488f7a92802f8688fe738e5b8918ffdb64,89,100.0,ok,121.42377796769142,0.032076543406288474,13.551760919695438,1,1,28.714285714285708,0.0028910581255638785,0,9.083402179310696e-05,"[[483, 572]]"
0,896x896,0,0.2,896,179,117.71428571428571,3755.12414150755,3755.127244804248,18,DP; rtol=1e-6,49d13118f7639cf7701ebdc5da2d9a8f43ebfc3e56c5c4c22a6d5bf65373419b,950268bb257438cf8666d50db7fb9a488f7a92802f8688fe738e5b8918ffdb64,179,100.0,ok,241.75613141059875,0.06438032999717079,26.981711066663134,2,2,56.428571428571416,0.005681432634814587,0,8.264158564141866e-05,"[[13, 86], [481, 587]]"
0,896x896,0,0.3,896,268,117.71428571428571,3633.9533489364358,3633.9559642898057,19,DP; rtol=1e-6,49d13118f7639cf7701ebdc5da2d9a8f43ebfc3e56c5c4c22a6d5bf65373419b,950268bb257438cf8666d50db7fb9a488f7a92802f8688fe738e5b8918ffdb64,268,100.0,ok,350.51977813243866,0.09645687340345928,39.12051091129306,3,3,85.14285714285712,0.008572490760378465,0,7.196986963053931e-05,"[[35, 86], [483, 585], [670, 785]]"
0,896x896,0,0.4,896,358,117.71428571428571,3622.588892646918,3622.591203676646,19,DP; rtol=1e-6,49d13118f7639cf7701ebdc5da2d9a8f43ebfc3e56c5c4c22a6d5bf65373419b,950268bb257438cf8666d50db7fb9a488f7a92802f8688fe738e5b8918ffdb64,358,100.0,ok,425.54447244107723,0.11746971159350753,47.49380267803774,3,1,0.7142857142857082,7.191686879512076e-05,0,6.379493566743832e-05,"[[8, 125], [483, 602], [662, 784]]"
0,896x896,0,0.5,896,448,117.71428571428571,3519.268839992339,3519.2705257663183,17,DP; rtol=1e-6,49d13118f7639cf7701ebdc5da2d9a8f43ebfc3e56c5c4c22a6d5bf65373419b,950268bb257438cf8666d50db7fb9a488f7a92802f8688fe738e5b8918ffdb64,448,100.0,ok,525.5746364444494,0.14934199697161912,58.6578834702885,4,3,24.142857142857125,0.0024307901652751004,0,4.7901233135583254e-05,"[[13, 110], [315, 432], [483, 602], [670, 785]]"
0,896x896,0,0.6,896,537,117.71428571428571,3447.251100322327,3447.2529793608546,19,DP; rtol=1e-6,49d13118f7639cf7701ebdc5da2d9a8f43ebfc3e56c5c4c22a6d5bf65373419b,950268bb257438cf8666d50db7fb9a488f7a92802f8688fe738e5b8918ffdb64,537,100.0,ok,607.0495155602694,0.17609669208706863,67.75106193350899,4,0,0.0,0.0,0,5.4508286417842555e-05,"[[14, 147], [313, 440], [483, 602], [670, 828]]"
0,896x896,0,0.7,896,627,117.71428571428571,3368.811934886192,3368.8148834455187,17,DP; rtol=1e-6,49d13118f7639cf7701ebdc5da2d9a8f43ebfc3e56c5c4c22a6d5bf65373419b,950268bb257438cf8666d50db7fb9a488f7a92802f8688fe738e5b8918ffdb64,627,100.0,ok,696.2958889454603,0.20668885720062707,77.71159466695589,5,1,10.714285714285708,0.00107875303192682,0,8.752512170584481e-05,"[[8, 115], [146, 264], [315, 440], [483, 602], [670, 828]]"
0,896x896,0,0.8,896,716,117.71428571428571,3300.7942014043574,3300.7966744988025,15,DP; rtol=1e-6,49d13118f7639cf7701ebdc5da2d9a8f43ebfc3e56c5c4c22a6d5bf65373419b,950268bb257438cf8666d50db7fb9a488f7a92802f8688fe738e5b8918ffdb64,716,100.0,ok,775.2493029534817,0.23486750631821995,86.52335961397584,5,1,0.7142857142857082,7.191686879512076e-05,0,7.49241679809387e-05,"[[8, 125], [146, 264], [315, 469], [483, 602], [670, 878]]"
0,896x896,0,0.9,896,806,117.71428571428571,3199.237553692738,3199.240079672116,16,DP; rtol=1e-6,49d13118f7639cf7701ebdc5da2d9a8f43ebfc3e56c5c4c22a6d5bf65373419b,950268bb257438cf8666d50db7fb9a488f7a92802f8688fe738e5b8918ffdb64,806,100.0,ok,845.5872834771872,0.26430900153105646,94.373580646343,6,0,0.0,0.0,0,7.895560555359893e-05,"[[3, 147], [152, 270], [312, 470], [483, 612], [631, 758], [766, 896]]"
1,896x128,0,0.1,896,89,824.0,8237.07129758736,8237.078779657291,21,DP; rtol=1e-6,49d13118f7639cf7701ebdc5da2d9a8f43ebfc3e56c5c4c22a6d5bf65373419b,950268bb257438cf8666d50db7fb9a488f7a92802f8688fe738e5b8918ffdb64,89,100.0,ok,121.42377796769142,0.014741134752986355,13.551760919695438,1,1,735.0,0.010571779712882841,0,9.08340217709025e-05,"[[483, 572]]"
1,896x128,0,0.2,896,179,824.0,11611.610546917516,11611.617812238852,21,DP; rtol=1e-6,49d13118f7639cf7701ebdc5da2d9a8f43ebfc3e56c5c4c22a6d5bf65373419b,950268bb257438cf8666d50db7fb9a488f7a92802f8688fe738e5b8918ffdb64,179,100.0,ok,205.09393610060215,0.01766283284062154,22.889948201530967,1,1,645.0,0.009277276074570656,0,6.256941498250512e-05,"[[409, 588]]"
1,896x128,0,0.3,896,268,824.0,14295.286914103996,14295.299202216942,20,DP; rtol=1e-6,49d13118f7639cf7701ebdc5da2d9a8f43ebfc3e56c5c4c22a6d5bf65373419b,950268bb257438cf8666d50db7fb9a488f7a92802f8688fe738e5b8918ffdb64,268,100.0,ok,293.79770325124264,0.0205520676161719,32.789922203506656,1,1,556.0,0.007997155810017496,0,8.595911685782553e-05,"[[314, 582]]"
1,896x128,0,0.4,896,358,824.0,16234.766613487633,16234.776684720138,20,DP; rtol=1e-6,49d13118f7639cf7701ebdc5da2d9a8f43ebfc3e56c5c4c22a6d5bf65373419b,950268bb257438cf8666d50db7fb9a488f7a92802f8688fe738e5b8918ffdb64,358,100.0,ok,381.09110774099827,0.023473765703807083,42.53248965867351,1,1,466.0,0.006702652171705311,0,6.203493094769641e-05,"[[426, 784]]"
1,896x128,0,0.5,896,448,824.0,17609.148857849454,17609.165123978444,19,DP; rtol=1e-6,49d13118f7639cf7701ebdc5da2d9a8f43ebfc3e56c5c4c22a6d5bf65373419b,950268bb257438cf8666d50db7fb9a488f7a92802f8688fe738e5b8918ffdb64,448,100.0,ok,464.80165107548237,0.026395463791442274,51.87518421746563,1,1,376.0,0.005408148533393127,0,9.237308455922744e-05,"[[312, 760]]"
1,896x128,0,0.6,896,537,824.0,19059.536535758576,19059.548554747555,19,DP; rtol=1e-6,49d13118f7639cf7701ebdc5da2d9a8f43ebfc3e56c5c4c22a6d5bf65373419b,950268bb257438cf8666d50db7fb9a488f7a92802f8688fe738e5b8918ffdb64,537,100.0,ok,558.1527822762728,0.029284698566992628,62.29383724235212,1,1,287.0,0.0041280282688399665,0,6.306019758595127e-05,"[[45, 582]]"
1,896x128,0,0.7,896,627,824.0,19715.839720941258,19715.858092128376,18,DP; rtol=1e-6,49d13118f7639cf7701ebdc5da2d9a8f43ebfc3e56c5c4c22a6d5bf65373419b,950268bb257438cf8666d50db7fb9a488f7a92802f8688fe738e5b8918ffdb64,627,100.0,ok,634.9761544317007,0.032206396654627815,70.86787430428707,1,1,197.0,0.002833524630527782,0,9.317974917211203e-05,"[[221, 848]]"
1,896x128,0,0.8,896,716,824.0,20746.422428114976,20746.43365841372,18,DP; rtol=1e-6,49d13118f7639cf7701ebdc5da2d9a8f43ebfc3e56c5c4c22a6d5bf65373419b,950268bb257438cf8666d50db7fb9a488f7a92802f8688fe738e5b8918ffdb64,716,100.0,ok,728.1087950319052,0.035095631430178166,81.26214221752656,1,1,108.0,0.0015534043659746217,0,5.413122529107639e-05,"[[44, 760]]"
1,896x128,0,0.9,896,806,824.0,21499.24226605338,21499.26238270154,16,DP; rtol=1e-6,49d13118f7639cf7701ebdc5da2d9a8f43ebfc3e56c5c4c22a6d5bf65373419b,950268bb257438cf8666d50db7fb9a488f7a92802f8688fe738e5b8918ffdb64,806,100.0,ok,817.3437776118517,0.03801732951781336,91.22140365574661,1,1,18.0,0.00025890072766243693,0,9.356901554680164e-05,"[[45, 851]]"
4,896x4864,0,0.1,896,89,21.68421052631579,799.0336968342076,799.0342272073567,19,DP; rtol=1e-6,49d13118f7639cf7701ebdc5da2d9a8f43ebfc3e56c5c4c22a6d5bf65373419b,950268bb257438cf8666d50db7fb9a488f7a92802f8688fe738e5b8918ffdb64,89,100.0,ok,126.59529650211334,0.1584354915239335,14.12893933799412,4,0,0.0,0.0,0,6.637677474330417e-05,"[[475, 497], [521, 543], [660, 682], [821, 844]]"
4,896x4864,0,0.2,896,179,21.68421052631579,703.506114470011,703.506453091006,19,DP; rtol=1e-6,49d13118f7639cf7701ebdc5da2d9a8f43ebfc3e56c5c4c22a6d5bf65373419b,950268bb257438cf8666d50db7fb9a488f7a92802f8688fe738e5b8918ffdb64,179,100.0,ok,224.1730374097824,0.31865115710993364,25.019312204255773,8,0,0.0,0.0,0,4.813331755393335e-05,"[[53, 77], [313, 335], [418, 440], [475, 497], [521, 543], [660, 682], [765, 787], [821, 844]]"
4,896x4864,0,0.3,896,268,21.68421052631579,662.3682176278625,662.3685604383757,18,DP; rtol=1e-6,49d13118f7639cf7701ebdc5da2d9a8f43ebfc3e56c5c4c22a6d5bf65373419b,950268bb257438cf8666d50db7fb9a488f7a92802f8688fe738e5b8918ffdb64,268,100.0,ok,316.0070331096649,0.4770866486338672,35.26864207874753,11,0,0.0,0.0,0,5.175525132905534e-05,"[[53, 77], [102, 125], [313, 336], [418, 440], [475, 497], [521, 543], [557, 579], [660, 682], [709, 744], [755, 785], [821, 844]]"
4,896x4864,0,0.4,896,358,21.68421052631579,639.1284995423226,639.129023848511,17,DP; rtol=1e-6,49d13118f7639cf7701ebdc5da2d9a8f43ebfc3e56c5c4c22a6d5bf65373419b,950268bb257438cf8666d50db7fb9a488f7a92802f8688fe738e5b8918ffdb64,358,100.0,ok,407.3180718421936,0.6373023142198673,45.459606220291235,15,0,0.0,0.0,0,8.20344826846231e-05,"[[37, 59], [65, 87], [100, 125], [169, 191], [313, 338], [367, 389], [418, 440], [460, 497], [521, 543], [559, 585], [660, 682], [708, 730], [736, 759], [762, 785], [821, 844]]"
4,896x4864,0,0.5,896,448,21.68421052631579,622.5977316708161,622.5980721998292,17,DP; rtol=1e-6,49d13118f7639cf7701ebdc5da2d9a8f43ebfc3e56c5c4c22a6d5bf65373419b,950268bb257438cf8666d50db7fb9a488f7a92802f8688fe738e5b8918ffdb64,448,100.0,ok,496.53288519382477,0.7975179798058675,55.41661663635059,18,0,0.0,0.0,0,5.469483898012939e-05,"[[37, 59], [65, 87], [99, 126], [157, 191], [221, 244], [313, 338], [367, 389], [418, 440], [460, 497], [521, 543], [559, 585], [591, 613], [660, 691], [708, 730], [736, 759], [762, 785], [793, 815], [821, 844]]"
4,896x4864,0,0.6,896,537,21.68421052631579,609.8450507197936,609.8454020810641,16,DP; rtol=1e-6,49d13118f7639cf7701ebdc5da2d9a8f43ebfc3e56c5c4c22a6d5bf65373419b,950268bb257438cf8666d50db7fb9a488f7a92802f8688fe738e5b8918ffdb64,537,100.0,ok,582.9834932088852,0.9559534713298009,65.0651219926069,22,0,0.0,0.0,0,5.761481013388803e-05,"[[10, 32], [37, 59], [65, 87], [99, 126], [157, 191], [221, 246], [250, 272], [313, 338], [363, 389], [418, 440], [448, 470], [482, 508], [521, 543], [559, 585], [591, 613], [660, 691], [708, 730], [736, 759], [762, 785], [793, 815], [821, 844], [850, 878]]"
4,896x4864,0,0.7,896,627,21.68421052631579,598.4651033250396,598.4655075244223,13,DP; rtol=1e-6,49d13118f7639cf7701ebdc5da2d9a8f43ebfc3e56c5c4c22a6d5bf65373419b,950268bb257438cf8666d50db7fb9a488f7a92802f8688fe738e5b8918ffdb64,627,100.0,ok,667.9882778525352,1.116169136915801,74.55226313334697,24,0,0.0,0.0,0,6.753929466807307e-05,"[[10, 32], [37, 59], [65, 87], [95, 126], [137, 168], [169, 191], [221, 246], [250, 273], [281, 306], [313, 338], [361, 389], [398, 440], [448, 470], [482, 508], [521, 543], [555, 585], [591, 617], [660, 699], [708, 730], [736, 759], [762, 785], [793, 815], [821, 844], [847, 878]]"
4,896x4864,0,0.8,896,716,21.68421052631579,588.3163148432006,588.3167620765078,16,DP; rtol=1e-6,49d13118f7639cf7701ebdc5da2d9a8f43ebfc3e56c5c4c22a6d5bf65373419b,950268bb257438cf8666d50db7fb9a488f7a92802f8688fe738e5b8918ffdb64,716,100.0,ok,749.8706978857517,1.2746046284397348,83.690926081051,25,0,0.0,0.0,0,7.601913389887471e-05,"[[3, 32], [36, 59], [65, 87], [95, 133], [137, 168], [169, 193], [221, 247], [250, 288], [296, 324], [332, 358], [361, 394], [398, 440], [448, 471], [473, 508], [516, 543], [555, 587], [590, 617], [623, 648], [656, 699], [708, 730], [736, 759], [762, 785], [793, 815], [821, 844], [847, 878]]"
4,896x4864,0,0.9,896,806,21.68421052631579,577.5689555681928,577.56929411642,15,DP; rtol=1e-6,49d13118f7639cf7701ebdc5da2d9a8f43ebfc3e56c5c4c22a6d5bf65373419b,950268bb257438cf8666d50db7fb9a488f7a92802f8688fe738e5b8918ffdb64,806,100.0,ok,828.7076586484909,1.4348202940257349,92.48969402097973,26,0,0.0,0.0,0,5.8616036313630104e-05,"[[1, 33], [36, 59], [64, 87], [92, 133], [137, 180], [186, 214], [221, 248], [250, 288], [293, 325], [331, 358], [361, 394], [398, 440], [442, 471], [473, 508], [513, 543], [548, 575], [577, 599], [601, 628], [630, 652], [656, 693], [694, 716], [718, 750], [755, 785], [786, 816], [820, 862], [864, 896]]"
6,4864x896,0,0.1,4864,486,117.71428571428571,3512.9051818053404,3512.9084395111045,20,DP; rtol=1e-6,49d13118f7639cf7701ebdc5da2d9a8f43ebfc3e56c5c4c22a6d5bf65373419b,950268bb257438cf8666d50db7fb9a488f7a92802f8688fe738e5b8918ffdb64,486,100.0,ok,559.8602184653282,0.15937242524081072,11.510284117754258,4,0,0.0,0.0,0,9.273528815967325e-05,"[[217, 336], [2805, 2923], [3108, 3239], [3990, 4108]]"
6,4864x896,0,0.2,4864,972,117.71428571428571,3410.3895066790733,3410.391360008015,19,DP; rtol=1e-6,49d13118f7639cf7701ebdc5da2d9a8f43ebfc3e56c5c4c22a6d5bf65373419b,950268bb257438cf8666d50db7fb9a488f7a92802f8688fe738e5b8918ffdb64,972,100.0,ok,1088.221363157034,0.319090051451838,22.372972145230225,8,2,3.4285714285714164,0.0003452009702165813,0,5.4343585409455386e-05,"[[65, 184], [209, 336], [1945, 2063], [2805, 2923], [3108, 3239], [3295, 3410], [3643, 3760], [3979, 4106]]"
6,4864x896,0,0.3,4864,1459,117.71428571428571,3351.286134051994,3351.2892603592513,19,DP; rtol=1e-6,49d13118f7639cf7701ebdc5da2d9a8f43ebfc3e56c5c4c22a6d5bf65373419b,950268bb257438cf8666d50db7fb9a488f7a92802f8688fe738e5b8918ffdb64,1459,100.0,ok,1603.4067731201649,0.4784452025233392,32.96477746808793,11,0,0.0,0.0,0,9.32867029512785e-05,"[[49, 193], [209, 344], [489, 619], [668, 797], [1330, 1451], [1968, 2147], [2805, 2923], [3108, 3239], [3276, 3398], [3637, 3760], [3979, 4106]]"
6,4864x896,0,0.4,4864,1945,117.71428571428571,3310.1807570216583,3310.182307400347,19,DP; rtol=1e-6,49d13118f7639cf7701ebdc5da2d9a8f43ebfc3e56c5c4c22a6d5bf65373419b,950268bb257438cf8666d50db7fb9a488f7a92802f8688fe738e5b8918ffdb64,1945,100.0,ok,2111.529695749283,0.637889544632945,43.41138362674111,15,1,0.7142857142857082,7.191686879512076e-05,0,4.683665564275685e-05,"[[49, 184], [209, 343], [489, 617], [668, 797], [1085, 1228], [1330, 1451], [1968, 2147], [2203, 2321], [2670, 2787], [2805, 2923], [2950, 3070], [3108, 3239], [3276, 3398], [3637, 3760], [3979, 4106]]"
6,4864x896,0,0.5,4864,2432,117.71428571428571,3277.0871855179507,3277.089398649525,17,DP; rtol=1e-6,49d13118f7639cf7701ebdc5da2d9a8f43ebfc3e56c5c4c22a6d5bf65373419b,950268bb257438cf8666d50db7fb9a488f7a92802f8688fe738e5b8918ffdb64,2432,100.0,ok,2613.771629691124,0.7975898966746628,53.737081300648924,18,1,0.7142857142857082,7.191686879512076e-05,0,6.753345133114763e-05,"[[49, 193], [209, 343], [449, 619], [668, 797], [1085, 1234], [1330, 1451], [1968, 2147], [2203, 2321], [2496, 2621], [2670, 2787], [2805, 2923], [2950, 3070], [3108, 3239], [3276, 3398], [3486, 3613], [3643, 3817], [3979, 4106], [4585, 4712]]"
6,4864x896,0,0.6,4864,2918,117.71428571428571,3243.9270525588795,3243.9300085922787,12,DP; rtol=1e-6,49d13118f7639cf7701ebdc5da2d9a8f43ebfc3e56c5c4c22a6d5bf65373419b,950268bb257438cf8666d50db7fb9a488f7a92802f8688fe738e5b8918ffdb64,2918,100.0,ok,3104.3159643411636,0.9569623219154735,63.82228556762499,22,1,0.7142857142857082,7.191686879512076e-05,0,9.112506716979496e-05,"[[49, 193], [209, 343], [430, 558], [594, 721], [751, 923], [1085, 1234], [1330, 1451], [1513, 1631], [1968, 2147], [2203, 2321], [2496, 2621], [2651, 2780], [2805, 2923], [2950, 3070], [3108, 3239], [3276, 3398], [3482, 3601], [3643, 3817], [3979, 4106], [4250, 4368], [4403, 4520], [4585, 4713]]"
6,4864x896,0,0.7,4864,3404,117.71428571428571,3211.4831311561566,3211.484924564383,18,DP; rtol=1e-6,49d13118f7639cf7701ebdc5da2d9a8f43ebfc3e56c5c4c22a6d5bf65373419b,950268bb257438cf8666d50db7fb9a488f7a92802f8688fe738e5b8918ffdb64,3404,100.0,ok,3585.0902092158794,1.1163347471562841,73.70662450168241,25,1,0.7142857142857082,7.191686879512076e-05,0,5.584358229171471e-05,"[[49, 193], [209, 327], [335, 463], [489, 626], [668, 797], [805, 923], [1085, 1286], [1330, 1451], [1486, 1631], [1680, 1803], [1968, 2147], [2203, 2321], [2496, 2621], [2651, 2780], [2805, 2923], [2950, 3070], [3108, 3261], [3276, 3398], [3486, 3613], [3637, 3826], [3976, 4132], [4250, 4368], [4403, 4520], [4558, 4680], [4698, 4845]]"
6,4864x896,0,0.8,4864,3891,117.71428571428571,3174.0846744043806,3174.0864916884057,17,DP; rtol=1e-6,49d13118f7639cf7701ebdc5da2d9a8f43ebfc3e56c5c4c22a6d5bf65373419b,950268bb257438cf8666d50db7fb9a488f7a92802f8688fe738e5b8918ffdb64,3891,100.0,ok,4050.5630306899548,1.2761357828143152,83.27637825011938,27,1,1.7142857142857082,0.00017260048510829066,0,5.7253765128884027e-05,"[[1, 125], [131, 265], [281, 408], [430, 574], [594, 738], [751, 923], [1085, 1286], [1330, 1451], [1486, 1633], [1671, 1804], [1868, 2024], [2039, 2155], [2203, 2321], [2405, 2621], [2651, 2780], [2805, 2923], [2950, 3122], [3130, 3261], [3295, 3452], [3486, 3614], [3637, 3861], [3887, 4006], [4023, 4149], [4250, 4368], [4404, 4539], [4546, 4680], [4698, 4845]]"
6,4864x896,0,0.9,4864,4377,117.71428571428571,3131.8704256190917,3131.8730680058343,14,DP; rtol=1e-6,49d13118f7639cf7701ebdc5da2d9a8f43ebfc3e56c5c4c22a6d5bf65373419b,950268bb257438cf8666d50db7fb9a488f7a92802f8688fe738e5b8918ffdb64,4377,100.0,ok,4495.285140186548,1.4353356075700174,92.41951374166139,30,0,0.0,0.0,0,8.437081213674702e-05,"[[0, 146], [147, 265], [281, 408], [423, 558], [564, 738], [746, 923], [927, 1050], [1085, 1293], [1321, 1451], [1478, 1600], [1606, 1804], [1839, 1961], [1968, 2147], [2176, 2323], [2340, 2469], [2475, 2621], [2651, 2780], [2796, 2923], [2950, 3123], [3130, 3261], [3276, 3461], [3470, 3590], [3595, 3737], [3747, 3870], [3887, 4006], [4009, 4152], [4199, 4368], [4403, 4539], [4546, 4688], [4698, 4855]]"
14,896x896,0,0.1,896,89,117.71428571428571,3318.783198544839,3318.7852949314056,21,DP; rtol=1e-6,49d13118f7639cf7701ebdc5da2d9a8f43ebfc3e56c5c4c22a6d5bf65373419b,950268bb257438cf8666d50db7fb9a488f7a92802f8688fe738e5b8918ffdb64,89,100.0,ok,106.45509332418442,0.032076543406288474,11.881148816406427,1,1,28.714285714285708,0.0028910581255638785,0,6.316728502486768e-05,"[[139, 228]]"
14,896x896,0,0.2,896,179,117.71428571428571,3469.111947083962,3469.1147170369622,20,DP; rtol=1e-6,49d13118f7639cf7701ebdc5da2d9a8f43ebfc3e56c5c4c22a6d5bf65373419b,950268bb257438cf8666d50db7fb9a488f7a92802f8688fe738e5b8918ffdb64,179,100.0,ok,203.6330461204052,0.05869889736235621,22.72690248391385,1,0,0.0,0.0,0,7.984610559397254e-05,"[[40, 219]]"
14,896x896,0,0.3,896,268,117.71428571428571,3455.5598564017637,3455.561540635898,20,DP; rtol=1e-6,49d13118f7639cf7701ebdc5da2d9a8f43ebfc3e56c5c4c22a6d5bf65373419b,950268bb257438cf8666d50db7fb9a488f7a92802f8688fe738e5b8918ffdb64,268,100.0,ok,305.6778490245342,0.08845971759344178,34.115831387040224,2,1,5.714285714285708,0.0005753349503609703,0,4.873981014341666e-05,"[[53, 209], [483, 595]]"
14,896x896,0,0.4,896,358,117.71428571428571,3386.0563813523877,3386.0590950648884,19,DP; rtol=1e-6,49d13118f7639cf7701ebdc5da2d9a8f43ebfc3e56c5c4c22a6d5bf65373419b,950268bb257438cf8666d50db7fb9a488f7a92802f8688fe738e5b8918ffdb64,358,100.0,ok,397.51555198431015,0.11739779472471241,44.36557502776223,2,0,0.0,0.0,0,8.014368398923111e-05,"[[53, 220], [458, 649]]"
14,896x896,0,0.5,896,448,117.71428571428571,3349.2870364507335,3349.289546295875,18,DP; rtol=1e-6,49d13118f7639cf7701ebdc5da2d9a8f43ebfc3e56c5c4c22a6d5bf65373419b,950268bb257438cf8666d50db7fb9a488f7a92802f8688fe738e5b8918ffdb64,448,100.0,ok,492.62588903307915,0.14708380729145232,54.980568009016615,3,1,1.7142857142857082,0.00017260048510829066,0,7.493664273550138e-05,"[[53, 219], [459, 625], [757, 873]]"
14,896x896,0,0.6,896,537,117.71428571428571,3308.5456872451095,3308.5476748003543,17,DP; rtol=1e-6,49d13118f7639cf7701ebdc5da2d9a8f43ebfc3e56c5c4c22a6d5bf65373419b,950268bb257438cf8666d50db7fb9a488f7a92802f8688fe738e5b8918ffdb64,537,100.0,ok,582.8618913888931,0.17616860895586373,65.05155042149894,4,1,0.7142857142857082,7.191686879512076e-05,0,6.007334456548108e-05,"[[53, 220], [377, 508], [555, 677], [757, 874]]"
14,896x896,0,0.7,896,627,117.71428571428571,3272.7079626208897,3272.709760158929,18,DP; rtol=1e-6,49d13118f7639cf7701ebdc5da2d9a8f43ebfc3e56c5c4c22a6d5bf65373419b,950268bb257438cf8666d50db7fb9a488f7a92802f8688fe738e5b8918ffdb64,627,100.0,ok,673.1371880173683,0.20568202103749533,75.12691835548657,5,1,0.7142857142857082,7.191686879512076e-05,0,5.492506732762692e-05,"[[40, 159], [169, 292], [361, 508], [555, 676], [757, 874]]"
14,896x896,0,0.8,896,716,117.71428571428571,3223.1010761983334,3223.103213703781,16,DP; rtol=1e-6,49d13118f7639cf7701ebdc5da2d9a8f43ebfc3e56c5c4c22a6d5bf65373419b,950268bb257438cf8666d50db7fb9a488f7a92802f8688fe738e5b8918ffdb64,716,100.0,ok,756.7699170410633,0.23479558944942486,84.46092829737609,5,0,0.0,0.0,0,6.631824380765039e-05,"[[19, 159], [169, 292], [332, 508], [541, 676], [709, 851]]"
14,896x896,0,0.9,896,806,117.71428571428571,3153.5554338279376,3153.557983167727,14,DP; rtol=1e-6,49d13118f7639cf7701ebdc5da2d9a8f43ebfc3e56c5c4c22a6d5bf65373419b,950268bb257438cf8666d50db7fb9a488f7a92802f8688fe738e5b8918ffdb64,806,100.0,ok,833.5130879878998,0.26430900153105646,93.02601434624755,5,0,0.0,0.0,0,8.084011148268289e-05,"[[19, 159], [169, 292], [303, 508], [541, 751], [757, 885]]"
15,896x128,0,0.1,896,89,824.0,7221.634908575682,7221.6394702892685,21,DP; rtol=1e-6,49d13118f7639cf7701ebdc5da2d9a8f43ebfc3e56c5c4c22a6d5bf65373419b,950268bb257438cf8666d50db7fb9a488f7a92802f8688fe738e5b8918ffdb64,89,100.0,ok,106.45509332418442,0.014741134752986355,11.881148816406427,1,1,735.0,0.010571779712882841,0,6.316728501376545e-05,"[[139, 228]]"
15,896x128,0,0.2,896,179,824.0,11528.900712465755,11528.90991785134,20,DP; rtol=1e-6,49d13118f7639cf7701ebdc5da2d9a8f43ebfc3e56c5c4c22a6d5bf65373419b,950268bb257438cf8666d50db7fb9a488f7a92802f8688fe738e5b8918ffdb64,179,100.0,ok,203.6330461204052,0.01766283284062154,22.72690248391385,1,1,645.0,0.009277276074570656,0,7.984610558287031e-05,"[[40, 219]]"
15,896x128,0,0.3,896,268,824.0,14139.340044667122,14139.348507643765,20,DP; rtol=1e-6,49d13118f7639cf7701ebdc5da2d9a8f43ebfc3e56c5c4c22a6d5bf65373419b,950268bb257438cf8666d50db7fb9a488f7a92802f8688fe738e5b8918ffdb64,268,100.0,ok,290.5926726460457,0.0205520676161719,32.43221795082107,1,1,556.0,0.007997155810017496,0,5.985407770525697e-05,"[[19, 287]]"
15,896x128,0,0.4,896,358,824.0,15889.273770032354,15889.288530127877,19,DP; rtol=1e-6,49d13118f7639cf7701ebdc5da2d9a8f43ebfc3e56c5c4c22a6d5bf65373419b,950268bb257438cf8666d50db7fb9a488f7a92802f8688fe738e5b8918ffdb64,358,100.0,ok,372.98108968138695,0.023473765703807083,41.627353786775146,1,1,466.0,0.006702652171705311,0,9.289336960760508e-05,"[[31, 389]]"
15,896x128,0,0.5,896,448,824.0,17561.239367086586,17561.25110019349,19,DP; rtol=1e-6,49d13118f7639cf7701ebdc5da2d9a8f43ebfc3e56c5c4c22a6d5bf65373419b,950268bb257438cf8666d50db7fb9a488f7a92802f8688fe738e5b8918ffdb64,448,100.0,ok,463.5370578467846,0.026395463791442274,51.73404666910084,1,1,376.0,0.005408148533393127,0,6.681247729511952e-05,"[[47, 495]]"
15,896x128,0,0.6,896,537,824.0,18941.032838100266,18941.050384947877,18,DP; rtol=1e-6,49d13118f7639cf7701ebdc5da2d9a8f43ebfc3e56c5c4c22a6d5bf65373419b,950268bb257438cf8666d50db7fb9a488f7a92802f8688fe738e5b8918ffdb64,537,100.0,ok,554.6824372112751,0.029284698566992628,61.90652205136905,1,1,287.0,0.0041280282688399665,0,9.263925313529597e-05,"[[56, 593]]"
15,896x128,0,0.7,896,627,824.0,20054.814369969095,20054.826505900994,18,DP; rtol=1e-6,49d13118f7639cf7701ebdc5da2d9a8f43ebfc3e56c5c4c22a6d5bf65373419b,950268bb257438cf8666d50db7fb9a488f7a92802f8688fe738e5b8918ffdb64,627,100.0,ok,645.8933064341545,0.032206396654627815,72.08630656962303,1,1,197.0,0.002833524630527782,0,6.051377156035542e-05,"[[20, 647]]"
15,896x128,0,0.8,896,716,824.0,20720.959880920393,20720.97630572391,17,DP; rtol=1e-6,49d13118f7639cf7701ebdc5da2d9a8f43ebfc3e56c5c4c22a6d5bf65373419b,950268bb257438cf8666d50db7fb9a488f7a92802f8688fe738e5b8918ffdb64,716,100.0,ok,727.2151708602905,0.035095631430178166,81.16240751607769,1,1,108.0,0.0015534043659746217,0,7.9266552288626e-05,"[[42, 758]]"
15,896x128,0,0.9,896,806,824.0,21553.155697631257,21553.16924736473,16,DP; rtol=1e-6,49d13118f7639cf7701ebdc5da2d9a8f43ebfc3e56c5c4c22a6d5bf65373419b,950268bb257438cf8666d50db7fb9a488f7a92802f8688fe738e5b8918ffdb64,806,100.0,ok,819.393422305584,0.03801732951781336,91.45015880029793,1,1,18.0,0.00025890072766243693,0,6.286654792297952e-05,"[[46, 852]]"
18,896x4864,0,0.1,896,89,21.68421052631579,785.8435370406684,785.8438673621204,19,DP; rtol=1e-6,49d13118f7639cf7701ebdc5da2d9a8f43ebfc3e56c5c4c22a6d5bf65373419b,950268bb257438cf8666d50db7fb9a488f7a92802f8688fe738e5b8918ffdb64,89,100.0,ok,124.50550705194473,0.1584354915239335,13.895703923757928,4,0,0.0,0.0,0,4.203397974134049e-05,"[[53, 75], [205, 227], [257, 279], [559, 582]]"
18,896x4864,0,0.2,896,179,21.68421052631579,694.6895640503994,694.6901550538348,17,DP; rtol=1e-6,49d13118f7639cf7701ebdc5da2d9a8f43ebfc3e56c5c4c22a6d5bf65373419b,950268bb257438cf8666d50db7fb9a488f7a92802f8688fe738e5b8918ffdb64,179,100.0,ok,221.62342488765717,0.3190251248276683,24.734757262771097,8,1,0.6842105263157912,0.0003739677177346321,0,8.507439339666689e-05,"[[53, 75], [205, 227], [260, 281], [399, 422], [559, 581], [641, 663], [668, 690], [757, 782]]"
18,896x4864,0,0.3,896,268,21.68421052631579,657.0245379195172,657.0248944959671,17,DP; rtol=1e-6,49d13118f7639cf7701ebdc5da2d9a8f43ebfc3e56c5c4c22a6d5bf65373419b,950268bb257438cf8666d50db7fb9a488f7a92802f8688fe738e5b8918ffdb64,268,100.0,ok,313.45763486623764,0.4770866486338672,34.98411106366097,11,0,0.0,0.0,0,5.427137584890218e-05,"[[19, 41], [48, 73], [205, 227], [257, 279], [363, 389], [399, 422], [559, 592], [641, 663], [668, 690], [757, 782], [819, 845]]"
18,896x4864,0,0.4,896,358,21.68421052631579,633.4813390057972,633.4817525295161,15,DP; rtol=1e-6,49d13118f7639cf7701ebdc5da2d9a8f43ebfc3e56c5c4c22a6d5bf65373419b,950268bb257438cf8666d50db7fb9a488f7a92802f8688fe738e5b8918ffdb64,358,100.0,ok,403.7191233634949,0.6373023142198674,45.05793791336237,15,0,0.0,0.0,0,6.527792115740283e-05,"[[19, 41], [53, 75], [78, 101], [205, 227], [257, 279], [363, 389], [398, 422], [494, 517], [559, 592], [641, 663], [668, 690], [700, 722], [757, 782], [789, 813], [819, 845]]"
18,896x4864,0,0.5,896,448,21.68421052631579,617.5250377700849,617.5254735071169,10,DP; rtol=1e-6,49d13118f7639cf7701ebdc5da2d9a8f43ebfc3e56c5c4c22a6d5bf65373419b,950268bb257438cf8666d50db7fb9a488f7a92802f8688fe738e5b8918ffdb64,448,100.0,ok,492.48732060194016,0.7975179798058676,54.96510279207378,18,0,0.0,0.0,0,7.056179068820612e-05,"[[19, 41], [47, 73], [76, 101], [137, 159], [205, 236], [260, 286], [363, 389], [396, 422], [494, 517], [555, 582], [588, 612], [641, 663], [668, 690], [697, 722], [757, 782], [789, 813], [819, 845], [863, 889]]"
18,896x4864,0,0.6,896,537,21.68421052631579,605.3652767843752,605.3657328257884,13,DP; rtol=1e-6,49d13118f7639cf7701ebdc5da2d9a8f43ebfc3e56c5c4c22a6d5bf65373419b,950268bb257438cf8666d50db7fb9a488f7a92802f8688fe738e5b8918ffdb64,537,100.0,ok,578.7010377645493,0.955953471329801,64.58716944779535,22,0,0.0,0.0,0,7.533320578456681e-05,"[[19, 41], [47, 73], [76, 101], [137, 159], [162, 184], [205, 236], [260, 286], [363, 389], [396, 422], [466, 488], [494, 517], [550, 575], [576, 598], [601, 624], [641, 663], [668, 690], [700, 722], [729, 751], [757, 782], [789, 813], [819, 852], [863, 889]]"
18,896x4864,0,0.7,896,627,21.68421052631579,595.2617151995516,595.2620696265229,17,DP; rtol=1e-6,49d13118f7639cf7701ebdc5da2d9a8f43ebfc3e56c5c4c22a6d5bf65373419b,950268bb257438cf8666d50db7fb9a488f7a92802f8688fe738e5b8918ffdb64,627,100.0,ok,664.4127548933029,1.116169136915801,74.15320931397689,24,0,0.0,0.0,0,5.95413330306549e-05,"[[19, 41], [47, 73], [76, 109], [137, 160], [163, 188], [203, 236], [260, 292], [328, 352], [363, 393], [396, 422], [426, 451], [466, 488], [494, 517], [550, 575], [576, 598], [601, 631], [641, 663], [668, 690], [693, 722], [729, 751], [757, 785], [789, 813], [819, 852], [863, 889]]"
18,896x4864,0,0.8,896,716,21.68421052631579,586.3916297489501,586.3920230378312,16,DP; rtol=1e-6,49d13118f7639cf7701ebdc5da2d9a8f43ebfc3e56c5c4c22a6d5bf65373419b,950268bb257438cf8666d50db7fb9a488f7a92802f8688fe738e5b8918ffdb64,716,100.0,ok,747.4174853563309,1.2746046284397345,83.41713013238981,27,0,0.0,0.0,0,6.706927544453123e-05,"[[19, 41], [47, 73], [76, 101], [104, 126], [137, 160], [163, 188], [193, 236], [260, 292], [298, 320], [328, 354], [363, 393], [396, 422], [426, 463], [466, 488], [494, 517], [520, 544], [550, 575], [576, 598], [601, 631], [641, 663], [668, 690], [693, 722], [729, 751], [757, 785], [789, 818], [819, 852], [863, 889]]"
18,896x4864,0,0.9,896,806,21.68421052631579,576.5739127614668,576.5742000989878,15,DP; rtol=1e-6,49d13118f7639cf7701ebdc5da2d9a8f43ebfc3e56c5c4c22a6d5bf65373419b,950268bb257438cf8666d50db7fb9a488f7a92802f8688fe738e5b8918ffdb64,806,100.0,ok,827.2799510359764,1.4348202940257353,92.33035175593325,31,0,0.0,0.0,0,4.983530671465175e-05,"[[0, 41], [44, 75], [76, 109], [113, 135], [137, 160], [162, 188], [193, 216], [217, 240], [249, 271], [272, 294], [298, 320], [327, 357], [363, 393], [396, 429], [432, 463], [466, 488], [494, 518], [520, 544], [546, 575], [576, 598], [601, 624], [625, 650], [653, 680], [682, 706], [709, 736], [738, 762], [763, 785], [788, 818], [819, 841], [843, 866], [868, 894]]"
20,4864x896,0,0.1,4864,486,117.71428571428571,6596.510125279112,6596.514624447196,17,DP; rtol=1e-6,49d13118f7639cf7701ebdc5da2d9a8f43ebfc3e56c5c4c22a6d5bf65373419b,950268bb257438cf8666d50db7fb9a488f7a92802f8688fe738e5b8918ffdb64,486,100.0,ok,1051.301816791296,0.1593724252408107,21.613935490544634,4,0,0.0,0.0,0,6.820523170691928e-05,"[[733, 851], [1160, 1279], [2721, 2840], [3121, 3251]]"
20,4864x896,0,0.2,4864,972,117.71428571428571,4747.68461867477,4747.688829301134,18,DP; rtol=1e-6,49d13118f7639cf7701ebdc5da2d9a8f43ebfc3e56c5c4c22a6d5bf65373419b,950268bb257438cf8666d50db7fb9a488f7a92802f8688fe738e5b8918ffdb64,972,100.0,ok,1513.3000239133835,0.31874485048162143,31.112253942957636,8,0,0.0,0.0,0,8.86879177652844e-05,"[[182, 300], [733, 851], [1161, 1279], [2277, 2398], [2721, 2840], [3114, 3251], [3966, 4086], [4665, 4786]]"
20,4864x896,0,0.3,4864,1459,117.71428571428571,4111.084327950118,4111.088156948132,17,DP; rtol=1e-6,49d13118f7639cf7701ebdc5da2d9a8f43ebfc3e56c5c4c22a6d5bf65373419b,950268bb257438cf8666d50db7fb9a488f7a92802f8688fe738e5b8918ffdb64,1459,100.0,ok,1966.9285738766193,0.4784452025233391,40.438498850913604,12,0,0.0,0.0,0,9.313830956481084e-05,"[[182, 300], [485, 609], [729, 851], [1160, 1279], [2277, 2398], [2554, 2672], [2720, 2840], [3114, 3251], [3480, 3600], [3699, 3818], [3966, 4086], [4665, 4786]]"
20,4864x896,0,0.4,4864,1945,117.71428571428571,3788.3472675297676,3788.350376624613,16,DP; rtol=1e-6,49d13118f7639cf7701ebdc5da2d9a8f43ebfc3e56c5c4c22a6d5bf65373419b,950268bb257438cf8666d50db7fb9a488f7a92802f8688fe738e5b8918ffdb64,1945,100.0,ok,2416.2746673226357,0.6378176277641499,49.67669983330427,15,0,0.0,0.0,0,8.20698862646907e-05,"[[182, 300], [485, 609], [700, 851], [1154, 1275], [1439, 1587], [2047, 2167], [2256, 2399], [2554, 2672], [2717, 2840], [3114, 3251], [3480, 3600], [3699, 3818], [3966, 4095], [4409, 4546], [4638, 4775]]"
20,4864x896,0,0.5,4864,2432,117.71428571428571,3583.2861547064667,3583.2878710210853,13,DP; rtol=1e-6,49d13118f7639cf7701ebdc5da2d9a8f43ebfc3e56c5c4c22a6d5bf65373419b,950268bb257438cf8666d50db7fb9a488f7a92802f8688fe738e5b8918ffdb64,2432,100.0,ok,2857.735135167837,0.7975179798058677,58.75277857799272,19,0,0.0,0.0,0,4.7897759836157405e-05,"[[188, 331], [485, 610], [700, 851], [1154, 1275], [1439, 1587], [1611, 1730], [1903, 2021], [2047, 2167], [2176, 2299], [2322, 2452], [2554, 2672], [2720, 2840], [3114, 3251], [3480, 3600], [3699, 3818], [3966, 4095], [4163, 4286], [4408, 4546], [4645, 4775]]"
20,4864x896,0,0.6,4864,2918,117.71428571428571,3437.267564288405,3437.2707199988813,17,DP; rtol=1e-6,49d13118f7639cf7701ebdc5da2d9a8f43ebfc3e56c5c4c22a6d5bf65373419b,950268bb257438cf8666d50db7fb9a488f7a92802f8688fe738e5b8918ffdb64,2918,100.0,ok,3289.0883518457413,0.9568904050466783,67.62106021700941,21,0,0.0,0.0,0,9.180861018087683e-05,"[[89, 211], [219, 344], [485, 674], [700, 851], [1154, 1275], [1439, 1587], [1611, 1730], [1745, 1863], [1894, 2014], [2047, 2167], [2176, 2303], [2322, 2462], [2554, 2672], [2717, 2840], [3114, 3251], [3480, 3657], [3699, 3821], [3898, 4095], [4149, 4286], [4376, 4546], [4638, 4775]]"
20,4864x896,0,0.7,4864,3404,117.71428571428571,3323.1957240176507,3323.197629254212,17,DP; rtol=1e-6,49d13118f7639cf7701ebdc5da2d9a8f43ebfc3e56c5c4c22a6d5bf65373419b,950268bb257438cf8666d50db7fb9a488f7a92802f8688fe738e5b8918ffdb64,3404,100.0,ok,3709.5598644912243,1.116262830287489,76.26562261077473,23,0,0.0,0.0,0,5.7331425151740945e-05,"[[0, 159], [170, 344], [483, 674], [700, 851], [951, 1080], [1154, 1279], [1439, 1587], [1611, 1733], [1745, 1863], [1894, 2014], [2047, 2167], [2176, 2303], [2322, 2462], [2554, 2672], [2717, 2840], [3106, 3251], [3260, 3378], [3427, 3657], [3699, 3821], [3898, 4095], [4149, 4286], [4376, 4546], [4638, 4858]]"
20,4864x896,0,0.8,4864,3891,117.71428571428571,3226.528309151744,3226.5303163623666,16,DP; rtol=1e-6,49d13118f7639cf7701ebdc5da2d9a8f43ebfc3e56c5c4c22a6d5bf65373419b,950268bb257438cf8666d50db7fb9a488f7a92802f8688fe738e5b8918ffdb64,3891,100.0,ok,4116.931329220533,1.2759631823292066,84.64085836012559,27,0,0.0,0.0,0,6.220956959568369e-05,"[[0, 159], [170, 299], [312, 430], [483, 674], [696, 851], [939, 1080], [1154, 1279], [1403, 1600], [1611, 1733], [1745, 1863], [1882, 2020], [2047, 2167], [2176, 2303], [2322, 2462], [2551, 2672], [2682, 2840], [2921, 3047], [3067, 3192], [3202, 3320], [3329, 3457], [3473, 3657], [3698, 3821], [3889, 4026], [4040, 4205], [4219, 4338], [4375, 4560], [4638, 4860]]"
20,4864x896,0,0.9,4864,4377,117.71428571428571,3144.163965201289,3144.1657767522593,14,DP; rtol=1e-6,49d13118f7639cf7701ebdc5da2d9a8f43ebfc3e56c5c4c22a6d5bf65373419b,950268bb257438cf8666d50db7fb9a488f7a92802f8688fe738e5b8918ffdb64,4377,100.0,ok,4512.930495291948,1.4353356075700177,92.78228862598442,29,0,0.0,0.0,0,5.761626767908368e-05,"[[0, 159], [170, 299], [312, 430], [447, 568], [575, 762], [770, 916], [939, 1097], [1130, 1256], [1260, 1380], [1389, 1600], [1611, 1742], [1745, 1863], [1882, 2021], [2030, 2167], [2176, 2399], [2401, 2540], [2551, 2672], [2681, 2840], [2872, 3047], [3067, 3192], [3202, 3320], [3329, 3457], [3473, 3657], [3679, 3821], [3889, 4029], [4036, 4205], [4219, 4338], [4356, 4560], [4632, 4863]]"
30,896x128,0,0.1,896,89,824.0,7398.5862268736455,7398.591465465946,21,DP; rtol=1e-6,49d13118f7639cf7701ebdc5da2d9a8f43ebfc3e56c5c4c22a6d5bf65373419b,950268bb257438cf8666d50db7fb9a488f7a92802f8688fe738e5b8918ffdb64,89,100.0,ok,109.06355655193329,0.014741134752986355,12.172271921417137,1,1,735.0,0.010571779712882841,0,7.080526510661045e-05,"[[483, 572]]"
30,896x128,0,0.2,896,179,824.0,11422.737903803427,11422.747599965636,20,DP; rtol=1e-6,49d13118f7639cf7701ebdc5da2d9a8f43ebfc3e56c5c4c22a6d5bf65373419b,950268bb257438cf8666d50db7fb9a488f7a92802f8688fe738e5b8918ffdb64,179,100.0,ok,201.75791017711163,0.01766283284062154,22.517623875609104,1,1,645.0,0.009277276074570656,0,8.488467528877663e-05,"[[31, 210]]"
30,896x128,0,0.3,896,268,824.0,14192.076189226507,14192.084694999863,20,DP; rtol=1e-6,49d13118f7639cf7701ebdc5da2d9a8f43ebfc3e56c5c4c22a6d5bf65373419b,950268bb257438cf8666d50db7fb9a488f7a92802f8688fe738e5b8918ffdb64,268,100.0,ok,291.6765094548464,0.0205520676161719,32.55318181819601,1,1,556.0,0.007997155810017496,0,5.993322008679414e-05,"[[23, 291]]"
30,896x128,0,0.4,896,358,824.0,15948.700275268604,15948.715191909865,19,DP; rtol=1e-6,49d13118f7639cf7701ebdc5da2d9a8f43ebfc3e56c5c4c22a6d5bf65373419b,950268bb257438cf8666d50db7fb9a488f7a92802f8688fe738e5b8918ffdb64,358,100.0,ok,374.3760535418987,0.023473765703807083,41.78304163782777,1,1,466.0,0.006702652171705311,0,9.35287957748443e-05,"[[444, 802]]"
30,896x128,0,0.5,896,448,824.0,17572.87246676194,17572.884685198987,19,DP; rtol=1e-6,49d13118f7639cf7701ebdc5da2d9a8f43ebfc3e56c5c4c22a6d5bf65373419b,950268bb257438cf8666d50db7fb9a488f7a92802f8688fe738e5b8918ffdb64,448,100.0,ok,463.8441189080477,0.026395463791442274,51.76831677784505,1,1,376.0,0.005408148533393127,0,6.953005876608742e-05,"[[53, 501]]"
30,896x128,0,0.6,896,537,824.0,18952.50566015093,18952.524475144513,18,DP; rtol=1e-6,49d13118f7639cf7701ebdc5da2d9a8f43ebfc3e56c5c4c22a6d5bf65373419b,950268bb257438cf8666d50db7fb9a488f7a92802f8688fe738e5b8918ffdb64,537,100.0,ok,555.0184153467417,0.029284698566992628,61.94401949268564,1,1,287.0,0.0041280282688399665,0,9.927433998191404e-05,"[[53, 590]]"
30,896x128,0,0.7,896,627,824.0,20129.826696159562,20129.840033693465,18,DP; rtol=1e-6,49d13118f7639cf7701ebdc5da2d9a8f43ebfc3e56c5c4c22a6d5bf65373419b,950268bb257438cf8666d50db7fb9a488f7a92802f8688fe738e5b8918ffdb64,627,100.0,ok,648.309183165431,0.032206396654627815,72.35593553089178,1,1,197.0,0.002833524630527782,0,6.625752554390019e-05,"[[23, 650]]"
30,896x128,0,0.8,896,716,824.0,20912.506372090284,20912.524134532792,17,DP; rtol=1e-6,49d13118f7639cf7701ebdc5da2d9a8f43ebfc3e56c5c4c22a6d5bf65373419b,950268bb257438cf8666d50db7fb9a488f7a92802f8688fe738e5b8918ffdb64,716,100.0,ok,733.9376159161329,0.035095631430178166,81.91268024561244,1,1,108.0,0.0015534043659746217,0,8.493686555199886e-05,"[[17, 733]]"
30,896x128,0,0.9,896,806,824.0,21561.61842162461,21561.635818404004,16,DP; rtol=1e-6,49d13118f7639cf7701ebdc5da2d9a8f43ebfc3e56c5c4c22a6d5bf65373419b,950268bb257438cf8666d50db7fb9a488f7a92802f8688fe738e5b8918ffdb64,806,100.0,ok,819.7151524722576,0.03801732951781336,91.48606601002469,1,1,18.0,0.00025890072766243693,0,8.068394967697401e-05,"[[50, 856]]"
31,896x896,0,0.1,896,89,117.71428571428571,5614.431570712121,5614.436589949035,18,DP; rtol=1e-6,49d13118f7639cf7701ebdc5da2d9a8f43ebfc3e56c5c4c22a6d5bf65373419b,950268bb257438cf8666d50db7fb9a488f7a92802f8688fe738e5b8918ffdb64,89,100.0,ok,180.09155797958374,0.032076543406288474,20.099504245645363,1,1,28.714285714285708,0.0028910581255638785,0,8.939876393609936e-05,"[[767, 856]]"
31,896x896,0,0.2,896,179,117.71428571428571,5025.124515578109,5025.127101377733,19,DP; rtol=1e-6,49d13118f7639cf7701ebdc5da2d9a8f43ebfc3e56c5c4c22a6d5bf65373419b,950268bb257438cf8666d50db7fb9a488f7a92802f8688fe738e5b8918ffdb64,179,100.0,ok,294.96926817297935,0.05869889736235621,32.92067726267226,1,0,0.0,0.0,0,5.145739743195321e-05,"[[701, 880]]"
31,896x896,0,0.3,896,268,117.71428571428571,4507.789347200472,4507.793166741634,18,DP; rtol=1e-6,49d13118f7639cf7701ebdc5da2d9a8f43ebfc3e56c5c4c22a6d5bf65373419b,950268bb257438cf8666d50db7fb9a488f7a92802f8688fe738e5b8918ffdb64,268,100.0,ok,405.1118200868368,0.08986928822182616,45.213372792963376,2,1,19.714285714285708,0.0019849055787453493,0,8.473195245439769e-05,"[[121, 219], [703, 873]]"
31,896x896,0,0.4,896,358,117.71428571428571,4271.158830254695,4271.160793563524,17,DP; rtol=1e-6,49d13118f7639cf7701ebdc5da2d9a8f43ebfc3e56c5c4c22a6d5bf65373419b,950268bb257438cf8666d50db7fb9a488f7a92802f8688fe738e5b8918ffdb64,358,100.0,ok,502.16183167696,0.1175703952098207,56.0448473044824,3,1,1.7142857142857082,0.00017260048510829066,0,4.596663351064123e-05,"[[80, 196], [639, 757], [760, 884]]"
31,896x896,0,0.5,896,448,117.71428571428571,3986.2517083954576,3986.253593168579,19,DP; rtol=1e-6,49d13118f7639cf7701ebdc5da2d9a8f43ebfc3e56c5c4c22a6d5bf65373419b,950268bb257438cf8666d50db7fb9a488f7a92802f8688fe738e5b8918ffdb64,448,100.0,ok,585.6250491142273,0.14691120680634404,65.35993853949607,3,0,0.0,0.0,0,4.728181680624388e-05,"[[0, 196], [639, 762], [767, 896]]"
31,896x896,0,0.6,896,537,117.71428571428571,3749.157104641775,3749.159842058398,18,DP; rtol=1e-6,49d13118f7639cf7701ebdc5da2d9a8f43ebfc3e56c5c4c22a6d5bf65373419b,950268bb257438cf8666d50db7fb9a488f7a92802f8688fe738e5b8918ffdb64,537,100.0,ok,660.2141642421484,0.17609669208706863,73.68461657000397,4,0,0.0,0.0,0,7.3014134860383e-05,"[[50, 196], [251, 388], [639, 764], [767, 896]]"
31,896x896,0,0.7,896,627,117.71428571428571,3574.0728619233687,3574.0745845861006,18,DP; rtol=1e-6,49d13118f7639cf7701ebdc5da2d9a8f43ebfc3e56c5c4c22a6d5bf65373419b,950268bb257438cf8666d50db7fb9a488f7a92802f8688fe738e5b8918ffdb64,627,100.0,ok,734.8654934465885,0.20561010416870026,82.01623813584003,4,0,0.0,0.0,0,4.8198846758218394e-05,"[[0, 211], [251, 411], [639, 764], [765, 896]]"
31,896x896,0,0.8,896,716,117.71428571428571,3400.689804428633,3400.6918862983466,17,DP; rtol=1e-6,49d13118f7639cf7701ebdc5da2d9a8f43ebfc3e56c5c4c22a6d5bf65373419b,950268bb257438cf8666d50db7fb9a488f7a92802f8688fe738e5b8918ffdb64,716,100.0,ok,798.4669671654701,0.23479558944942483,89.11461690152812,5,0,0.0,0.0,0,6.12190043436378e-05,"[[0, 218], [245, 364], [366, 489], [639, 764], [765, 896]]"
31,896x896,0,0.9,896,806,117.71428571428571,3236.2143673061096,3236.216071646024,16,DP; rtol=1e-6,49d13118f7639cf7701ebdc5da2d9a8f43ebfc3e56c5c4c22a6d5bf65373419b,950268bb257438cf8666d50db7fb9a488f7a92802f8688fe738e5b8918ffdb64,806,100.0,ok,855.3605881631374,0.26430900153105646,95.46435139003974,5,0,0.0,0.0,0,5.266458965591525e-05,"[[0, 219], [241, 447], [451, 576], [639, 764], [765, 896]]"
33,896x4864,0,0.1,896,89,21.68421052631579,761.857599286108,761.8579542114819,20,DP; rtol=1e-6,49d13118f7639cf7701ebdc5da2d9a8f43ebfc3e56c5c4c22a6d5bf65373419b,950268bb257438cf8666d50db7fb9a488f7a92802f8688fe738e5b8918ffdb64,89,100.0,ok,121.27510350942612,0.15918342695940277,13.535167819524418,4,2,1.3684210526315823,0.0007479354354692642,0,4.658681739266868e-05,"[[50, 71], [205, 226], [570, 592], [777, 802]]"
33,896x4864,0,0.2,896,179,21.68421052631579,699.7196197742675,699.7199624652635,15,DP; rtol=1e-6,49d13118f7639cf7701ebdc5da2d9a8f43ebfc3e56c5c4c22a6d5bf65373419b,950268bb257438cf8666d50db7fb9a488f7a92802f8688fe738e5b8918ffdb64,179,100.0,ok,223.2281390428543,0.3190251248276683,24.913854835426488,8,1,0.6842105263157912,0.0003739677177346321,0,4.897544938486931e-05,"[[18, 40], [53, 75], [205, 227], [262, 284], [435, 457], [569, 592], [643, 664], [777, 802]]"
33,896x4864,0,0.3,896,268,21.68421052631579,663.7673587622901,663.7677642575778,17,DP; rtol=1e-6,49d13118f7639cf7701ebdc5da2d9a8f43ebfc3e56c5c4c22a6d5bf65373419b,950268bb257438cf8666d50db7fb9a488f7a92802f8688fe738e5b8918ffdb64,268,100.0,ok,316.9227722287178,0.47746061635160175,35.37084515958544,11,1,0.6842105263157912,0.0003739677177346321,0,6.108993378939331e-05,"[[18, 41], [53, 75], [208, 234], [262, 284], [419, 457], [550, 574], [577, 599], [643, 664], [703, 725], [777, 802], [843, 866]]"
33,896x4864,0,0.4,896,358,21.68421052631579,640.9262141806577,640.9265822693887,13,DP; rtol=1e-6,49d13118f7639cf7701ebdc5da2d9a8f43ebfc3e56c5c4c22a6d5bf65373419b,950268bb257438cf8666d50db7fb9a488f7a92802f8688fe738e5b8918ffdb64,358,100.0,ok,408.46375954151154,0.6373023142198674,45.58747322082074,14,0,0.0,0.0,0,5.743071691544088e-05,"[[18, 41], [44, 71], [206, 234], [262, 284], [366, 388], [405, 428], [450, 484], [546, 574], [577, 599], [643, 673], [703, 730], [757, 783], [793, 816], [843, 866]]"
33,896x4864,0,0.5,896,448,21.68421052631579,624.2125461547827,624.2129385831267,18,DP; rtol=1e-6,49d13118f7639cf7701ebdc5da2d9a8f43ebfc3e56c5c4c22a6d5bf65373419b,950268bb257438cf8666d50db7fb9a488f7a92802f8688fe738e5b8918ffdb64,448,100.0,ok,497.8207287788391,0.7975179798058675,55.560349264396365,17,0,0.0,0.0,0,6.286770424246413e-05,"[[18, 41], [44, 72], [100, 130], [142, 166], [206, 234], [262, 286], [366, 388], [403, 428], [448, 484], [494, 517], [546, 574], [577, 599], [643, 673], [703, 730], [757, 783], [793, 822], [843, 866]]"
33,896x4864,0,0.6,896,537,21.68421052631579,610.2379834752079,610.2385435865265,17,DP; rtol=1e-6,49d13118f7639cf7701ebdc5da2d9a8f43ebfc3e56c5c4c22a6d5bf65373419b,950268bb257438cf8666d50db7fb9a488f7a92802f8688fe738e5b8918ffdb64,537,100.0,ok,583.3591186404228,0.9559534713298011,65.10704457353253,20,0,0.0,0.0,0,9.17856344040402e-05,"[[18, 41], [44, 86], [100, 130], [133, 170], [206, 234], [262, 286], [331, 354], [366, 388], [403, 428], [435, 457], [465, 487], [494, 517], [546, 574], [577, 599], [643, 677], [695, 730], [752, 774], [777, 802], [809, 836], [843, 866]]"
33,896x4864,0,0.7,896,627,21.68421052631579,598.2382690729066,598.238647362254,17,DP; rtol=1e-6,49d13118f7639cf7701ebdc5da2d9a8f43ebfc3e56c5c4c22a6d5bf65373419b,950268bb257438cf8666d50db7fb9a488f7a92802f8688fe738e5b8918ffdb64,627,100.0,ok,667.7350924611092,1.1161691369158013,74.52400594936861,23,0,0.0,0.0,0,6.323385308704133e-05,"[[18, 41], [44, 86], [100, 123], [124, 149], [151, 177], [203, 234], [262, 299], [331, 355], [363, 398], [403, 428], [431, 457], [465, 487], [494, 517], [546, 574], [577, 599], [601, 624], [643, 677], [695, 733], [752, 774], [777, 802], [809, 836], [843, 867], [872, 894]]"
33,896x4864,0,0.8,896,716,21.68421052631579,587.7626458432447,587.7630879737549,16,DP; rtol=1e-6,49d13118f7639cf7701ebdc5da2d9a8f43ebfc3e56c5c4c22a6d5bf65373419b,950268bb257438cf8666d50db7fb9a488f7a92802f8688fe738e5b8918ffdb64,716,100.0,ok,749.1649888157845,1.274604628439735,83.61216403617118,26,0,0.0,0.0,0,7.522257167158486e-05,"[[0, 41], [44, 86], [100, 130], [132, 161], [163, 185], [192, 216], [219, 242], [262, 286], [287, 314], [331, 361], [363, 398], [403, 428], [431, 460], [465, 487], [494, 517], [546, 574], [577, 599], [601, 624], [632, 663], [667, 690], [695, 733], [747, 774], [777, 802], [809, 836], [843, 867], [872, 894]]"
33,896x4864,0,0.9,896,806,21.68421052631579,577.9042462482898,577.9045402638835,15,DP; rtol=1e-6,49d13118f7639cf7701ebdc5da2d9a8f43ebfc3e56c5c4c22a6d5bf65373419b,950268bb257438cf8666d50db7fb9a488f7a92802f8688fe738e5b8918ffdb64,806,100.0,ok,829.4048580527306,1.4351942617434696,92.56750659627336,29,1,0.6842105263157912,0.0003739677177346321,0,5.087615223553499e-05,"[[0, 41], [44, 65], [67, 91], [98, 131], [132, 162], [163, 189], [192, 216], [219, 258], [262, 299], [301, 327], [331, 361], [363, 385], [386, 408], [409, 438], [441, 463], [465, 489], [494, 517], [529, 565], [567, 599], [601, 624], [627, 650], [651, 690], [693, 716], [717, 742], [747, 774], [777, 803], [806, 837], [843, 869], [872, 894]]"
34,4864x896,0,0.1,4864,486,117.71428571428571,3398.5426531908342,3398.5458680174834,15,DP; rtol=1e-6,49d13118f7639cf7701ebdc5da2d9a8f43ebfc3e56c5c4c22a6d5bf65373419b,950268bb257438cf8666d50db7fb9a488f7a92802f8688fe738e5b8918ffdb64,486,100.0,ok,541.6339849233627,0.15937242524081072,11.135567131001435,4,0,0.0,0.0,0,9.459418156554378e-05,"[[1449, 1576], [3261, 3383], [3896, 4015], [4084, 4202]]"
34,4864x896,0,0.2,4864,972,117.71428571428571,3335.4553642644023,3335.457138589253,18,DP; rtol=1e-6,49d13118f7639cf7701ebdc5da2d9a8f43ebfc3e56c5c4c22a6d5bf65373419b,950268bb257438cf8666d50db7fb9a488f7a92802f8688fe738e5b8918ffdb64,972,100.0,ok,1063.3990968763828,0.31881676735041653,21.86264591943719,8,1,0.7142857142857082,7.191686879512076e-05,0,5.319585223428902e-05,"[[316, 436], [564, 681], [857, 975], [1449, 1576], [3096, 3230], [3263, 3383], [3896, 4014], [4084, 4202]]"
34,4864x896,0,0.3,4864,1459,117.71428571428571,3301.5295571352067,3301.5315801816405,19,DP; rtol=1e-6,49d13118f7639cf7701ebdc5da2d9a8f43ebfc3e56c5c4c22a6d5bf65373419b,950268bb257438cf8666d50db7fb9a488f7a92802f8688fe738e5b8918ffdb64,1459,100.0,ok,1579.8384132683277,0.4785171193921342,32.48023055564626,11,1,0.7142857142857082,7.191686879512076e-05,0,6.127599826433183e-05,"[[38, 185], [316, 436], [564, 681], [857, 975], [1431, 1575], [2103, 2226], [2632, 2750], [3096, 3230], [3266, 3384], [3896, 4014], [4098, 4300]]"
34,4864x896,0,0.4,4864,1945,117.71428571428571,3270.7505486396485,3270.7523999762425,18,DP; rtol=1e-6,49d13118f7639cf7701ebdc5da2d9a8f43ebfc3e56c5c4c22a6d5bf65373419b,950268bb257438cf8666d50db7fb9a488f7a92802f8688fe738e5b8918ffdb64,1945,100.0,ok,2086.3775780797005,0.637889544632945,42.89427589114445,15,1,0.7142857142857082,7.191686879512076e-05,0,5.6602774145542156e-05,"[[38, 195], [316, 436], [564, 681], [857, 975], [1431, 1576], [2103, 2226], [2632, 2751], [3078, 3230], [3261, 3383], [3626, 3753], [3834, 3958], [3988, 4144], [4160, 4278], [4288, 4408], [4541, 4668]]"
34,4864x896,0,0.5,4864,2432,117.71428571428571,3236.5371410790144,3236.539522225209,16,DP; rtol=1e-6,49d13118f7639cf7701ebdc5da2d9a8f43ebfc3e56c5c4c22a6d5bf65373419b,950268bb257438cf8666d50db7fb9a488f7a92802f8688fe738e5b8918ffdb64,2432,100.0,ok,2581.196562319994,0.7975179798058676,53.06736356672922,18,0,0.0,0.0,0,7.357074364167104e-05,"[[38, 195], [316, 436], [528, 681], [816, 975], [1005, 1123], [1166, 1301], [1431, 1576], [2103, 2226], [2635, 2767], [3044, 3165], [3188, 3315], [3337, 3464], [3626, 3764], [3834, 3964], [3988, 4144], [4160, 4278], [4288, 4408], [4515, 4668]]"
34,4864x896,0,0.6,4864,2918,117.71428571428571,3206.712660141138,3206.71463994065,18,DP; rtol=1e-6,49d13118f7639cf7701ebdc5da2d9a8f43ebfc3e56c5c4c22a6d5bf65373419b,950268bb257438cf8666d50db7fb9a488f7a92802f8688fe738e5b8918ffdb64,2918,100.0,ok,3068.4725762307644,0.9568904050466782,63.08537372722151,22,0,0.0,0.0,0,6.173918588592286e-05,"[[4, 195], [311, 436], [523, 681], [815, 989], [1005, 1123], [1166, 1301], [1431, 1576], [1777, 1895], [1944, 2065], [2103, 2226], [2635, 2767], [3044, 3165], [3186, 3315], [3337, 3464], [3603, 3730], [3736, 3857], [3896, 4015], [4024, 4144], [4160, 4278], [4288, 4408], [4511, 4668], [4744, 4863]]"
34,4864x896,0,0.7,4864,3404,117.71428571428571,3178.0251437585175,3178.027543695447,17,DP; rtol=1e-6,49d13118f7639cf7701ebdc5da2d9a8f43ebfc3e56c5c4c22a6d5bf65373419b,950268bb257438cf8666d50db7fb9a488f7a92802f8688fe738e5b8918ffdb64,3404,100.0,ok,3547.739895313978,1.1163347471562841,72.93873144461317,25,1,0.7142857142857082,7.191686879512076e-05,0,7.551655536452984e-05,"[[4, 238], [307, 436], [520, 681], [790, 989], [1005, 1123], [1166, 1301], [1431, 1586], [1777, 1895], [1944, 2065], [2103, 2226], [2410, 2528], [2590, 2707], [2723, 2870], [3044, 3165], [3183, 3301], [3308, 3432], [3458, 3579], [3603, 3730], [3736, 3857], [3896, 4015], [4024, 4150], [4160, 4278], [4288, 4408], [4511, 4706], [4744, 4863]]"
34,4864x896,0,0.8,4864,3891,117.71428571428571,3147.5768054697587,3147.579136310016,16,DP; rtol=1e-6,49d13118f7639cf7701ebdc5da2d9a8f43ebfc3e56c5c4c22a6d5bf65373419b,950268bb257438cf8666d50db7fb9a488f7a92802f8688fe738e5b8918ffdb64,3891,100.0,ok,4016.4184812009335,1.2760350991980018,82.57439316688391,30,1,0.7142857142857082,7.191686879512076e-05,0,7.405183972686302e-05,"[[4, 238], [307, 436], [520, 681], [729, 848], [857, 989], [1005, 1123], [1166, 1301], [1431, 1586], [1634, 1757], [1777, 1895], [1944, 2065], [2103, 2226], [2244, 2388], [2410, 2528], [2590, 2707], [2723, 2870], [2913, 3032], [3044, 3165], [3183, 3301], [3308, 3432], [3458, 3577], [3603, 3730], [3736, 3857], [3896, 4015], [4024, 4150], [4160, 4278], [4288, 4408], [4452, 4571], [4579, 4706], [4744, 4863]]"
34,4864x896,0,0.9,4864,4377,117.71428571428571,3113.0497092017195,3113.051567132286,14,DP; rtol=1e-6,49d13118f7639cf7701ebdc5da2d9a8f43ebfc3e56c5c4c22a6d5bf65373419b,950268bb257438cf8666d50db7fb9a488f7a92802f8688fe738e5b8918ffdb64,4377,100.0,ok,4468.271095752716,1.4353356075700174,91.86412620195523,32,0,0.0,0.0,0,5.968197206440706e-05,"[[4, 238], [258, 386], [400, 540], [551, 681], [729, 848], [857, 989], [998, 1130], [1151, 1272], [1273, 1394], [1413, 1586], [1596, 1735], [1750, 1894], [1925, 2065], [2102, 2231], [2243, 2388], [2401, 2552], [2589, 2707], [2723, 2870], [2913, 3034], [3044, 3180], [3183, 3301], [3304, 3492], [3502, 3620], [3625, 3755], [3759, 3877], [3885, 4015], [4024, 4151], [4160, 4278], [4288, 4421], [4452, 4572], [4579, 4706], [4713, 4863]]"
44,896x128,0,0.1,896,89,824.0,7224.643522661982,7224.648531987757,21,DP; rtol=1e-6,49d13118f7639cf7701ebdc5da2d9a8f43ebfc3e56c5c4c22a6d5bf65373419b,950268bb257438cf8666d50db7fb9a488f7a92802f8688fe738e5b8918ffdb64,89,100.0,ok,106.49944370985031,0.014741134752986355,11.886098684471168,1,1,735.0,0.010571779712882841,0,6.933660167129929e-05,"[[18, 107]]"
44,896x128,0,0.2,896,179,824.0,11721.990669607965,11721.99977022921,20,DP; rtol=1e-6,49d13118f7639cf7701ebdc5da2d9a8f43ebfc3e56c5c4c22a6d5bf65373419b,950268bb257438cf8666d50db7fb9a488f7a92802f8688fe738e5b8918ffdb64,179,100.0,ok,207.04356175661087,0.01766283284062154,23.107540483761802,1,1,645.0,0.009277276074570656,0,7.763710477837193e-05,"[[30, 209]]"
44,896x128,0,0.3,896,268,824.0,14129.250804105926,14129.259142463212,20,DP; rtol=1e-6,49d13118f7639cf7701ebdc5da2d9a8f43ebfc3e56c5c4c22a6d5bf65373419b,950268bb257438cf8666d50db7fb9a488f7a92802f8688fe738e5b8918ffdb64,268,100.0,ok,290.38531789183617,0.0205520676161719,32.40907581064347,1,1,556.0,0.007997155810017496,0,5.901482308390271e-05,"[[19, 287]]"
44,896x128,0,0.4,896,358,824.0,15935.820359711293,15935.8349281265,19,DP; rtol=1e-6,49d13118f7639cf7701ebdc5da2d9a8f43ebfc3e56c5c4c22a6d5bf65373419b,950268bb257438cf8666d50db7fb9a488f7a92802f8688fe738e5b8918ffdb64,358,100.0,ok,374.0737134218216,0.023473765703807083,41.74929857015877,1,1,466.0,0.006702652171705311,0,9.141921507582751e-05,"[[31, 389]]"
44,896x128,0,0.5,896,448,824.0,17560.38271695059,17560.394540319423,19,DP; rtol=1e-6,49d13118f7639cf7701ebdc5da2d9a8f43ebfc3e56c5c4c22a6d5bf65373419b,950268bb257438cf8666d50db7fb9a488f7a92802f8688fe738e5b8918ffdb64,448,100.0,ok,463.51444616913795,0.026395463791442274,51.731523254283445,1,1,376.0,0.005408148533393127,0,6.732974482392962e-05,"[[48, 496]]"
44,896x128,0,0.6,896,537,824.0,18920.01455043037,18920.032582368687,18,DP; rtol=1e-6,49d13118f7639cf7701ebdc5da2d9a8f43ebfc3e56c5c4c22a6d5bf65373419b,950268bb257438cf8666d50db7fb9a488f7a92802f8688fe738e5b8918ffdb64,537,100.0,ok,554.0669229924679,0.029284698566992628,61.83782651890639,1,1,287.0,0.0041280282688399665,0,9.530606377428086e-05,"[[42, 579]]"
44,896x128,0,0.7,896,627,824.0,20140.82890006474,20140.841267524782,18,DP; rtol=1e-6,49d13118f7639cf7701ebdc5da2d9a8f43ebfc3e56c5c4c22a6d5bf65373419b,950268bb257438cf8666d50db7fb9a488f7a92802f8688fe738e5b8918ffdb64,627,100.0,ok,648.6635245084763,0.032206396654627815,72.395482987969,1,1,197.0,0.002833524630527782,0,6.140488314487769e-05,"[[36, 663]]"
44,896x128,0,0.8,896,716,824.0,20912.7494733996,20912.765498655415,17,DP; rtol=1e-6,49d13118f7639cf7701ebdc5da2d9a8f43ebfc3e56c5c4c22a6d5bf65373419b,950268bb257438cf8666d50db7fb9a488f7a92802f8688fe738e5b8918ffdb64,716,100.0,ok,733.9461477100849,0.035095631430178166,81.91363294381834,1,1,108.0,0.0015534043659746217,0,7.662906092997801e-05,"[[42, 758]]"
44,896x128,0,0.9,896,806,824.0,21596.55011570888,21596.564565648147,16,DP; rtol=1e-6,49d13118f7639cf7701ebdc5da2d9a8f43ebfc3e56c5c4c22a6d5bf65373419b,950268bb257438cf8666d50db7fb9a488f7a92802f8688fe738e5b8918ffdb64,806,100.0,ok,821.0431621968746,0.03801732951781336,91.63428192798807,1,1,18.0,0.00025890072766243693,0,6.690850863355635e-05,"[[39, 845]]"
45,896x896,0,0.1,896,89,117.71428571428571,4489.6037997195845,4489.606752590222,20,DP; rtol=1e-6,49d13118f7639cf7701ebdc5da2d9a8f43ebfc3e56c5c4c22a6d5bf65373419b,950268bb257438cf8666d50db7fb9a488f7a92802f8688fe738e5b8918ffdb64,89,100.0,ok,144.0109711587429,0.032076543406288474,16.07265304500932,1,1,28.714285714285708,0.0028910581255638785,0,6.577125347684287e-05,"[[550, 639]]"
45,896x896,0,0.2,896,179,117.71428571428571,4322.75256917744,4322.756695776765,19,DP; rtol=1e-6,49d13118f7639cf7701ebdc5da2d9a8f43ebfc3e56c5c4c22a6d5bf65373419b,950268bb257438cf8666d50db7fb9a488f7a92802f8688fe738e5b8918ffdb64,179,100.0,ok,253.74080938100815,0.05869889736235621,28.319286785763737,1,0,0.0,0.0,0,9.546221578782266e-05,"[[456, 635]]"
45,896x896,0,0.3,896,268,117.71428571428571,4078.444239567973,4078.4467374455035,18,DP; rtol=1e-6,49d13118f7639cf7701ebdc5da2d9a8f43ebfc3e56c5c4c22a6d5bf65373419b,950268bb257438cf8666d50db7fb9a488f7a92802f8688fe738e5b8918ffdb64,268,100.0,ok,358.43155413866043,0.0878843826430808,40.003521701856236,2,0,0.0,0.0,0,6.124580487210096e-05,"[[390, 509], [550, 699]]"
45,896x896,0,0.4,896,358,117.71428571428571,3879.037057204204,3879.040313298192,17,DP; rtol=1e-6,49d13118f7639cf7701ebdc5da2d9a8f43ebfc3e56c5c4c22a6d5bf65373419b,950268bb257438cf8666d50db7fb9a488f7a92802f8688fe738e5b8918ffdb64,358,100.0,ok,456.0599198490381,0.1175703952098207,50.89954467002662,3,1,1.7142857142857082,0.00017260048510829066,0,8.394071020489946e-05,"[[255, 371], [390, 509], [576, 699]]"
45,896x896,0,0.5,896,448,117.71428571428571,3688.7232435467727,3688.725628751333,18,DP; rtol=1e-6,49d13118f7639cf7701ebdc5da2d9a8f43ebfc3e56c5c4c22a6d5bf65373419b,950268bb257438cf8666d50db7fb9a488f7a92802f8688fe738e5b8918ffdb64,448,100.0,ok,541.9147832840681,0.14691120680634404,60.481560686687025,3,0,0.0,0.0,0,6.466202152610734e-05,"[[252, 370], [379, 533], [538, 714]]"
45,896x896,0,0.6,896,537,117.71428571428571,3598.8892598282646,3598.891999957852,17,DP; rtol=1e-6,49d13118f7639cf7701ebdc5da2d9a8f43ebfc3e56c5c4c22a6d5bf65373419b,950268bb257438cf8666d50db7fb9a488f7a92802f8688fe738e5b8918ffdb64,537,100.0,ok,633.7524938434362,0.17609669208706863,70.73130517762334,4,0,0.0,0.0,0,7.613814438922617e-05,"[[252, 370], [379, 511], [538, 701], [769, 893]]"
45,896x896,0,0.7,896,627,117.71428571428571,3436.2871418636905,3436.289428924407,17,DP; rtol=1e-6,49d13118f7639cf7701ebdc5da2d9a8f43ebfc3e56c5c4c22a6d5bf65373419b,950268bb257438cf8666d50db7fb9a488f7a92802f8688fe738e5b8918ffdb64,627,100.0,ok,706.5353571921587,0.20561010416870026,78.85439261196096,4,0,0.0,0.0,0,6.655611419770224e-05,"[[252, 371], [377, 535], [538, 725], [730, 893]]"
45,896x896,0,0.8,896,716,117.71428571428571,3355.5259213626273,3355.5281772344097,16,DP; rtol=1e-6,49d13118f7639cf7701ebdc5da2d9a8f43ebfc3e56c5c4c22a6d5bf65373419b,950268bb257438cf8666d50db7fb9a488f7a92802f8688fe738e5b8918ffdb64,716,100.0,ok,787.8626866191626,0.23479558944942486,87.93110349336003,5,0,0.0,0.0,0,6.722851554341602e-05,"[[70, 201], [252, 370], [380, 533], [538, 701], [742, 893]]"
45,896x896,0,0.9,896,806,117.71428571428571,3214.2555558548875,3214.2572808977116,15,DP; rtol=1e-6,49d13118f7639cf7701ebdc5da2d9a8f43ebfc3e56c5c4c22a6d5bf65373419b,950268bb257438cf8666d50db7fb9a488f7a92802f8688fe738e5b8918ffdb64,806,100.0,ok,849.556676633656,0.2643090015310564,94.81659345628931,5,0,0.0,0.0,0,5.366847372068051e-05,"[[7, 201], [252, 370], [379, 533], [538, 715], [730, 893]]"
47,896x4864,0,0.1,896,89,21.68421052631579,787.517244936485,787.5177461227962,19,DP; rtol=1e-6,49d13118f7639cf7701ebdc5da2d9a8f43ebfc3e56c5c4c22a6d5bf65373419b,950268bb257438cf8666d50db7fb9a488f7a92802f8688fe738e5b8918ffdb64,89,100.0,ok,125.0651878118515,0.15880945924166814,13.958168285011944,4,1,0.6842105263157912,0.0003739677177346321,0,6.364127204117054e-05,"[[53, 75], [205, 226], [262, 285], [551, 574]]"
47,896x4864,0,0.2,896,179,21.68421052631579,704.2977049711061,704.2981008505733,18,DP; rtol=1e-6,49d13118f7639cf7701ebdc5da2d9a8f43ebfc3e56c5c4c22a6d5bf65373419b,950268bb257438cf8666d50db7fb9a488f7a92802f8688fe738e5b8918ffdb64,179,100.0,ok,224.68866324424744,0.3190251248276683,25.07685974146344,8,1,0.6842105263157912,0.0003739677177346321,0,5.6209077758939685e-05,"[[48, 71], [205, 226], [262, 286], [370, 392], [441, 463], [551, 574], [642, 664], [781, 803]]"
47,896x4864,0,0.3,896,268,21.68421052631579,667.6767222404987,667.6770993631653,17,DP; rtol=1e-6,49d13118f7639cf7701ebdc5da2d9a8f43ebfc3e56c5c4c22a6d5bf65373419b,950268bb257438cf8666d50db7fb9a488f7a92802f8688fe738e5b8918ffdb64,268,100.0,ok,318.539649784565,0.4770866486338672,35.551300205382894,10,0,0.0,0.0,0,5.6482791899181706e-05,"[[46, 71], [148, 170], [205, 227], [262, 293], [370, 392], [441, 463], [547, 592], [642, 664], [728, 759], [777, 803]]"
47,896x4864,0,0.4,896,358,21.68421052631579,642.4162019949132,642.416512145777,16,DP; rtol=1e-6,49d13118f7639cf7701ebdc5da2d9a8f43ebfc3e56c5c4c22a6d5bf65373419b,950268bb257438cf8666d50db7fb9a488f7a92802f8688fe738e5b8918ffdb64,358,100.0,ok,409.65357514459174,0.637676281937602,45.720265091091505,14,1,0.6842105263157912,0.0003739677177346321,0,4.8278781439314855e-05,"[[46, 71], [146, 170], [207, 234], [262, 293], [335, 357], [370, 392], [406, 432], [441, 463], [481, 502], [547, 574], [578, 600], [642, 664], [723, 760], [773, 803]]"
47,896x4864,0,0.5,896,448,21.68421052631579,625.2842936211846,625.2846425025616,12,DP; rtol=1e-6,49d13118f7639cf7701ebdc5da2d9a8f43ebfc3e56c5c4c22a6d5bf65373419b,950268bb257438cf8666d50db7fb9a488f7a92802f8688fe738e5b8918ffdb64,448,100.0,ok,498.9093027933268,0.797891947523602,55.68184183934293,17,1,0.6842105263157912,0.0003739677177346321,0,5.5795609443798355e-05,"[[46, 71], [140, 170], [207, 233], [262, 293], [335, 357], [370, 392], [406, 432], [441, 463], [481, 502], [547, 592], [595, 621], [642, 664], [701, 727], [728, 759], [771, 793], [795, 824], [844, 866]]"
47,896x4864,0,0.6,896,537,21.68421052631579,612.3957912370606,612.3960996650478,18,DP; rtol=1e-6,49d13118f7639cf7701ebdc5da2d9a8f43ebfc3e56c5c4c22a6d5bf65373419b,950268bb257438cf8666d50db7fb9a488f7a92802f8688fe738e5b8918ffdb64,537,100.0,ok,585.6508987172274,0.9563274390475356,65.36282352897004,19,1,0.6842105263157912,0.0003739677177346321,0,5.0364133175051506e-05,"[[19, 41], [46, 81], [139, 171], [205, 234], [262, 309], [336, 364], [370, 392], [406, 432], [441, 463], [481, 502], [547, 592], [595, 621], [626, 648], [653, 676], [685, 710], [721, 760], [771, 793], [795, 824], [844, 866]]"
47,896x4864,0,0.7,896,627,21.68421052631579,600.6637001823498,600.6641091432618,17,DP; rtol=1e-6,49d13118f7639cf7701ebdc5da2d9a8f43ebfc3e56c5c4c22a6d5bf65373419b,950268bb257438cf8666d50db7fb9a488f7a92802f8688fe738e5b8918ffdb64,627,100.0,ok,670.442283809185,1.1161691369158013,74.82614775963691,23,0,0.0,0.0,0,6.80847924594552e-05,"[[5, 38], [46, 86], [99, 122], [139, 162], [163, 186], [205, 234], [262, 309], [336, 364], [370, 392], [406, 432], [441, 463], [465, 489], [539, 563], [567, 592], [595, 621], [626, 648], [653, 676], [684, 710], [721, 760], [771, 793], [795, 829], [843, 866], [871, 894]]"
47,896x4864,0,0.8,896,716,21.68421052631579,590.0994097021164,590.0998868907793,16,DP; rtol=1e-6,49d13118f7639cf7701ebdc5da2d9a8f43ebfc3e56c5c4c22a6d5bf65373419b,950268bb257438cf8666d50db7fb9a488f7a92802f8688fe738e5b8918ffdb64,716,100.0,ok,752.1434388458729,1.2746046284397348,83.94458024300359,26,0,0.0,0.0,0,8.086574383447953e-05,"[[3, 32], [34, 63], [67, 94], [99, 130], [139, 162], [163, 186], [200, 234], [262, 299], [300, 322], [336, 364], [370, 392], [406, 438], [441, 463], [465, 489], [494, 518], [539, 563], [566, 592], [595, 622], [626, 648], [653, 691], [701, 727], [728, 760], [771, 794], [795, 829], [835, 860], [862, 894]]"
47,896x4864,0,0.9,896,806,21.68421052631579,578.9187847081718,578.9191564916785,15,DP; rtol=1e-6,49d13118f7639cf7701ebdc5da2d9a8f43ebfc3e56c5c4c22a6d5bf65373419b,950268bb257438cf8666d50db7fb9a488f7a92802f8688fe738e5b8918ffdb64,806,100.0,ok,830.6444208920002,1.434820294025735,92.70585056218279,27,0,0.0,0.0,0,6.422028059338558e-05,"[[0, 42], [44, 69], [70, 95], [99, 130], [132, 162], [163, 190], [200, 234], [256, 299], [300, 322], [325, 351], [353, 377], [378, 414], [416, 440], [441, 463], [465, 489], [491, 519], [528, 565], [566, 592], [595, 622], [625, 648], [653, 691], [695, 727], [728, 769], [771, 794], [795, 829], [833, 855], [856, 896]]"
48,4864x896,0,0.1,4864,486,117.71428571428571,3348.008551092662,3348.0116160485695,16,DP; rtol=1e-6,49d13118f7639cf7701ebdc5da2d9a8f43ebfc3e56c5c4c22a6d5bf65373419b,950268bb257438cf8666d50db7fb9a488f7a92802f8688fe738e5b8918ffdb64,486,100.0,ok,533.5802425146103,0.15937242524081072,10.969988539347082,4,0,0.0,0.0,0,9.154555775658935e-05,"[[1514, 1645], [1856, 1975], [2250, 2368], [3814, 3932]]"
48,4864x896,0,0.2,4864,972,117.71428571428571,3312.1944278469514,3312.196164480305,18,DP; rtol=1e-6,49d13118f7639cf7701ebdc5da2d9a8f43ebfc3e56c5c4c22a6d5bf65373419b,950268bb257438cf8666d50db7fb9a488f7a92802f8688fe738e5b8918ffdb64,972,100.0,ok,1055.9831203222275,0.31881676735041653,21.710179284536782,7,1,0.7142857142857082,7.191686879512076e-05,0,5.2431476504910535e-05,"[[937, 1075], [1514, 1645], [1876, 2050], [2251, 2376], [2762, 2926], [3818, 3935], [4345, 4468]]"
48,4864x896,0,0.3,4864,1459,117.71428571428571,3275.491659894977,3275.4937193894502,19,DP; rtol=1e-6,49d13118f7639cf7701ebdc5da2d9a8f43ebfc3e56c5c4c22a6d5bf65373419b,950268bb257438cf8666d50db7fb9a488f7a92802f8688fe738e5b8918ffdb64,1459,100.0,ok,1567.1432705819607,0.47844520252333916,32.219228427162534,11,0,0.0,0.0,0,6.287584863873263e-05,"[[903, 1075], [1328, 1446], [1514, 1645], [1785, 1912], [2014, 2144], [2251, 2376], [2762, 2926], [3251, 3382], [3626, 3745], [3816, 3935], [4345, 4468]]"
48,4864x896,0,0.4,4864,1945,117.71428571428571,3244.531316280301,3244.5338292563656,18,DP; rtol=1e-6,49d13118f7639cf7701ebdc5da2d9a8f43ebfc3e56c5c4c22a6d5bf65373419b,950268bb257438cf8666d50db7fb9a488f7a92802f8688fe738e5b8918ffdb64,1945,100.0,ok,2069.4192673563957,0.6378176277641497,42.54562638792251,15,0,0.0,0.0,0,7.745260789393527e-05,"[[177, 296], [903, 1075], [1328, 1446], [1514, 1645], [1783, 1912], [2006, 2144], [2251, 2376], [2666, 2784], [2804, 2926], [2975, 3122], [3251, 3382], [3626, 3745], [3816, 3935], [4139, 4271], [4343, 4468]]"
48,4864x896,0,0.5,4864,2432,117.71428571428571,3217.656942690927,3217.6585920147836,18,DP; rtol=1e-6,49d13118f7639cf7701ebdc5da2d9a8f43ebfc3e56c5c4c22a6d5bf65373419b,950268bb257438cf8666d50db7fb9a488f7a92802f8688fe738e5b8918ffdb64,2432,100.0,ok,2566.1392646431923,0.7975179798058676,52.75779738552362,18,0,0.0,0.0,0,5.125851016973826e-05,"[[177, 296], [412, 530], [903, 1075], [1328, 1464], [1514, 1645], [1783, 1912], [2005, 2144], [2251, 2382], [2402, 2536], [2667, 2790], [2804, 2926], [2975, 3128], [3251, 3382], [3394, 3518], [3572, 3743], [3803, 3935], [4130, 4271], [4342, 4468]]"
48,4864x896,0,0.6,4864,2918,117.71428571428571,3190.511797931497,3190.5139919721796,17,DP; rtol=1e-6,49d13118f7639cf7701ebdc5da2d9a8f43ebfc3e56c5c4c22a6d5bf65373419b,950268bb257438cf8666d50db7fb9a488f7a92802f8688fe738e5b8918ffdb64,2918,100.0,ok,3052.9701266288757,0.9568904050466783,62.76665556853098,22,0,0.0,0.0,0,6.876762453922325e-05,"[[177, 296], [412, 530], [903, 1022], [1035, 1155], [1192, 1361], [1415, 1536], [1588, 1718], [1783, 1912], [2005, 2144], [2250, 2382], [2402, 2536], [2667, 2791], [2804, 2926], [2975, 3128], [3251, 3382], [3394, 3518], [3572, 3743], [3775, 3911], [4130, 4271], [4342, 4468], [4585, 4716], [4729, 4858]]"
48,4864x896,0,0.7,4864,3404,117.71428571428571,3165.096267817714,3165.0979183446684,16,DP; rtol=1e-6,49d13118f7639cf7701ebdc5da2d9a8f43ebfc3e56c5c4c22a6d5bf65373419b,950268bb257438cf8666d50db7fb9a488f7a92802f8688fe738e5b8918ffdb64,3404,100.0,ok,3533.07931804657,1.116262830287489,72.63732151123234,24,0,0.0,0.0,0,5.214773751704982e-05,"[[177, 296], [412, 530], [622, 821], [903, 1022], [1038, 1156], [1192, 1386], [1415, 1536], [1575, 1718], [1783, 1975], [2005, 2144], [2250, 2382], [2402, 2536], [2667, 2791], [2804, 2926], [2975, 3128], [3251, 3400], [3408, 3532], [3572, 3743], [3775, 3935], [4053, 4216], [4247, 4371], [4385, 4511], [4585, 4716], [4729, 4858]]"
48,4864x896,0,0.8,4864,3891,117.71428571428571,3140.1919956634006,3140.193775267462,17,DP; rtol=1e-6,49d13118f7639cf7701ebdc5da2d9a8f43ebfc3e56c5c4c22a6d5bf65373419b,950268bb257438cf8666d50db7fb9a488f7a92802f8688fe738e5b8918ffdb64,3891,100.0,ok,4006.9952046871185,1.2760350991980018,82.38065799715737,29,1,0.7142857142857082,7.191686879512076e-05,0,5.667179125978805e-05,"[[8, 129], [177, 299], [412, 530], [622, 821], [851, 991], [1004, 1123], [1145, 1282], [1305, 1423], [1428, 1546], [1575, 1729], [1779, 1912], [1942, 2069], [2088, 2207], [2250, 2382], [2402, 2536], [2667, 2791], [2804, 2926], [2975, 3098], [3107, 3224], [3251, 3400], [3408, 3535], [3572, 3703], [3717, 3857], [3868, 3994], [4015, 4216], [4247, 4391], [4417, 4553], [4585, 4716], [4729, 4858]]"
48,4864x896,0,0.9,4864,4377,117.71428571428571,3110.9132065124536,3110.9150250139264,15,DP; rtol=1e-6,49d13118f7639cf7701ebdc5da2d9a8f43ebfc3e56c5c4c22a6d5bf65373419b,950268bb257438cf8666d50db7fb9a488f7a92802f8688fe738e5b8918ffdb64,4377,100.0,ok,4465.204497367144,1.4353356075700174,91.8010793111729,30,0,0.0,0.0,0,5.8455517371047705e-05,"[[5, 142], [153, 277], [278, 403], [411, 553], [619, 737], [743, 876], [895, 1123], [1145, 1293], [1305, 1464], [1484, 1605], [1609, 1729], [1738, 1912], [1917, 2079], [2083, 2207], [2250, 2382], [2401, 2542], [2587, 2791], [2804, 2931], [2935, 3059], [3082, 3224], [3251, 3400], [3403, 3535], [3545, 3703], [3717, 3857], [3868, 3994], [4001, 4217], [4246, 4402], [4417, 4569], [4582, 4716], [4729, 4858]]"
63,896x896,0,0.1,896,89,117.71428571428571,3682.3372966029856,3682.340700443937,21,DP; rtol=1e-6,49d13118f7639cf7701ebdc5da2d9a8f43ebfc3e56c5c4c22a6d5bf65373419b,950268bb257438cf8666d50db7fb9a488f7a92802f8688fe738e5b8918ffdb64,89,100.0,ok,118.11665213108063,0.032076543406288474,13.182662118625633,1,1,28.714285714285708,0.0028910581255638785,0,9.243688262605687e-05,"[[541, 630]]"
63,896x896,0,0.2,896,179,117.71428571428571,3611.94380278521,3611.945692266219,21,DP; rtol=1e-6,49d13118f7639cf7701ebdc5da2d9a8f43ebfc3e56c5c4c22a6d5bf65373419b,950268bb257438cf8666d50db7fb9a488f7a92802f8688fe738e5b8918ffdb64,179,100.0,ok,212.01711855828762,0.05869889736235621,23.66262492960591,1,0,0.0,0.0,0,5.231199939892406e-05,"[[541, 720]]"
63,896x896,0,0.3,896,268,117.71428571428571,3698.2357070225166,3698.2374911950083,20,DP; rtol=1e-6,49d13118f7639cf7701ebdc5da2d9a8f43ebfc3e56c5c4c22a6d5bf65373419b,950268bb257438cf8666d50db7fb9a488f7a92802f8688fe738e5b8918ffdb64,268,100.0,ok,325.01716198027134,0.08788438264308081,36.274236966906955,2,0,0.0,0.0,0,4.824385929635966e-05,"[[537, 655], [709, 859]]"
63,896x896,0,0.4,896,358,117.71428571428571,3616.97804650653,3616.9800686432327,18,DP; rtol=1e-6,49d13118f7639cf7701ebdc5da2d9a8f43ebfc3e56c5c4c22a6d5bf65373419b,950268bb257438cf8666d50db7fb9a488f7a92802f8688fe738e5b8918ffdb64,358,100.0,ok,430.9722165763378,0.11915256632331339,48.099577926879334,3,2,17.428571428571416,0.0017547715986009603,0,5.590676930289362e-05,"[[52, 157], [541, 654], [709, 849]]"
63,896x896,0,0.5,896,448,117.71428571428571,3558.880968947166,3558.882736031347,18,DP; rtol=1e-6,49d13118f7639cf7701ebdc5da2d9a8f43ebfc3e56c5c4c22a6d5bf65373419b,950268bb257438cf8666d50db7fb9a488f7a92802f8688fe738e5b8918ffdb64,448,100.0,ok,522.8394980281591,0.14691120680634404,58.352622770988766,3,0,0.0,0.0,0,4.965277904389609e-05,"[[50, 174], [466, 649], [709, 850]]"
63,896x896,0,0.6,896,537,117.71428571428571,3493.9754870561046,3493.978085204941,18,DP; rtol=1e-6,49d13118f7639cf7701ebdc5da2d9a8f43ebfc3e56c5c4c22a6d5bf65373419b,950268bb257438cf8666d50db7fb9a488f7a92802f8688fe738e5b8918ffdb64,537,100.0,ok,622.8157988041639,0.17825419815092225,69.51069209670547,4,2,21.428571428571416,0.00215750606385364,0,7.436076510103362e-05,"[[50, 162], [207, 309], [466, 649], [709, 849]]"
63,896x896,0,0.7,896,627,117.71428571428571,3417.452142432644,3417.4540760893105,17,DP; rtol=1e-6,49d13118f7639cf7701ebdc5da2d9a8f43ebfc3e56c5c4c22a6d5bf65373419b,950268bb257438cf8666d50db7fb9a488f7a92802f8688fe738e5b8918ffdb64,627,100.0,ok,702.6626909971237,0.20561010416870024,78.4221756344711,4,0,0.0,0.0,0,5.6581789353860046e-05,"[[50, 174], [208, 387], [466, 649], [709, 850]]"
63,896x896,0,0.8,896,716,117.71428571428571,3331.095819273367,3331.0975008124096,14,DP; rtol=1e-6,49d13118f7639cf7701ebdc5da2d9a8f43ebfc3e56c5c4c22a6d5bf65373419b,950268bb257438cf8666d50db7fb9a488f7a92802f8688fe738e5b8918ffdb64,716,100.0,ok,782.3661683797836,0.23486750631821995,87.31765305495455,5,1,0.7142857142857082,7.191686879512076e-05,0,5.048003074437091e-05,"[[31, 174], [208, 387], [445, 562], [570, 719], [731, 859]]"
63,896x896,0,0.9,896,806,117.71428571428571,3203.4932337813207,3203.495198755937,16,DP; rtol=1e-6,49d13118f7639cf7701ebdc5da2d9a8f43ebfc3e56c5c4c22a6d5bf65373419b,950268bb257438cf8666d50db7fb9a488f7a92802f8688fe738e5b8918ffdb64,806,100.0,ok,846.7120980322361,0.26430900153105646,94.49911844542112,6,0,0.0,0.0,0,6.133845985578645e-05,"[[23, 149], [153, 309], [328, 471], [483, 604], [606, 726], [730, 870]]"
64,896x128,0,0.1,896,89,824.0,8012.7245364982355,8012.731943217857,21,DP; rtol=1e-6,49d13118f7639cf7701ebdc5da2d9a8f43ebfc3e56c5c4c22a6d5bf65373419b,950268bb257438cf8666d50db7fb9a488f7a92802f8688fe738e5b8918ffdb64,89,100.0,ok,118.11665213108063,0.014741134752986355,13.182662118625633,1,1,735.0,0.010571779712882841,0,9.24368826371591e-05,"[[541, 630]]"
64,896x128,0,0.2,896,179,824.0,12003.573858814083,12003.58013812685,21,DP; rtol=1e-6,49d13118f7639cf7701ebdc5da2d9a8f43ebfc3e56c5c4c22a6d5bf65373419b,950268bb257438cf8666d50db7fb9a488f7a92802f8688fe738e5b8918ffdb64,179,100.0,ok,212.01711855828762,0.01766283284062154,23.66262492960591,1,1,645.0,0.009277276074570656,0,5.23119993767196e-05,"[[541, 720]]"
64,896x128,0,0.3,896,268,824.0,14999.175818422096,14999.185852271654,20,DP; rtol=1e-6,49d13118f7639cf7701ebdc5da2d9a8f43ebfc3e56c5c4c22a6d5bf65373419b,950268bb257438cf8666d50db7fb9a488f7a92802f8688fe738e5b8918ffdb64,268,100.0,ok,308.2640756070614,0.0205520676161719,34.40447285560207,1,1,556.0,0.007997155810017496,0,6.689596125930564e-05,"[[535, 803]]"
64,896x128,0,0.4,896,358,824.0,17230.781047467546,17230.796676538477,19,DP; rtol=1e-6,49d13118f7639cf7701ebdc5da2d9a8f43ebfc3e56c5c4c22a6d5bf65373419b,950268bb257438cf8666d50db7fb9a488f7a92802f8688fe738e5b8918ffdb64,358,100.0,ok,404.4713172018528,0.023473765703807083,45.14188825323503,1,1,466.0,0.006702652171705311,0,9.070428503843431e-05,"[[483, 841]]"
64,896x128,0,0.5,896,448,824.0,18469.953342572993,18469.96600932262,19,DP; rtol=1e-6,49d13118f7639cf7701ebdc5da2d9a8f43ebfc3e56c5c4c22a6d5bf65373419b,950268bb257438cf8666d50db7fb9a488f7a92802f8688fe738e5b8918ffdb64,448,100.0,ok,487.52298468351364,0.026395463791442274,54.411047605839904,1,1,376.0,0.005408148533393127,0,6.85802541200431e-05,"[[418, 866]]"
64,896x128,0,0.6,896,537,824.0,19363.50352366682,19363.513711175357,19,DP; rtol=1e-6,49d13118f7639cf7701ebdc5da2d9a8f43ebfc3e56c5c4c22a6d5bf65373419b,950268bb257438cf8666d50db7fb9a488f7a92802f8688fe738e5b8918ffdb64,537,100.0,ok,567.0543638914824,0.029284698566992628,63.28731764068167,1,1,287.0,0.0041280282688399665,0,5.2611879697295194e-05,"[[327, 864]]"
64,896x128,0,0.7,896,627,824.0,20220.505899446514,20220.521169640495,18,DP; rtol=1e-6,49d13118f7639cf7701ebdc5da2d9a8f43ebfc3e56c5c4c22a6d5bf65373419b,950268bb257438cf8666d50db7fb9a488f7a92802f8688fe738e5b8918ffdb64,627,100.0,ok,651.2296335548162,0.032206396654627815,72.6818790229708,1,1,197.0,0.002833524630527782,0,7.551830070173793e-05,"[[232, 859]]"
64,896x128,0,0.8,896,716,824.0,20970.89601697038,20970.916780612322,17,DP; rtol=1e-6,49d13118f7639cf7701ebdc5da2d9a8f43ebfc3e56c5c4c22a6d5bf65373419b,950268bb257438cf8666d50db7fb9a488f7a92802f8688fe738e5b8918ffdb64,716,100.0,ok,735.9868373721838,0.035095631430178166,82.14138841377104,1,1,108.0,0.0015534043659746217,0,9.901160812342269e-05,"[[141, 857]]"
64,896x128,0,0.9,896,806,824.0,21973.81108535783,21973.82700801792,16,DP; rtol=1e-6,49d13118f7639cf7701ebdc5da2d9a8f43ebfc3e56c5c4c22a6d5bf65373419b,950268bb257438cf8666d50db7fb9a488f7a92802f8688fe738e5b8918ffdb64,806,100.0,ok,835.3856167942286,0.03801732951781336,93.23500223098672,1,1,18.0,0.00025890072766243693,0,7.246193430843206e-05,"[[53, 859]]"
67,896x4864,0,0.1,896,89,21.68421052631579,768.0359058525714,768.0362875593066,20,DP; rtol=1e-6,49d13118f7639cf7701ebdc5da2d9a8f43ebfc3e56c5c4c22a6d5bf65373419b,950268bb257438cf8666d50db7fb9a488f7a92802f8688fe738e5b8918ffdb64,89,100.0,ok,121.97136688663159,0.15880945924166812,13.61287567752206,4,1,0.6842105263157912,0.0003739677177346321,0,4.9699049564644326e-05,"[[48, 71], [481, 502], [570, 592], [642, 665]]"
67,896x4864,0,0.2,896,179,21.68421052631579,710.9662515919497,710.9667324392453,18,DP; rtol=1e-6,49d13118f7639cf7701ebdc5da2d9a8f43ebfc3e56c5c4c22a6d5bf65373419b,950268bb257438cf8666d50db7fb9a488f7a92802f8688fe738e5b8918ffdb64,179,100.0,ok,228.12503710819874,0.32086619666882343,25.460383435486293,8,3,4.0526315789473735,0.002215039558889741,0,6.76328826276773e-05,"[[48, 69], [207, 226], [262, 284], [359, 387], [481, 502], [553, 576], [582, 604], [642, 665]]"
67,896x4864,0,0.3,896,268,21.68421052631579,679.3570636153424,679.3574178754641,17,DP; rtol=1e-6,49d13118f7639cf7701ebdc5da2d9a8f43ebfc3e56c5c4c22a6d5bf65373419b,950268bb257438cf8666d50db7fb9a488f7a92802f8688fe738e5b8918ffdb64,268,100.0,ok,325.8710450871149,0.4796756559104915,36.369536038718316,12,4,4.736842105263165,0.002589007276624373,0,5.2146353646254084e-05,"[[48, 71], [207, 226], [262, 284], [359, 388], [441, 462], [481, 502], [553, 576], [582, 604], [642, 665], [692, 713], [757, 779], [844, 866]]"
67,896x4864,0,0.4,896,358,21.68421052631579,654.6344126146585,654.6348609674797,16,DP; rtol=1e-6,49d13118f7639cf7701ebdc5da2d9a8f43ebfc3e56c5c4c22a6d5bf65373419b,950268bb257438cf8666d50db7fb9a488f7a92802f8688fe738e5b8918ffdb64,358,100.0,ok,418.4240868134657,0.6391721528085406,46.6991165194255,16,5,3.421052631578956,0.0018698385886731603,0,6.848899255507135e-05,"[[48, 71], [127, 149], [153, 176], [208, 229], [262, 285], [355, 377], [386, 410], [441, 462], [481, 502], [553, 576], [582, 604], [642, 665], [692, 713], [748, 769], [775, 801], [844, 866]]"
67,896x4864,0,0.5,896,448,21.68421052631579,637.1541220274394,637.1545403004452,15,DP; rtol=1e-6,49d13118f7639cf7701ebdc5da2d9a8f43ebfc3e56c5c4c22a6d5bf65373419b,950268bb257438cf8666d50db7fb9a488f7a92802f8688fe738e5b8918ffdb64,448,100.0,ok,508.6184183700243,0.7982659152413368,56.76544809901534,18,2,1.3684210526315823,0.0007479354354692642,0,6.564702585976079e-05,"[[48, 71], [125, 149], [153, 176], [208, 248], [262, 287], [328, 350], [359, 388], [393, 416], [441, 462], [481, 503], [553, 576], [582, 604], [607, 629], [642, 665], [676, 713], [748, 769], [775, 801], [844, 866]]"
67,896x4864,0,0.6,896,537,21.68421052631579,623.1674747307045,623.1678613967965,18,DP; rtol=1e-6,49d13118f7639cf7701ebdc5da2d9a8f43ebfc3e56c5c4c22a6d5bf65373419b,950268bb257438cf8666d50db7fb9a488f7a92802f8688fe738e5b8918ffdb64,537,100.0,ok,595.9521552069345,0.9563274390475357,66.51251687720897,20,1,0.6842105263157912,0.0003739677177346321,0,6.204846494384242e-05,"[[5, 32], [48, 80], [104, 126], [127, 149], [153, 176], [208, 248], [260, 290], [328, 350], [359, 388], [393, 416], [436, 461], [481, 519], [553, 576], [582, 604], [607, 629], [636, 665], [676, 713], [748, 769], [775, 802], [844, 867]]"
67,896x4864,0,0.7,896,627,21.68421052631579,610.5868925783409,610.5872737298714,13,DP; rtol=1e-6,49d13118f7639cf7701ebdc5da2d9a8f43ebfc3e56c5c4c22a6d5bf65373419b,950268bb257438cf8666d50db7fb9a488f7a92802f8688fe738e5b8918ffdb64,627,100.0,ok,681.7465846879641,1.116543104633536,76.08778796058317,23,1,0.6842105263157912,0.0003739677177346321,0,6.24237593727095e-05,"[[5, 32], [48, 81], [104, 126], [127, 149], [153, 176], [208, 235], [238, 266], [272, 309], [328, 350], [356, 396], [399, 424], [436, 461], [481, 519], [553, 576], [582, 604], [607, 630], [636, 666], [676, 713], [719, 743], [748, 769], [775, 802], [808, 831], [839, 867]]"
67,896x4864,0,0.8,896,716,21.68421052631579,598.7678905394458,598.768306173992,17,DP; rtol=1e-6,49d13118f7639cf7701ebdc5da2d9a8f43ebfc3e56c5c4c22a6d5bf65373419b,950268bb257438cf8666d50db7fb9a488f7a92802f8688fe738e5b8918ffdb64,716,100.0,ok,763.1923246426741,1.2746046284397348,85.1777142339992,25,0,0.0,0.0,0,6.941492090017931e-05,"[[5, 40], [48, 85], [104, 126], [127, 150], [153, 189], [208, 235], [237, 266], [272, 309], [326, 350], [356, 398], [399, 424], [427, 461], [481, 519], [530, 552], [553, 576], [578, 604], [607, 630], [636, 666], [676, 713], [719, 743], [746, 769], [775, 802], [808, 831], [839, 864], [865, 889]]"
67,896x4864,0,0.9,896,806,21.68421052631579,586.1782805066784,586.1786356292138,16,DP; rtol=1e-6,49d13118f7639cf7701ebdc5da2d9a8f43ebfc3e56c5c4c22a6d5bf65373419b,950268bb257438cf8666d50db7fb9a488f7a92802f8688fe738e5b8918ffdb64,806,100.0,ok,841.0604927880922,1.434820294025735,93.86835794208525,29,0,0.0,0.0,0,6.058264728769913e-05,"[[5, 43], [44, 69], [70, 95], [97, 124], [125, 150], [153, 189], [197, 226], [228, 258], [260, 290], [294, 319], [324, 350], [352, 377], [378, 416], [417, 440], [443, 466], [481, 527], [530, 552], [553, 576], [578, 604], [607, 630], [631, 666], [667, 691], [692, 716], [719, 743], [746, 769], [770, 802], [806, 831], [839, 864], [865, 894]]"
69,4864x896,0,0.1,4864,486,117.71428571428571,3458.9153575050027,3458.9174785056475,20,DP; rtol=1e-6,49d13118f7639cf7701ebdc5da2d9a8f43ebfc3e56c5c4c22a6d5bf65373419b,950268bb257438cf8666d50db7fb9a488f7a92802f8688fe738e5b8918ffdb64,486,100.0,ok,551.2557292282581,0.15937242524081072,11.333382584930682,4,0,0.0,0.0,0,6.131978164125584e-05,"[[291, 409], [3248, 3378], [3736, 3856], [4149, 4267]]"
69,4864x896,0,0.2,4864,972,117.71428571428571,3360.3343726483417,3360.3375040014957,17,DP; rtol=1e-6,49d13118f7639cf7701ebdc5da2d9a8f43ebfc3e56c5c4c22a6d5bf65373419b,950268bb257438cf8666d50db7fb9a488f7a92802f8688fe738e5b8918ffdb64,972,100.0,ok,1071.089277178049,0.3187448504816215,22.02074993010962,8,0,0.0,0.0,0,9.318567406602085e-05,"[[291, 409], [529, 648], [1431, 1550], [2092, 2212], [3159, 3277], [3330, 3470], [3736, 3856], [4149, 4267]]"
69,4864x896,0,0.3,4864,1459,117.71428571428571,3312.947099664953,3312.9491672039667,19,DP; rtol=1e-6,49d13118f7639cf7701ebdc5da2d9a8f43ebfc3e56c5c4c22a6d5bf65373419b,950268bb257438cf8666d50db7fb9a488f7a92802f8688fe738e5b8918ffdb64,1459,100.0,ok,1585.0636460483074,0.4784452025233391,32.587657179146014,12,0,0.0,0.0,0,6.240780976440874e-05,"[[140, 258], [291, 409], [523, 641], [790, 908], [1431, 1550], [1691, 1809], [2092, 2212], [3148, 3276], [3330, 3470], [3736, 3856], [4149, 4267], [4482, 4606]]"
69,4864x896,0,0.4,4864,1945,117.71428571428571,3281.386907688233,3281.388659496747,18,DP; rtol=1e-6,49d13118f7639cf7701ebdc5da2d9a8f43ebfc3e56c5c4c22a6d5bf65373419b,950268bb257438cf8666d50db7fb9a488f7a92802f8688fe738e5b8918ffdb64,1945,100.0,ok,2092.9264132380486,0.63781762776415,43.028914722647414,15,0,0.0,0.0,0,5.338619395445221e-05,"[[140, 258], [291, 409], [529, 648], [790, 908], [1180, 1321], [1431, 1586], [1691, 1809], [2092, 2212], [2437, 2560], [3148, 3277], [3329, 3470], [3734, 3856], [4088, 4266], [4480, 4606], [4734, 4853]]"
69,4864x896,0,0.5,4864,2432,117.71428571428571,3247.5904510576133,3247.592025955758,17,DP; rtol=1e-6,49d13118f7639cf7701ebdc5da2d9a8f43ebfc3e56c5c4c22a6d5bf65373419b,950268bb257438cf8666d50db7fb9a488f7a92802f8688fe738e5b8918ffdb64,2432,100.0,ok,2590.245332300663,0.7975898966746627,53.25339907286261,18,1,0.7142857142857082,7.191686879512076e-05,0,4.8494334636828285e-05,"[[106, 258], [291, 409], [511, 639], [705, 826], [847, 992], [1180, 1336], [1431, 1596], [1691, 1809], [2092, 2212], [2437, 2560], [2599, 2733], [2885, 3002], [3148, 3276], [3329, 3491], [3734, 3856], [4088, 4266], [4480, 4606], [4734, 4853]]"
69,4864x896,0,0.6,4864,2918,117.71428571428571,3218.2154526441172,3218.217716940888,18,DP; rtol=1e-6,49d13118f7639cf7701ebdc5da2d9a8f43ebfc3e56c5c4c22a6d5bf65373419b,950268bb257438cf8666d50db7fb9a488f7a92802f8688fe738e5b8918ffdb64,2918,100.0,ok,3079.7109319865704,0.9569623219154734,63.31642537676873,21,1,0.7142857142857082,7.191686879512076e-05,0,7.035871931737603e-05,"[[106, 258], [291, 409], [451, 571], [580, 745], [804, 992], [1028, 1150], [1180, 1336], [1431, 1596], [1691, 1809], [1817, 1936], [2018, 2138], [2159, 2324], [2437, 2560], [2599, 2733], [2885, 3002], [3148, 3277], [3329, 3491], [3734, 3856], [4088, 4266], [4480, 4606], [4734, 4853]]"
69,4864x896,0,0.7,4864,3404,117.71428571428571,3189.258569716596,3189.2613968110713,17,DP; rtol=1e-6,49d13118f7639cf7701ebdc5da2d9a8f43ebfc3e56c5c4c22a6d5bf65373419b,950268bb257438cf8666d50db7fb9a488f7a92802f8688fe738e5b8918ffdb64,3404,100.0,ok,3560.5095205307007,1.1164066640250794,73.20126477407321,24,2,1.4285714285714164,0.00014383373759024152,0,8.864417567755467e-05,"[[106, 258], [291, 409], [451, 571], [580, 745], [800, 992], [1023, 1140], [1146, 1263], [1315, 1516], [1532, 1655], [1691, 1809], [1817, 1936], [2018, 2143], [2159, 2324], [2437, 2560], [2595, 2733], [2789, 2907], [2926, 3048], [3103, 3221], [3247, 3426], [3454, 3604], [3667, 3856], [4088, 4266], [4468, 4606], [4734, 4853]]"
69,4864x896,0,0.8,4864,3891,117.71428571428571,3159.384798765391,3159.387550056671,16,DP; rtol=1e-6,49d13118f7639cf7701ebdc5da2d9a8f43ebfc3e56c5c4c22a6d5bf65373419b,950268bb257438cf8666d50db7fb9a488f7a92802f8688fe738e5b8918ffdb64,3891,100.0,ok,4031.4858950972557,1.276035099198002,82.88416720648709,26,1,0.7142857142857082,7.191686879512076e-05,0,8.708305758720059e-05,"[[61, 258], [267, 409], [451, 571], [580, 745], [793, 992], [1023, 1142], [1146, 1263], [1315, 1516], [1532, 1655], [1674, 1809], [1817, 1936], [2009, 2143], [2159, 2324], [2437, 2560], [2595, 2733], [2792, 2939], [2958, 3135], [3148, 3288], [3298, 3426], [3454, 3608], [3657, 3779], [3800, 3984], [4088, 4279], [4311, 4429], [4468, 4606], [4658, 4853]]"
69,4864x896,0,0.9,4864,4377,117.71428571428571,3120.3199394778467,3120.3222453592616,14,DP; rtol=1e-6,49d13118f7639cf7701ebdc5da2d9a8f43ebfc3e56c5c4c22a6d5bf65373419b,950268bb257438cf8666d50db7fb9a488f7a92802f8688fe738e5b8918ffdb64,4377,100.0,ok,4478.706316143274,1.4353356075700172,92.07866598948222,31,0,0.0,0.0,0,7.389882306085838e-05,"[[21, 151], [160, 278], [286, 421], [442, 571], [580, 776], [793, 992], [1023, 1142], [1146, 1292], [1315, 1521], [1532, 1657], [1661, 1809], [1817, 1936], [1944, 2074], [2092, 2212], [2231, 2407], [2433, 2560], [2571, 2702], [2717, 2835], [2843, 2998], [3011, 3135], [3148, 3288], [3296, 3426], [3446, 3625], [3657, 3779], [3797, 3922], [3925, 4059], [4088, 4279], [4313, 4437], [4439, 4569], [4584, 4704], [4722, 4853]]"
79,896x128,0,0.1,896,89,824.0,7584.750648462816,7584.757827505897,21,DP; rtol=1e-6,49d13118f7639cf7701ebdc5da2d9a8f43ebfc3e56c5c4c22a6d5bf65373419b,950268bb257438cf8666d50db7fb9a488f7a92802f8688fe738e5b8918ffdb64,89,100.0,ok,111.807831376791,0.014741134752986355,12.478552631948677,1,1,735.0,0.010571779712882841,0,9.465092023486221e-05,"[[538, 627]]"
79,896x128,0,0.2,896,179,824.0,11797.98029516271,11797.98657274991,21,DP; rtol=1e-6,49d13118f7639cf7701ebdc5da2d9a8f43ebfc3e56c5c4c22a6d5bf65373419b,950268bb257438cf8666d50db7fb9a488f7a92802f8688fe738e5b8918ffdb64,179,100.0,ok,208.38575381040573,0.01766283284062154,23.25733863765134,1,1,645.0,0.009277276074570656,0,5.320897054073015e-05,"[[540, 719]]"
79,896x128,0,0.3,896,268,824.0,14807.036408214813,14807.04659760361,20,DP; rtol=1e-6,49d13118f7639cf7701ebdc5da2d9a8f43ebfc3e56c5c4c22a6d5bf65373419b,950268bb257438cf8666d50db7fb9a488f7a92802f8688fe738e5b8918ffdb64,268,100.0,ok,304.3152134567499,0.0205520676161719,33.963751564284564,1,1,556.0,0.007997155810017496,0,6.881445755446691e-05,"[[535, 803]]"
79,896x128,0,0.4,896,358,824.0,16969.616718405454,16969.632881025173,19,DP; rtol=1e-6,49d13118f7639cf7701ebdc5da2d9a8f43ebfc3e56c5c4c22a6d5bf65373419b,950268bb257438cf8666d50db7fb9a488f7a92802f8688fe738e5b8918ffdb64,358,100.0,ok,398.34080693125725,0.023473765703807083,44.45767942670622,1,1,466.0,0.006702652171705311,0,9.524436875851805e-05,"[[494, 852]]"
79,896x128,0,0.5,896,448,824.0,18272.646098780868,18272.659248277025,19,DP; rtol=1e-6,49d13118f7639cf7701ebdc5da2d9a8f43ebfc3e56c5c4c22a6d5bf65373419b,950268bb257438cf8666d50db7fb9a488f7a92802f8688fe738e5b8918ffdb64,448,100.0,ok,482.3149684742093,0.026395463791442274,53.829795687562395,1,1,376.0,0.005408148533393127,0,7.196268467790645e-05,"[[443, 891]]"
79,896x128,0,0.6,896,537,824.0,19193.274209089912,19193.28483025657,19,DP; rtol=1e-6,49d13118f7639cf7701ebdc5da2d9a8f43ebfc3e56c5c4c22a6d5bf65373419b,950268bb257438cf8666d50db7fb9a488f7a92802f8688fe738e5b8918ffdb64,537,100.0,ok,562.0692497268319,0.029284698566992628,62.73094316515022,1,1,287.0,0.0041280282688399665,0,5.533793069334436e-05,"[[324, 861]]"
79,896x128,0,0.7,896,627,824.0,20037.271271428017,20037.28746564818,18,DP; rtol=1e-6,49d13118f7639cf7701ebdc5da2d9a8f43ebfc3e56c5c4c22a6d5bf65373419b,950268bb257438cf8666d50db7fb9a488f7a92802f8688fe738e5b8918ffdb64,627,100.0,ok,645.3283064439893,0.032206396654627815,72.02324861940943,1,1,197.0,0.002833524630527782,0,8.082042137758094e-05,"[[228, 855]]"
79,896x128,0,0.8,896,716,824.0,20790.27910330801,20790.29036580264,18,DP; rtol=1e-6,49d13118f7639cf7701ebdc5da2d9a8f43ebfc3e56c5c4c22a6d5bf65373419b,950268bb257438cf8666d50db7fb9a488f7a92802f8688fe738e5b8918ffdb64,716,100.0,ok,729.647972740233,0.035095631430178166,81.4339256786949,1,1,108.0,0.0015534043659746217,0,5.417189674616907e-05,"[[137, 853]]"
79,896x128,0,0.9,896,806,824.0,21917.132094236396,21917.149253726544,16,DP; rtol=1e-6,49d13118f7639cf7701ebdc5da2d9a8f43ebfc3e56c5c4c22a6d5bf65373419b,950268bb257438cf8666d50db7fb9a488f7a92802f8688fe738e5b8918ffdb64,806,100.0,ok,833.2308329120278,0.03801732951781336,92.99451277268474,1,1,18.0,0.00025890072766243693,0,7.829252768321027e-05,"[[44, 850]]"
80,896x896,0,0.1,896,89,117.71428571428571,5315.301495907639,5315.305117144601,21,DP; rtol=1e-6,49d13118f7639cf7701ebdc5da2d9a8f43ebfc3e56c5c4c22a6d5bf65373419b,950268bb257438cf8666d50db7fb9a488f7a92802f8688fe738e5b8918ffdb64,89,100.0,ok,170.49649915099144,0.032076543406288474,19.028627162150475,1,1,28.714285714285708,0.0028910581255638785,0,6.812848711845731e-05,"[[315, 404]]"
80,896x896,0,0.2,896,179,117.71428571428571,5203.305572134978,5203.309305534729,20,DP; rtol=1e-6,49d13118f7639cf7701ebdc5da2d9a8f43ebfc3e56c5c4c22a6d5bf65373419b,950268bb257438cf8666d50db7fb9a488f7a92802f8688fe738e5b8918ffdb64,179,100.0,ok,340.9029758274555,0.06551661652413371,38.047207173112945,2,1,67.71428571428571,0.006817719161777505,0,7.175048668539574e-05,"[[14, 64], [315, 444]]"
80,896x896,0,0.3,896,268,117.71428571428571,5172.299040813513,5172.30345430341,19,DP; rtol=1e-6,49d13118f7639cf7701ebdc5da2d9a8f43ebfc3e56c5c4c22a6d5bf65373419b,950268bb257438cf8666d50db7fb9a488f7a92802f8688fe738e5b8918ffdb64,268,100.0,ok,454.5643080472946,0.08788438264308081,50.732623732013955,2,0,0.0,0.0,0,8.53292915992121e-05,"[[123, 252], [305, 444]]"
80,896x896,0,0.4,896,358,117.71428571428571,5003.927637880514,5003.93020728372,19,DP; rtol=1e-6,49d13118f7639cf7701ebdc5da2d9a8f43ebfc3e56c5c4c22a6d5bf65373419b,950268bb257438cf8666d50db7fb9a488f7a92802f8688fe738e5b8918ffdb64,358,100.0,ok,613.0006129741669,0.12250389240916604,68.41524707275664,3,1,50.71428571428571,0.005106097684453617,0,5.134770268977462e-05,"[[0, 67], [123, 278], [308, 444]]"
80,896x896,0,0.5,896,448,117.71428571428571,4581.099076804879,4581.101803570995,18,DP; rtol=1e-6,49d13118f7639cf7701ebdc5da2d9a8f43ebfc3e56c5c4c22a6d5bf65373419b,950268bb257438cf8666d50db7fb9a488f7a92802f8688fe738e5b8918ffdb64,448,100.0,ok,673.0147938728333,0.14691120680634404,75.11325834248501,1,0,0.0,0.0,0,5.952205894832474e-05,"[[0, 448]]"
80,896x896,0,0.6,896,537,117.71428571428571,4247.661369435248,4247.66523507668,16,DP; rtol=1e-6,49d13118f7639cf7701ebdc5da2d9a8f43ebfc3e56c5c4c22a6d5bf65373419b,950268bb257438cf8666d50db7fb9a488f7a92802f8688fe738e5b8918ffdb64,537,100.0,ok,755.4527917951345,0.1778514636856696,84.3139277654295,4,2,17.428571428571416,0.0017547715986009603,0,9.100626385816213e-05,"[[0, 117], [123, 245], [251, 448], [603, 704]]"
80,896x896,0,0.7,896,627,117.71428571428571,3924.5987132596683,3924.6007555310707,18,DP; rtol=1e-6,49d13118f7639cf7701ebdc5da2d9a8f43ebfc3e56c5c4c22a6d5bf65373419b,950268bb257438cf8666d50db7fb9a488f7a92802f8688fe738e5b8918ffdb64,627,100.0,ok,824.7750248201191,0.2101552502765519,92.05078413989351,5,3,45.142857142857125,0.0045451461078516685,0,5.203768560502198e-05,"[[0, 117], [123, 245], [251, 448], [595, 704], [750, 832]]"
80,896x896,0,0.8,896,716,117.71428571428571,3667.3193890605194,3667.3223957443633,16,DP; rtol=1e-6,49d13118f7639cf7701ebdc5da2d9a8f43ebfc3e56c5c4c22a6d5bf65373419b,950268bb257438cf8666d50db7fb9a488f7a92802f8688fe738e5b8918ffdb64,716,100.0,ok,861.0704176537693,0.23479558944942486,96.1016092382064,5,0,0.0,0.0,0,8.198580652152287e-05,"[[0, 125], [127, 253], [254, 448], [551, 704], [714, 832]]"
80,896x896,0,0.9,896,806,117.71428571428571,3355.602943338454,3355.606095207544,14,DP; rtol=1e-6,49d13118f7639cf7701ebdc5da2d9a8f43ebfc3e56c5c4c22a6d5bf65373419b,950268bb257438cf8666d50db7fb9a488f7a92802f8688fe738e5b8918ffdb64,806,100.0,ok,886.9160634884611,0.26430900153105646,98.9861679288678,4,0,0.0,0.0,0,9.392845883304801e-05,"[[0, 125], [126, 448], [494, 704], [730, 879]]"
82,896x4864,0,0.1,896,89,21.68421052631579,776.0972549195146,776.097605706578,20,DP; rtol=1e-6,49d13118f7639cf7701ebdc5da2d9a8f43ebfc3e56c5c4c22a6d5bf65373419b,950268bb257438cf8666d50db7fb9a488f7a92802f8688fe738e5b8918ffdb64,89,100.0,ok,122.96135005354881,0.1584354915239335,13.723364975027373,4,0,0.0,0.0,0,4.519883333164998e-05,"[[53, 75], [483, 505], [557, 579], [642, 665]]"
82,896x4864,0,0.2,896,179,21.68421052631579,712.4682367820251,712.4685917042353,18,DP; rtol=1e-6,49d13118f7639cf7701ebdc5da2d9a8f43ebfc3e56c5c4c22a6d5bf65373419b,950268bb257438cf8666d50db7fb9a488f7a92802f8688fe738e5b8918ffdb64,179,100.0,ok,227.02882805466652,0.3186511571099337,25.33803887067034,8,0,0.0,0.0,0,4.981583952012869e-05,"[[53, 75], [195, 218], [256, 278], [386, 410], [483, 505], [557, 579], [582, 604], [642, 664]]"
82,896x4864,0,0.3,896,268,21.68421052631579,677.4495549677548,677.4498768062103,17,DP; rtol=1e-6,49d13118f7639cf7701ebdc5da2d9a8f43ebfc3e56c5c4c22a6d5bf65373419b,950268bb257438cf8666d50db7fb9a488f7a92802f8688fe738e5b8918ffdb64,268,100.0,ok,323.2021377980709,0.4770866486338671,36.07166720095723,12,0,0.0,0.0,0,4.750734579062055e-05,"[[53, 75], [195, 217], [256, 278], [352, 374], [386, 410], [448, 470], [483, 505], [557, 579], [582, 604], [642, 664], [688, 710], [757, 781]]"
82,896x4864,0,0.4,896,358,21.68421052631579,654.7165753831736,654.7170198570739,16,DP; rtol=1e-6,49d13118f7639cf7701ebdc5da2d9a8f43ebfc3e56c5c4c22a6d5bf65373419b,950268bb257438cf8666d50db7fb9a488f7a92802f8688fe738e5b8918ffdb64,358,100.0,ok,417.4972315132618,0.637676281937602,46.59567320645754,15,1,0.6842105263157912,0.0003739677177346321,0,6.788794041368007e-05,"[[53, 75], [96, 118], [207, 248], [256, 278], [352, 374], [386, 410], [448, 470], [481, 502], [557, 579], [582, 604], [642, 664], [682, 710], [747, 769], [777, 801], [844, 866]]"
82,896x4864,0,0.5,896,448,21.68421052631579,636.2704541112261,636.2708673281809,15,DP; rtol=1e-6,49d13118f7639cf7701ebdc5da2d9a8f43ebfc3e56c5c4c22a6d5bf65373419b,950268bb257438cf8666d50db7fb9a488f7a92802f8688fe738e5b8918ffdb64,448,100.0,ok,507.43712717294693,0.7975179798058675,56.633607999920855,18,0,0.0,0.0,0,6.49435603627957e-05,"[[4, 32], [53, 75], [96, 118], [167, 189], [207, 248], [256, 278], [325, 348], [352, 374], [379, 410], [448, 470], [483, 506], [557, 579], [582, 604], [642, 666], [676, 710], [747, 769], [777, 801], [844, 866]]"
82,896x4864,0,0.6,896,537,21.68421052631579,620.6466221490327,620.6469776273561,14,DP; rtol=1e-6,49d13118f7639cf7701ebdc5da2d9a8f43ebfc3e56c5c4c22a6d5bf65373419b,950268bb257438cf8666d50db7fb9a488f7a92802f8688fe738e5b8918ffdb64,537,100.0,ok,593.3092929124832,0.955953471329801,66.21755507862883,22,0,0.0,0.0,0,5.72754458194602e-05,"[[4, 32], [53, 75], [96, 118], [127, 150], [167, 189], [195, 218], [228, 254], [256, 278], [325, 348], [352, 374], [379, 410], [448, 470], [483, 510], [556, 579], [582, 604], [638, 666], [676, 710], [714, 736], [747, 769], [772, 801], [838, 860], [865, 887]]"
82,896x4864,0,0.7,896,627,21.68421052631579,607.6953170476845,607.6956508216886,14,DP; rtol=1e-6,49d13118f7639cf7701ebdc5da2d9a8f43ebfc3e56c5c4c22a6d5bf65373419b,950268bb257438cf8666d50db7fb9a488f7a92802f8688fe738e5b8918ffdb64,627,100.0,ok,678.2907575368881,1.116169136915801,75.70209355063812,24,0,0.0,0.0,0,5.492453395428143e-05,"[[4, 32], [44, 75], [96, 118], [125, 150], [163, 189], [195, 218], [228, 254], [256, 289], [325, 348], [352, 374], [379, 410], [448, 470], [481, 510], [530, 552], [559, 590], [591, 615], [638, 666], [676, 710], [714, 736], [747, 769], [772, 802], [809, 831], [838, 860], [865, 894]]"
82,896x4864,0,0.8,896,716,21.68421052631579,596.3508677899606,596.351285444877,17,DP; rtol=1e-6,49d13118f7639cf7701ebdc5da2d9a8f43ebfc3e56c5c4c22a6d5bf65373419b,950268bb257438cf8666d50db7fb9a488f7a92802f8688fe738e5b8918ffdb64,716,100.0,ok,760.1115762591362,1.274604628439735,84.83388136357257,27,0,0.0,0.0,0,7.003504923774884e-05,"[[4, 32], [44, 81], [96, 118], [125, 150], [163, 189], [195, 218], [228, 254], [256, 278], [282, 309], [325, 348], [352, 374], [379, 416], [418, 440], [447, 470], [481, 519], [530, 552], [556, 590], [591, 617], [626, 650], [652, 674], [676, 710], [714, 742], [747, 769], [772, 802], [809, 831], [838, 860], [865, 894]]"
82,896x4864,0,0.9,896,806,21.68421052631579,584.4297747699928,584.4301632198842,16,DP; rtol=1e-6,49d13118f7639cf7701ebdc5da2d9a8f43ebfc3e56c5c4c22a6d5bf65373419b,950268bb257438cf8666d50db7fb9a488f7a92802f8688fe738e5b8918ffdb64,806,100.0,ok,838.770259141922,1.4351942617434694,93.6127522297863,29,1,0.6842105263157912,0.0003739677177346321,0,6.646643445629152e-05,"[[4, 43], [44, 69], [70, 95], [96, 124], [125, 150], [153, 189], [195, 226], [228, 254], [256, 291], [294, 319], [325, 348], [352, 377], [379, 416], [418, 440], [447, 470], [481, 519], [529, 552], [553, 576], [577, 604], [606, 629], [634, 666], [668, 691], [692, 713], [714, 743], [744, 769], [772, 802], [805, 831], [832, 864], [865, 894]]"
83,4864x896,0,0.1,4864,486,117.71428571428571,3614.490396895967,3614.4931834701574,19,DP; rtol=1e-6,49d13118f7639cf7701ebdc5da2d9a8f43ebfc3e56c5c4c22a6d5bf65373419b,950268bb257438cf8666d50db7fb9a488f7a92802f8688fe738e5b8918ffdb64,486,100.0,ok,576.3100433945656,0.15944434210960584,11.848479519581101,4,1,0.7142857142857082,7.191686879512076e-05,0,7.709446522286001e-05,"[[274, 393], [2498, 2616], [3577, 3709], [4016, 4133]]"
83,4864x896,0,0.2,4864,972,117.71428571428571,3485.924794817157,3485.9264706323993,20,DP; rtol=1e-6,49d13118f7639cf7701ebdc5da2d9a8f43ebfc3e56c5c4c22a6d5bf65373419b,950268bb257438cf8666d50db7fb9a488f7a92802f8688fe738e5b8918ffdb64,972,100.0,ok,1111.1205775141716,0.31874485048162143,22.843761890591285,7,0,0.0,0.0,0,4.807374041071455e-05,"[[274, 393], [833, 966], [1314, 1438], [2498, 2667], [3577, 3714], [3897, 4054], [4101, 4234]]"
83,4864x896,0,0.3,4864,1459,117.71428571428571,3412.688961474477,3412.6907153478364,19,DP; rtol=1e-6,49d13118f7639cf7701ebdc5da2d9a8f43ebfc3e56c5c4c22a6d5bf65373419b,950268bb257438cf8666d50db7fb9a488f7a92802f8688fe738e5b8918ffdb64,1459,100.0,ok,1633.030091226101,0.47851711939213426,33.573809466834234,11,1,0.7142857142857082,7.191686879512076e-05,0,5.1392684130568966e-05,"[[274, 393], [833, 966], [1314, 1438], [1907, 2025], [2308, 2442], [2497, 2667], [2846, 2967], [3434, 3551], [3577, 3714], [3897, 4054], [4103, 4232]]"
83,4864x896,0,0.4,4864,1945,117.71428571428571,3342.3291566510325,3342.331803304782,18,DP; rtol=1e-6,49d13118f7639cf7701ebdc5da2d9a8f43ebfc3e56c5c4c22a6d5bf65373419b,950268bb257438cf8666d50db7fb9a488f7a92802f8688fe738e5b8918ffdb64,1945,100.0,ok,2132.0368237495422,0.637889544632945,43.83299394262716,15,1,0.7142857142857082,7.191686879512076e-05,0,7.918584704613707e-05,"[[274, 393], [583, 701], [838, 966], [1100, 1221], [1314, 1438], [1910, 2065], [2305, 2423], [2435, 2553], [2593, 2715], [2846, 2967], [3434, 3551], [3577, 3714], [3897, 4054], [4103, 4232], [4326, 4487]]"
83,4864x896,0,0.5,4864,2432,117.71428571428571,3286.753717388947,3286.7562987743695,17,DP; rtol=1e-6,49d13118f7639cf7701ebdc5da2d9a8f43ebfc3e56c5c4c22a6d5bf65373419b,950268bb257438cf8666d50db7fb9a488f7a92802f8688fe738e5b8918ffdb64,2432,100.0,ok,2621.717930883169,0.7976618135434579,53.90045092259568,18,2,1.4285714285714164,0.00014383373759024152,0,7.853899675058784e-05,"[[215, 389], [583, 701], [833, 966], [1100, 1261], [1314, 1438], [1492, 1646], [1910, 2065], [2305, 2423], [2435, 2554], [2577, 2696], [2713, 2831], [2846, 2967], [3231, 3348], [3434, 3551], [3577, 3714], [3897, 4054], [4103, 4232], [4326, 4487]]"
83,4864x896,0,0.6,4864,2918,117.71428571428571,3242.454086258507,3242.4570505914717,15,DP; rtol=1e-6,49d13118f7639cf7701ebdc5da2d9a8f43ebfc3e56c5c4c22a6d5bf65373419b,950268bb257438cf8666d50db7fb9a488f7a92802f8688fe738e5b8918ffdb64,2918,100.0,ok,3102.67320394516,0.9568904050466783,63.78851164273143,20,0,0.0,0.0,0,9.1422428072363e-05,"[[39, 172], [190, 388], [540, 696], [833, 966], [1088, 1261], [1314, 1438], [1478, 1646], [1910, 2065], [2305, 2423], [2435, 2554], [2593, 2741], [2758, 2926], [2961, 3079], [3128, 3284], [3436, 3636], [3654, 3774], [3897, 4054], [4079, 4199], [4207, 4333], [4359, 4487]]"
83,4864x896,0,0.7,4864,3404,117.71428571428571,3202.835692979405,3202.8372790835183,18,DP; rtol=1e-6,49d13118f7639cf7701ebdc5da2d9a8f43ebfc3e56c5c4c22a6d5bf65373419b,950268bb257438cf8666d50db7fb9a488f7a92802f8688fe738e5b8918ffdb64,3404,100.0,ok,3575.2064355909824,1.1162628302874893,73.50342184019927,23,0,0.0,0.0,0,4.9521845013611454e-05,"[[39, 172], [190, 420], [518, 636], [641, 778], [809, 966], [1088, 1279], [1314, 1438], [1464, 1583], [1603, 1736], [1910, 2065], [2305, 2423], [2435, 2554], [2593, 2741], [2758, 2926], [2961, 3079], [3128, 3348], [3436, 3637], [3654, 3774], [3897, 4065], [4079, 4199], [4207, 4333], [4414, 4570], [4638, 4763]]"
83,4864x896,0,0.8,4864,3891,117.71428571428571,3164.3638112536873,3164.3655044817983,17,DP; rtol=1e-6,49d13118f7639cf7701ebdc5da2d9a8f43ebfc3e56c5c4c22a6d5bf65373419b,950268bb257438cf8666d50db7fb9a488f7a92802f8688fe738e5b8918ffdb64,3891,100.0,ok,4037.6117186546326,1.2759631823292068,83.01010941040833,28,0,0.0,0.0,0,5.350924564551107e-05,"[[39, 172], [188, 420], [518, 636], [641, 778], [809, 966], [991, 1149], [1160, 1281], [1314, 1438], [1464, 1584], [1603, 1736], [1872, 1996], [2007, 2132], [2142, 2267], [2305, 2423], [2429, 2554], [2592, 2741], [2758, 2926], [2961, 3079], [3124, 3247], [3258, 3378], [3423, 3551], [3556, 3674], [3703, 3869], [3897, 4065], [4079, 4200], [4207, 4333], [4359, 4570], [4638, 4763]]"
83,4864x896,0,0.9,4864,4377,117.71428571428571,3123.3091773726183,3123.311102782951,15,DP; rtol=1e-6,49d13118f7639cf7701ebdc5da2d9a8f43ebfc3e56c5c4c22a6d5bf65373419b,950268bb257438cf8666d50db7fb9a488f7a92802f8688fe738e5b8918ffdb64,4377,100.0,ok,4482.996875733137,1.435335607570017,92.1668766270385,31,0,0.0,0.0,0,6.164644729134139e-05,"[[5, 172], [188, 308], [311, 440], [449, 569], [583, 778], [809, 966], [991, 1144], [1148, 1281], [1314, 1442], [1447, 1646], [1672, 1811], [1872, 1996], [2004, 2132], [2142, 2273], [2306, 2427], [2429, 2561], [2575, 2702], [2708, 2831], [2846, 2975], [2986, 3150], [3155, 3284], [3291, 3416], [3423, 3551], [3556, 3674], [3703, 3879], [3897, 4065], [4079, 4200], [4202, 4333], [4359, 4493], [4510, 4661], [4686, 4863]]"
93,896x128,0,0.1,896,89,824.0,7332.396591628912,7332.402073097457,21,DP; rtol=1e-6,49d13118f7639cf7701ebdc5da2d9a8f43ebfc3e56c5c4c22a6d5bf65373419b,950268bb257438cf8666d50db7fb9a488f7a92802f8688fe738e5b8918ffdb64,89,100.0,ok,108.08784621953964,0.014741134752986355,12.063375706182436,1,1,735.0,0.010571779712882841,0,7.475679171253802e-05,"[[28, 117]]"
93,896x128,0,0.2,896,179,824.0,11617.002556507747,11617.012190568497,20,DP; rtol=1e-6,49d13118f7639cf7701ebdc5da2d9a8f43ebfc3e56c5c4c22a6d5bf65373419b,950268bb257438cf8666d50db7fb9a488f7a92802f8688fe738e5b8918ffdb64,179,100.0,ok,205.18917426466942,0.01766283284062154,22.900577507747382,1,1,645.0,0.009277276074570656,0,8.293062443431864e-05,"[[483, 662]]"
93,896x128,0,0.3,896,268,824.0,14474.465565045539,14474.473715883876,20,DP; rtol=1e-6,49d13118f7639cf7701ebdc5da2d9a8f43ebfc3e56c5c4c22a6d5bf65373419b,950268bb257438cf8666d50db7fb9a488f7a92802f8688fe738e5b8918ffdb64,268,100.0,ok,297.4801950007677,0.0205520676161719,33.200914653750786,1,1,556.0,0.007997155810017496,0,5.6311811380549415e-05,"[[445, 713]]"
93,896x128,0,0.4,896,358,824.0,16390.73312075345,16390.74699908976,19,DP; rtol=1e-6,49d13118f7639cf7701ebdc5da2d9a8f43ebfc3e56c5c4c22a6d5bf65373419b,950268bb257438cf8666d50db7fb9a488f7a92802f8688fe738e5b8918ffdb64,358,100.0,ok,384.7522289901972,0.023473765703807083,42.94109702836166,1,1,466.0,0.006702652171705311,0,8.467177431414896e-05,"[[492, 850]]"
93,896x128,0,0.5,896,448,824.0,17858.567876074034,17858.579462032845,19,DP; rtol=1e-6,49d13118f7639cf7701ebdc5da2d9a8f43ebfc3e56c5c4c22a6d5bf65373419b,950268bb257438cf8666d50db7fb9a488f7a92802f8688fe738e5b8918ffdb64,448,100.0,ok,471.38518173992634,0.026395463791442274,52.60995337168482,1,1,376.0,0.005408148533393127,0,6.487615006323111e-05,"[[443, 891]]"
93,896x128,0,0.6,896,537,824.0,18874.72624925202,18874.735918421815,19,DP; rtol=1e-6,49d13118f7639cf7701ebdc5da2d9a8f43ebfc3e56c5c4c22a6d5bf65373419b,950268bb257438cf8666d50db7fb9a488f7a92802f8688fe738e5b8918ffdb64,537,100.0,ok,552.7406687438488,0.029284698566992628,61.68980684100431,1,1,287.0,0.0041280282688399665,0,5.122810637914199e-05,"[[327, 864]]"
93,896x128,0,0.7,896,627,824.0,19875.61019800542,19875.6251635375,18,DP; rtol=1e-6,49d13118f7639cf7701ebdc5da2d9a8f43ebfc3e56c5c4c22a6d5bf65373419b,950268bb257438cf8666d50db7fb9a488f7a92802f8688fe738e5b8918ffdb64,627,100.0,ok,640.1217857897282,0.032206396654627815,71.44216366389183,1,1,197.0,0.002833524630527782,0,7.529590621002669e-05,"[[23, 650]]"
93,896x128,0,0.8,896,716,824.0,20683.955015317377,20683.965746116624,18,DP; rtol=1e-6,49d13118f7639cf7701ebdc5da2d9a8f43ebfc3e56c5c4c22a6d5bf65373419b,950268bb257438cf8666d50db7fb9a488f7a92802f8688fe738e5b8918ffdb64,716,100.0,ok,725.9164617359638,0.035095631430178166,81.0174623281603,1,1,108.0,0.0015534043659746217,0,5.187979607024218e-05,"[[42, 758]]"
93,896x128,0,0.9,896,806,824.0,21720.846248788024,21720.864913655274,16,DP; rtol=1e-6,49d13118f7639cf7701ebdc5da2d9a8f43ebfc3e56c5c4c22a6d5bf65373419b,950268bb257438cf8666d50db7fb9a488f7a92802f8688fe738e5b8918ffdb64,806,100.0,ok,825.7685692459345,0.03801732951781336,92.1616707667326,1,1,18.0,0.00025890072766243693,0,8.593058943295873e-05,"[[44, 850]]"
94,896x896,0,0.1,896,89,117.71428571428571,5823.642999857915,5823.646306096652,20,DP; rtol=1e-6,49d13118f7639cf7701ebdc5da2d9a8f43ebfc3e56c5c4c22a6d5bf65373419b,950268bb257438cf8666d50db7fb9a488f7a92802f8688fe738e5b8918ffdb64,89,100.0,ok,186.80233746767044,0.032076543406288474,20.848475145859435,1,1,28.714285714285708,0.0028910581255638785,0,5.677265689785216e-05,"[[196, 285]]"
94,896x896,0,0.2,896,179,117.71428571428571,5160.2626063021,5160.267379686303,19,DP; rtol=1e-6,49d13118f7639cf7701ebdc5da2d9a8f43ebfc3e56c5c4c22a6d5bf65373419b,950268bb257438cf8666d50db7fb9a488f7a92802f8688fe738e5b8918ffdb64,179,100.0,ok,332.2194094657898,0.06438032999717079,37.07805906025311,2,2,56.428571428571416,0.005681432634814587,0,9.250265251559142e-05,"[[61, 135], [192, 297]]"
94,896x896,0,0.3,896,268,117.71428571428571,5091.1209861893885,5091.124106281988,19,DP; rtol=1e-6,49d13118f7639cf7701ebdc5da2d9a8f43ebfc3e56c5c4c22a6d5bf65373419b,950268bb257438cf8666d50db7fb9a488f7a92802f8688fe738e5b8918ffdb64,268,100.0,ok,447.4300248324871,0.08788438264308081,49.93638665707702,2,0,0.0,0.0,0,6.128494483004232e-05,"[[4, 135], [190, 327]]"
94,896x896,0,0.4,896,358,117.71428571428571,4520.70126458611,4520.704865719055,17,DP; rtol=1e-6,49d13118f7639cf7701ebdc5da2d9a8f43ebfc3e56c5c4c22a6d5bf65373419b,950268bb257438cf8666d50db7fb9a488f7a92802f8688fe738e5b8918ffdb64,358,100.0,ok,541.0590058863163,0.1196847511523973,60.38604971212704,3,1,22.714285714285708,0.002286956427684859,0,7.965866060111182e-05,"[[5, 134], [192, 326], [655, 750]]"
94,896x896,0,0.5,896,448,117.71428571428571,4215.376520425592,4215.379638410846,17,DP; rtol=1e-6,49d13118f7639cf7701ebdc5da2d9a8f43ebfc3e56c5c4c22a6d5bf65373419b,950268bb257438cf8666d50db7fb9a488f7a92802f8688fe738e5b8918ffdb64,448,100.0,ok,619.5892084389925,0.14698312367513913,69.15058123948081,3,1,0.7142857142857082,7.191686879512076e-05,0,7.396689080119145e-05,"[[4, 135], [191, 391], [640, 757]]"
94,896x896,0,0.6,896,537,117.71428571428571,3918.0747404368703,3918.0779475971244,18,DP; rtol=1e-6,49d13118f7639cf7701ebdc5da2d9a8f43ebfc3e56c5c4c22a6d5bf65373419b,950268bb257438cf8666d50db7fb9a488f7a92802f8688fe738e5b8918ffdb64,537,100.0,ok,689.9600011408329,0.17609669208706863,77.00446434676613,3,0,0.0,0.0,0,8.185544793093413e-05,"[[0, 135], [190, 391], [591, 792]]"
94,896x896,0,0.7,896,627,117.71428571428571,3705.2266593662266,3705.2284795829964,18,DP; rtol=1e-6,49d13118f7639cf7701ebdc5da2d9a8f43ebfc3e56c5c4c22a6d5bf65373419b,950268bb257438cf8666d50db7fb9a488f7a92802f8688fe738e5b8918ffdb64,627,100.0,ok,761.8320394009352,0.20561010416870026,85.02589718139181,4,0,0.0,0.0,0,4.912562827641409e-05,"[[3, 147], [189, 391], [591, 752], [759, 879]]"
94,896x896,0,0.8,896,716,117.71428571428571,3483.1147466829607,3483.1167715191277,17,DP; rtol=1e-6,49d13118f7639cf7701ebdc5da2d9a8f43ebfc3e56c5c4c22a6d5bf65373419b,950268bb257438cf8666d50db7fb9a488f7a92802f8688fe738e5b8918ffdb64,716,100.0,ok,818.0704747736454,0.23486750631821995,91.30250826669416,5,1,0.7142857142857082,7.191686879512076e-05,0,5.8132882119199536e-05,"[[0, 147], [189, 358], [381, 498], [591, 753], [759, 880]]"
94,896x896,0,0.9,896,806,117.71428571428571,3274.136499898805,3274.1394988150532,15,DP; rtol=1e-6,49d13118f7639cf7701ebdc5da2d9a8f43ebfc3e56c5c4c22a6d5bf65373419b,950268bb257438cf8666d50db7fb9a488f7a92802f8688fe738e5b8918ffdb64,806,100.0,ok,865.3837491646409,0.2643090015310564,96.58300763614459,5,0,0.0,0.0,0,9.159402796221627e-05,"[[0, 161], [190, 400], [412, 536], [577, 770], [776, 894]]"
96,896x4864,0,0.1,896,89,21.68421052631579,796.8079464432641,796.8084047639882,20,DP; rtol=1e-6,49d13118f7639cf7701ebdc5da2d9a8f43ebfc3e56c5c4c22a6d5bf65373419b,950268bb257438cf8666d50db7fb9a488f7a92802f8688fe738e5b8918ffdb64,89,100.0,ok,126.24265864491463,0.1584354915239335,14.089582455856863,4,0,0.0,0.0,0,5.7519564466979034e-05,"[[48, 71], [483, 505], [557, 579], [643, 665]]"
96,896x4864,0,0.2,896,179,21.68421052631579,732.7270357371191,732.7274899779936,18,DP; rtol=1e-6,49d13118f7639cf7701ebdc5da2d9a8f43ebfc3e56c5c4c22a6d5bf65373419b,950268bb257438cf8666d50db7fb9a488f7a92802f8688fe738e5b8918ffdb64,179,100.0,ok,233.75833404064178,0.3190251248276683,26.089099814296627,8,1,0.6842105263157912,0.0003739677177346321,0,6.199315308874631e-05,"[[49, 71], [208, 230], [256, 278], [370, 393], [481, 502], [557, 579], [643, 665], [753, 778]]"
96,896x4864,0,0.3,896,268,21.68421052631579,690.5152739182024,690.5156387146385,17,DP; rtol=1e-6,49d13118f7639cf7701ebdc5da2d9a8f43ebfc3e56c5c4c22a6d5bf65373419b,950268bb257438cf8666d50db7fb9a488f7a92802f8688fe738e5b8918ffdb64,268,100.0,ok,329.4356178641319,0.4770866486338671,36.76736811166496,11,0,0.0,0.0,0,5.2829569041623614e-05,"[[48, 71], [208, 230], [256, 278], [370, 393], [449, 471], [483, 505], [559, 596], [643, 665], [746, 768], [774, 801], [844, 870]]"
96,896x4864,0,0.4,896,358,21.68421052631579,661.0570413031526,661.0574083617266,16,DP; rtol=1e-6,49d13118f7639cf7701ebdc5da2d9a8f43ebfc3e56c5c4c22a6d5bf65373419b,950268bb257438cf8666d50db7fb9a488f7a92802f8688fe738e5b8918ffdb64,358,100.0,ok,421.2931822538376,0.6373023142198674,47.019328435973875,14,0,0.0,0.0,0,5.552597541758075e-05,"[[48, 71], [92, 114], [157, 179], [208, 230], [256, 278], [370, 393], [449, 471], [481, 505], [559, 596], [639, 665], [676, 710], [746, 768], [770, 801], [844, 872]]"
96,896x4864,0,0.5,896,448,21.68421052631579,639.4052531809307,639.4055985433281,15,DP; rtol=1e-6,49d13118f7639cf7701ebdc5da2d9a8f43ebfc3e56c5c4c22a6d5bf65373419b,950268bb257438cf8666d50db7fb9a488f7a92802f8688fe738e5b8918ffdb64,448,100.0,ok,509.93718579411507,0.7975179798058675,56.912632415027225,18,0,0.0,0.0,0,5.401303933005863e-05,"[[48, 71], [92, 114], [125, 149], [157, 179], [208, 233], [256, 278], [332, 364], [370, 393], [449, 471], [481, 505], [557, 579], [591, 617], [639, 665], [667, 691], [694, 716], [744, 768], [770, 801], [844, 878]]"
96,896x4864,0,0.6,896,537,21.68421052631579,622.6771232710968,622.6775147006724,18,DP; rtol=1e-6,49d13118f7639cf7701ebdc5da2d9a8f43ebfc3e56c5c4c22a6d5bf65373419b,950268bb257438cf8666d50db7fb9a488f7a92802f8688fe738e5b8918ffdb64,537,100.0,ok,595.2503575086594,0.955953471329801,66.43419177020299,21,0,0.0,0.0,0,6.286232703267558e-05,"[[5, 38], [48, 71], [100, 124], [125, 150], [157, 179], [208, 233], [256, 278], [327, 350], [352, 376], [379, 410], [449, 471], [481, 505], [557, 579], [584, 617], [639, 665], [667, 691], [694, 716], [744, 768], [770, 801], [808, 830], [843, 878]]"
96,896x4864,0,0.7,896,627,21.68421052631579,608.7116236605875,608.712190949405,17,DP; rtol=1e-6,49d13118f7639cf7701ebdc5da2d9a8f43ebfc3e56c5c4c22a6d5bf65373419b,950268bb257438cf8666d50db7fb9a488f7a92802f8688fe738e5b8918ffdb64,627,100.0,ok,679.6527661085129,1.116543104633536,75.85410345619997,25,1,0.6842105263157912,0.0003739677177346321,0,9.319491640624733e-05,"[[5, 27], [31, 63], [67, 89], [100, 124], [125, 150], [157, 189], [208, 233], [256, 278], [326, 350], [352, 376], [379, 410], [435, 471], [481, 505], [553, 576], [577, 600], [606, 628], [639, 665], [667, 691], [694, 716], [721, 743], [744, 768], [770, 801], [808, 830], [843, 864], [865, 889]]"
96,896x4864,0,0.8,896,716,21.68421052631579,596.3961493736186,596.3965230770093,17,DP; rtol=1e-6,49d13118f7639cf7701ebdc5da2d9a8f43ebfc3e56c5c4c22a6d5bf65373419b,950268bb257438cf8666d50db7fb9a488f7a92802f8688fe738e5b8918ffdb64,716,100.0,ok,760.3923252820969,1.2749785961574696,84.86521498249837,28,1,0.6842105263157912,0.0003739677177346321,0,6.266022288814455e-05,"[[5, 27], [31, 63], [67, 89], [96, 124], [125, 150], [157, 189], [208, 236], [241, 265], [267, 289], [294, 319], [326, 350], [352, 376], [379, 411], [417, 439], [448, 471], [481, 519], [548, 576], [577, 600], [606, 628], [636, 665], [667, 691], [694, 716], [721, 743], [744, 768], [770, 801], [808, 831], [843, 864], [865, 889]]"
96,896x4864,0,0.9,896,806,21.68421052631579,583.8280600421426,583.8283935645991,16,DP; rtol=1e-6,49d13118f7639cf7701ebdc5da2d9a8f43ebfc3e56c5c4c22a6d5bf65373419b,950268bb257438cf8666d50db7fb9a488f7a92802f8688fe738e5b8918ffdb64,806,100.0,ok,837.6883487701416,1.434820294025735,93.49200332912137,29,0,0.0,0.0,0,5.712679618241623e-05,"[[4, 27], [31, 69], [70, 95], [96, 124], [125, 150], [153, 190], [191, 218], [228, 258], [259, 289], [294, 319], [324, 350], [352, 376], [379, 424], [427, 459], [464, 502], [503, 527], [533, 555], [556, 579], [582, 604], [606, 628], [633, 665], [667, 691], [694, 716], [718, 741], [744, 768], [770, 801], [808, 831], [832, 864], [865, 894]]"
97,4864x896,0,0.1,4864,486,117.71428571428571,3509.268829556369,3509.2709632731494,20,DP; rtol=1e-6,49d13118f7639cf7701ebdc5da2d9a8f43ebfc3e56c5c4c22a6d5bf65373419b,950268bb257438cf8666d50db7fb9a488f7a92802f8688fe738e5b8918ffdb64,486,100.0,ok,563.318694204092,0.16052309514153268,11.581387616481384,4,2,11.428571428571416,0.0011506699007219406,0,6.080228066585036e-05,"[[437, 551], [2132, 2242], [3136, 3254], [3983, 4127]]"
97,4864x896,0,0.2,4864,972,117.71428571428571,3403.937217078585,3403.939695176883,16,DP; rtol=1e-6,49d13118f7639cf7701ebdc5da2d9a8f43ebfc3e56c5c4c22a6d5bf65373419b,950268bb257438cf8666d50db7fb9a488f7a92802f8688fe738e5b8918ffdb64,972,100.0,ok,1087.2396239638329,0.31940648567453656,22.352788300259363,8,5,6.571428571428541,0.0006616351929151135,0,7.280088720751365e-05,"[[436, 551], [574, 691], [999, 1116], [1509, 1637], [2126, 2242], [2330, 2447], [3136, 3254], [3983, 4127]]"
97,4864x896,0,0.3,4864,1459,117.71428571428571,3350.1780282445156,3350.180288358526,19,DP; rtol=1e-6,49d13118f7639cf7701ebdc5da2d9a8f43ebfc3e56c5c4c22a6d5bf65373419b,950268bb257438cf8666d50db7fb9a488f7a92802f8688fe738e5b8918ffdb64,1459,100.0,ok,1602.8766052126884,0.47844520252333916,32.953877542775686,11,0,0.0,0.0,0,6.746245920785654e-05,"[[415, 541], [574, 703], [999, 1127], [1508, 1637], [1756, 1887], [2155, 2287], [2329, 2447], [2641, 2759], [3136, 3262], [3983, 4144], [4317, 4478]]"
97,4864x896,0,0.4,4864,1945,117.71428571428571,3308.768856075224,3308.771262952462,18,DP; rtol=1e-6,49d13118f7639cf7701ebdc5da2d9a8f43ebfc3e56c5c4c22a6d5bf65373419b,950268bb257438cf8666d50db7fb9a488f7a92802f8688fe738e5b8918ffdb64,1945,100.0,ok,2110.6290588974953,0.6378895446329451,43.39286712335712,15,1,0.7142857142857082,7.191686879512076e-05,0,7.27423277946393e-05,"[[415, 541], [574, 703], [999, 1127], [1245, 1363], [1373, 1490], [1509, 1637], [1776, 1898], [2132, 2255], [2333, 2455], [2641, 2759], [3136, 3262], [3621, 3767], [3983, 4144], [4317, 4478], [4724, 4844]]"
97,4864x896,0,0.5,4864,2432,117.71428571428571,3269.7690151046736,3269.7713654680883,17,DP; rtol=1e-6,49d13118f7639cf7701ebdc5da2d9a8f43ebfc3e56c5c4c22a6d5bf65373419b,950268bb257438cf8666d50db7fb9a488f7a92802f8688fe738e5b8918ffdb64,2432,100.0,ok,2607.699579358101,0.7975179798058677,53.612244590164075,18,0,0.0,0.0,0,7.188158289705981e-05,"[[415, 541], [574, 703], [999, 1127], [1245, 1363], [1375, 1494], [1508, 1639], [1756, 1899], [1975, 2093], [2132, 2313], [2333, 2456], [2533, 2658], [2710, 2840], [3136, 3262], [3621, 3778], [3812, 3947], [3983, 4144], [4317, 4478], [4724, 4845]]"
97,4864x896,0,0.6,4864,2918,117.71428571428571,3233.410514395129,3233.412257130278,16,DP; rtol=1e-6,49d13118f7639cf7701ebdc5da2d9a8f43ebfc3e56c5c4c22a6d5bf65373419b,950268bb257438cf8666d50db7fb9a488f7a92802f8688fe738e5b8918ffdb64,2918,100.0,ok,3094.252033561468,0.9569623219154735,63.61537891866542,22,1,0.7142857142857082,7.191686879512076e-05,0,5.3897709606509636e-05,"[[40, 157], [260, 381], [409, 541], [574, 703], [837, 958], [999, 1127], [1245, 1363], [1375, 1494], [1508, 1639], [1756, 1898], [1975, 2093], [2132, 2313], [2333, 2456], [2533, 2658], [2710, 2840], [3136, 3262], [3532, 3681], [3725, 3860], [3935, 4144], [4317, 4440], [4452, 4572], [4724, 4845]]"
97,4864x896,0,0.7,4864,3404,117.71428571428571,3202.4322813126482,3202.433920399065,18,DP; rtol=1e-6,49d13118f7639cf7701ebdc5da2d9a8f43ebfc3e56c5c4c22a6d5bf65373419b,950268bb257438cf8666d50db7fb9a488f7a92802f8688fe738e5b8918ffdb64,3404,100.0,ok,3574.7561221420765,1.1162628302874888,73.49416362510719,26,0,0.0,0.0,0,5.118252108804455e-05,"[[40, 159], [260, 381], [439, 582], [600, 789], [837, 958], [999, 1127], [1245, 1363], [1375, 1494], [1508, 1639], [1756, 1899], [1975, 2093], [2132, 2313], [2333, 2456], [2526, 2644], [2646, 2764], [2778, 2898], [2984, 3102], [3124, 3262], [3317, 3438], [3532, 3651], [3659, 3778], [3812, 3947], [3981, 4158], [4317, 4443], [4452, 4572], [4724, 4845]]"
97,4864x896,0,0.8,4864,3891,117.71428571428571,3170.1905817508673,3170.1921765328707,17,DP; rtol=1e-6,49d13118f7639cf7701ebdc5da2d9a8f43ebfc3e56c5c4c22a6d5bf65373419b,950268bb257438cf8666d50db7fb9a488f7a92802f8688fe738e5b8918ffdb64,3891,100.0,ok,4045.046463280916,1.2759631823292068,83.16296174783173,29,0,0.0,0.0,0,5.0305530852057245e-05,"[[1, 156], [260, 381], [406, 541], [560, 687], [690, 812], [837, 965], [999, 1158], [1245, 1363], [1375, 1494], [1508, 1639], [1703, 1833], [1846, 1964], [1975, 2093], [2132, 2313], [2333, 2456], [2512, 2636], [2641, 2764], [2785, 2939], [2984, 3102], [3124, 3262], [3317, 3438], [3532, 3651], [3654, 3778], [3802, 3920], [3935, 4067], [4083, 4274], [4317, 4443], [4452, 4572], [4647, 4845]]"
97,4864x896,0,0.9,4864,4377,117.71428571428571,3128.8280642093605,3128.830376311562,14,DP; rtol=1e-6,49d13118f7639cf7701ebdc5da2d9a8f43ebfc3e56c5c4c22a6d5bf65373419b,950268bb257438cf8666d50db7fb9a488f7a92802f8688fe738e5b8918ffdb64,4377,100.0,ok,4491.143346041441,1.4354075244388127,92.33436146687225,30,1,0.7142857142857082,7.191686879512076e-05,0,7.389669375301722e-05,"[[1, 156], [176, 381], [406, 550], [560, 687], [690, 812], [837, 965], [997, 1158], [1224, 1350], [1373, 1553], [1556, 1675], [1701, 1833], [1839, 1972], [1975, 2118], [2132, 2289], [2292, 2456], [2472, 2589], [2597, 2764], [2778, 2959], [2984, 3118], [3124, 3295], [3317, 3475], [3480, 3639], [3648, 3790], [3802, 3920], [3928, 4050], [4054, 4172], [4177, 4295], [4308, 4443], [4448, 4572], [4647, 4864]]"
112,896x896,0,0.1,896,89,117.71428571428571,3633.6426263612834,3633.645140695634,21,DP; rtol=1e-6,49d13118f7639cf7701ebdc5da2d9a8f43ebfc3e56c5c4c22a6d5bf65373419b,950268bb257438cf8666d50db7fb9a488f7a92802f8688fe738e5b8918ffdb64,89,100.0,ok,116.55469542741776,0.032076543406288474,13.008336548430714,1,1,28.714285714285708,0.0028910581255638785,0,6.919592456799961e-05,"[[559, 648]]"
112,896x896,0,0.2,896,179,117.71428571428571,3754.8865292700143,3754.8894391284257,20,DP; rtol=1e-6,49d13118f7639cf7701ebdc5da2d9a8f43ebfc3e56c5c4c22a6d5bf65373419b,950268bb257438cf8666d50db7fb9a488f7a92802f8688fe738e5b8918ffdb64,179,100.0,ok,220.4076989889145,0.05869889736235621,24.599073557688353,1,0,0.0,0.0,0,7.749518217137208e-05,"[[468, 647]]"
112,896x896,0,0.3,896,268,117.71428571428571,3666.3691474286566,3666.3715403341785,18,DP; rtol=1e-6,49d13118f7639cf7701ebdc5da2d9a8f43ebfc3e56c5c4c22a6d5bf65373419b,950268bb257438cf8666d50db7fb9a488f7a92802f8688fe738e5b8918ffdb64,268,100.0,ok,322.216589063406,0.08788438264308081,35.96167290089453,2,0,0.0,0.0,0,6.526631290970641e-05,"[[363, 508], [530, 653]]"
112,896x896,0,0.4,896,358,117.71428571428571,3601.2677010981693,3601.2699339539395,19,DP; rtol=1e-6,49d13118f7639cf7701ebdc5da2d9a8f43ebfc3e56c5c4c22a6d5bf65373419b,950268bb257438cf8666d50db7fb9a488f7a92802f8688fe738e5b8918ffdb64,358,100.0,ok,422.7808863222599,0.11739779472471243,47.18536679587142,3,0,0.0,0.0,0,6.200189963667668e-05,"[[26, 147], [386, 504], [530, 649]]"
112,896x896,0,0.5,896,448,117.71428571428571,3489.34005937665,3489.342215523512,18,DP; rtol=1e-6,49d13118f7639cf7701ebdc5da2d9a8f43ebfc3e56c5c4c22a6d5bf65373419b,950268bb257438cf8666d50db7fb9a488f7a92802f8688fe738e5b8918ffdb64,448,100.0,ok,512.6231590807438,0.14691120680634404,57.2124061702401,3,0,0.0,0.0,0,6.179235881864642e-05,"[[52, 210], [386, 504], [541, 713]]"
112,896x896,0,0.6,896,537,117.71428571428571,3441.8620907811815,3441.864191645772,18,DP; rtol=1e-6,49d13118f7639cf7701ebdc5da2d9a8f43ebfc3e56c5c4c22a6d5bf65373419b,950268bb257438cf8666d50db7fb9a488f7a92802f8688fe738e5b8918ffdb64,537,100.0,ok,606.100528806448,0.17609669208706863,67.64514833129084,4,0,0.0,0.0,0,6.103856727834867e-05,"[[52, 210], [363, 504], [530, 649], [757, 876]]"
112,896x896,0,0.7,896,627,117.71428571428571,3354.4056667638342,3354.408076448737,17,DP; rtol=1e-6,49d13118f7639cf7701ebdc5da2d9a8f43ebfc3e56c5c4c22a6d5bf65373419b,950268bb257438cf8666d50db7fb9a488f7a92802f8688fe738e5b8918ffdb64,627,100.0,ok,689.6996985673904,0.20561010416870026,76.97541281726295,5,0,0.0,0.0,0,7.183636718810504e-05,"[[27, 147], [173, 292], [386, 504], [531, 649], [693, 845]]"
112,896x896,0,0.8,896,716,117.71428571428571,3267.268997902674,3267.271369947932,15,DP; rtol=1e-6,49d13118f7639cf7701ebdc5da2d9a8f43ebfc3e56c5c4c22a6d5bf65373419b,950268bb257438cf8666d50db7fb9a488f7a92802f8688fe738e5b8918ffdb64,716,100.0,ok,767.1403502523899,0.23479558944942483,85.61834269627064,5,0,0.0,0.0,0,7.260019108112914e-05,"[[26, 161], [173, 292], [363, 508], [530, 722], [757, 882]]"
112,896x896,0,0.9,896,806,117.71428571428571,3166.6895611974255,3166.691591639489,15,DP; rtol=1e-6,49d13118f7639cf7701ebdc5da2d9a8f43ebfc3e56c5c4c22a6d5bf65373419b,950268bb257438cf8666d50db7fb9a488f7a92802f8688fe738e5b8918ffdb64,806,100.0,ok,836.9845560789108,0.26430900153105646,93.41345495680618,6,0,0.0,0.0,0,6.411871837919136e-05,"[[21, 182], [193, 338], [350, 479], [483, 610], [615, 734], [757, 882]]"
113,896x128,0,0.1,896,89,824.0,7906.765481796125,7906.77095295939,21,DP; rtol=1e-6,49d13118f7639cf7701ebdc5da2d9a8f43ebfc3e56c5c4c22a6d5bf65373419b,950268bb257438cf8666d50db7fb9a488f7a92802f8688fe738e5b8918ffdb64,89,100.0,ok,116.55469542741776,0.014741134752986355,13.008336548430714,1,1,735.0,0.010571779712882841,0,6.919592457910184e-05,"[[559, 648]]"
113,896x128,0,0.2,896,179,824.0,12478.615462068683,12478.625132401965,20,DP; rtol=1e-6,49d13118f7639cf7701ebdc5da2d9a8f43ebfc3e56c5c4c22a6d5bf65373419b,950268bb257438cf8666d50db7fb9a488f7a92802f8688fe738e5b8918ffdb64,179,100.0,ok,220.4076989889145,0.01766283284062154,24.599073557688353,1,1,645.0,0.009277276074570656,0,7.749518219357654e-05,"[[468, 647]]"
113,896x128,0,0.3,896,268,824.0,15462.58120190616,15462.589056918847,20,DP; rtol=1e-6,49d13118f7639cf7701ebdc5da2d9a8f43ebfc3e56c5c4c22a6d5bf65373419b,950268bb257438cf8666d50db7fb9a488f7a92802f8688fe738e5b8918ffdb64,268,100.0,ok,317.78801438212395,0.0205520676161719,35.46741233358988,1,1,556.0,0.007997155810017496,0,5.0800112827431576e-05,"[[381, 649]]"
113,896x128,0,0.4,896,358,824.0,16973.36354912321,16973.377047518035,19,DP; rtol=1e-6,49d13118f7639cf7701ebdc5da2d9a8f43ebfc3e56c5c4c22a6d5bf65373419b,950268bb257438cf8666d50db7fb9a488f7a92802f8688fe738e5b8918ffdb64,358,100.0,ok,398.4287591576576,0.023473765703807083,44.46749545945154,1,1,466.0,0.006702652171705311,0,7.95268660369608e-05,"[[362, 720]]"
113,896x128,0,0.5,896,448,824.0,18403.68461092255,18403.695371671456,19,DP; rtol=1e-6,49d13118f7639cf7701ebdc5da2d9a8f43ebfc3e56c5c4c22a6d5bf65373419b,950268bb257438cf8666d50db7fb9a488f7a92802f8688fe738e5b8918ffdb64,448,100.0,ok,485.7737907767296,0.026395463791442274,54.215824885113896,1,1,376.0,0.005408148533393127,0,5.847058803798433e-05,"[[386, 834]]"
113,896x128,0,0.6,896,537,824.0,19217.594193267596,19217.611795496632,18,DP; rtol=1e-6,49d13118f7639cf7701ebdc5da2d9a8f43ebfc3e56c5c4c22a6d5bf65373419b,950268bb257438cf8666d50db7fb9a488f7a92802f8688fe738e5b8918ffdb64,537,100.0,ok,562.7814531326294,0.029284698566992628,62.81043006219386,1,1,287.0,0.0041280282688399665,0,9.159425855553849e-05,"[[350, 887]]"
113,896x128,0,0.7,896,627,824.0,20360.965544118688,20360.977431636376,18,DP; rtol=1e-6,49d13118f7639cf7701ebdc5da2d9a8f43ebfc3e56c5c4c22a6d5bf65373419b,950268bb257438cf8666d50db7fb9a488f7a92802f8688fe738e5b8918ffdb64,627,100.0,ok,655.7533325850964,0.032206396654627815,73.186755898084,1,1,197.0,0.002833524630527782,0,5.838382626244254e-05,"[[26, 653]]"
113,896x128,0,0.8,896,716,824.0,20926.952682012874,20926.968881051747,17,DP; rtol=1e-6,49d13118f7639cf7701ebdc5da2d9a8f43ebfc3e56c5c4c22a6d5bf65373419b,950268bb257438cf8666d50db7fb9a488f7a92802f8688fe738e5b8918ffdb64,716,100.0,ok,734.4446182847023,0.035095631430178166,81.96926546627759,1,1,108.0,0.0015534043659746217,0,7.740747819395821e-05,"[[42, 758]]"
113,896x128,0,0.9,896,806,824.0,21716.3051505537,21716.31782160022,16,DP; rtol=1e-6,49d13118f7639cf7701ebdc5da2d9a8f43ebfc3e56c5c4c22a6d5bf65373419b,950268bb257438cf8666d50db7fb9a488f7a92802f8688fe738e5b8918ffdb64,806,100.0,ok,825.5959288179874,0.03801732951781336,92.14240280664222,1,1,18.0,0.00025890072766243693,0,5.834804327475851e-05,"[[42, 848]]"
116,896x4864,0,0.1,896,89,21.68421052631579,815.3786815815035,815.3791851871472,20,DP; rtol=1e-6,49d13118f7639cf7701ebdc5da2d9a8f43ebfc3e56c5c4c22a6d5bf65373419b,950268bb257438cf8666d50db7fb9a488f7a92802f8688fe738e5b8918ffdb64,89,100.0,ok,129.79477280378342,0.1591834269594028,14.486023735485613,4,2,1.3684210526315823,0.0007479354354692642,0,6.176336762031553e-05,"[[50, 71], [188, 209], [483, 508], [570, 592]]"
116,896x4864,0,0.2,896,179,21.68421052631579,748.0010087943133,748.0015175867052,18,DP; rtol=1e-6,49d13118f7639cf7701ebdc5da2d9a8f43ebfc3e56c5c4c22a6d5bf65373419b,950268bb257438cf8666d50db7fb9a488f7a92802f8688fe738e5b8918ffdb64,179,100.0,ok,238.91084343194962,0.31939909254540294,26.66415660553649,8,2,1.3684210526315823,0.0007479354354692642,0,6.802023524432599e-05,"[[48, 71], [188, 209], [257, 278], [366, 388], [483, 508], [569, 592], [641, 663], [757, 779]]"
116,896x4864,0,0.3,896,268,21.68421052631579,701.5866272365625,701.5870031975473,17,DP; rtol=1e-6,49d13118f7639cf7701ebdc5da2d9a8f43ebfc3e56c5c4c22a6d5bf65373419b,950268bb257438cf8666d50db7fb9a488f7a92802f8688fe738e5b8918ffdb64,268,100.0,ok,335.24235421419144,0.47783458406933643,37.415441279968825,11,2,1.3684210526315823,0.0007479354354692642,0,5.3587221982009936e-05,"[[0, 23], [46, 71], [188, 209], [257, 278], [366, 388], [437, 459], [483, 508], [554, 592], [641, 663], [757, 782], [798, 822]]"
116,896x4864,0,0.4,896,358,21.68421052631579,667.9623703708055,667.9628015987681,14,DP; rtol=1e-6,49d13118f7639cf7701ebdc5da2d9a8f43ebfc3e56c5c4c22a6d5bf65373419b,950268bb257438cf8666d50db7fb9a488f7a92802f8688fe738e5b8918ffdb64,358,100.0,ok,425.94376081228256,0.6376762819376018,47.53836611306796,15,1,0.6842105263157912,0.0003739677177346321,0,6.455867925803105e-05,"[[0, 23], [46, 71], [161, 183], [193, 216], [257, 278], [363, 387], [402, 430], [437, 459], [483, 508], [549, 571], [573, 596], [641, 663], [757, 787], [798, 822], [858, 882]]"
116,896x4864,0,0.5,896,448,21.68421052631579,644.0343210575495,644.0348180370145,18,DP; rtol=1e-6,49d13118f7639cf7701ebdc5da2d9a8f43ebfc3e56c5c4c22a6d5bf65373419b,950268bb257438cf8666d50db7fb9a488f7a92802f8688fe738e5b8918ffdb64,448,100.0,ok,513.6289506554604,0.7975179798058675,57.324659612260476,17,0,0.0,0.0,0,7.716655234801806e-05,"[[0, 23], [46, 71], [152, 183], [193, 216], [257, 279], [363, 387], [402, 430], [437, 459], [483, 508], [547, 571], [573, 596], [643, 677], [697, 734], [757, 787], [795, 822], [826, 852], [858, 882]]"
116,896x4864,0,0.6,896,537,21.68421052631579,625.0559476494057,625.0562982727113,18,DP; rtol=1e-6,49d13118f7639cf7701ebdc5da2d9a8f43ebfc3e56c5c4c22a6d5bf65373419b,950268bb257438cf8666d50db7fb9a488f7a92802f8688fe738e5b8918ffdb64,537,100.0,ok,597.7581536769867,0.9563274390475357,66.71407958266005,20,1,0.6842105263157912,0.0003739677177346321,0,5.609467604861251e-05,"[[0, 36], [46, 71], [91, 113], [124, 159], [161, 183], [193, 216], [257, 278], [309, 338], [363, 387], [402, 430], [437, 459], [483, 508], [547, 571], [573, 596], [643, 677], [697, 734], [757, 787], [795, 822], [826, 852], [858, 882]]"
116,896x4864,0,0.7,896,627,21.68421052631579,609.2429268102951,609.243388716844,17,DP; rtol=1e-6,49d13118f7639cf7701ebdc5da2d9a8f43ebfc3e56c5c4c22a6d5bf65373419b,950268bb257438cf8666d50db7fb9a488f7a92802f8688fe738e5b8918ffdb64,627,100.0,ok,680.0181517899036,1.116169136915801,75.89488293401027,23,0,0.0,0.0,0,7.581642369469677e-05,"[[0, 41], [46, 71], [76, 113], [124, 159], [161, 183], [193, 216], [257, 281], [298, 320], [325, 351], [363, 387], [396, 430], [434, 459], [481, 508], [544, 571], [573, 596], [601, 623], [639, 663], [670, 692], [697, 734], [757, 787], [795, 822], [826, 852], [858, 882]]"
116,896x4864,0,0.8,896,716,21.68421052631579,595.7391698620587,595.7396938662625,16,DP; rtol=1e-6,49d13118f7639cf7701ebdc5da2d9a8f43ebfc3e56c5c4c22a6d5bf65373419b,950268bb257438cf8666d50db7fb9a488f7a92802f8688fe738e5b8918ffdb64,716,100.0,ok,759.3319032490253,1.2746046284397348,84.74686411451705,27,0,0.0,0.0,0,8.795858480459273e-05,"[[0, 36], [39, 63], [66, 88], [89, 113], [124, 159], [161, 183], [187, 209], [211, 233], [257, 281], [298, 320], [325, 354], [363, 388], [396, 430], [434, 459], [471, 508], [514, 542], [544, 571], [573, 596], [601, 624], [639, 663], [670, 692], [694, 717], [719, 742], [757, 787], [795, 822], [826, 852], [858, 895]]"
116,896x4864,0,0.9,896,806,21.68421052631579,582.2624769792387,582.2628408479487,15,DP; rtol=1e-6,49d13118f7639cf7701ebdc5da2d9a8f43ebfc3e56c5c4c22a6d5bf65373419b,950268bb257438cf8666d50db7fb9a488f7a92802f8688fe738e5b8918ffdb64,806,100.0,ok,835.4420184195042,1.434820294025735,93.2412966024636,29,0,0.0,0.0,0,6.249217440190691e-05,"[[0, 36], [38, 63], [67, 95], [100, 133], [135, 159], [161, 183], [187, 209], [211, 234], [239, 261], [262, 292], [298, 331], [332, 354], [361, 388], [391, 430], [434, 459], [462, 484], [486, 517], [518, 542], [544, 571], [573, 605], [609, 631], [633, 663], [670, 692], [694, 717], [719, 745], [747, 787], [793, 822], [826, 848], [850, 895]]"
118,4864x896,0,0.1,4864,486,117.71428571428571,3534.668467503946,3534.670679706494,21,DP; rtol=1e-6,49d13118f7639cf7701ebdc5da2d9a8f43ebfc3e56c5c4c22a6d5bf65373419b,950268bb257438cf8666d50db7fb9a488f7a92802f8688fe738e5b8918ffdb64,486,100.0,ok,563.3286860883236,0.15937242524081072,11.581592847439156,3,0,0.0,0.0,0,6.258581770612892e-05,"[[77, 238], [3411, 3617], [4438, 4557]]"
118,4864x896,0,0.2,4864,972,117.71428571428571,3480.578050245113,3480.5806175421667,18,DP; rtol=1e-6,49d13118f7639cf7701ebdc5da2d9a8f43ebfc3e56c5c4c22a6d5bf65373419b,950268bb257438cf8666d50db7fb9a488f7a92802f8688fe738e5b8918ffdb64,972,100.0,ok,1110.267391949892,0.3189893678355248,22.82622064684933,7,2,2.4285714285714164,0.00024451735390341144,0,7.376059731889484e-05,"[[77, 238], [503, 628], [1847, 1964], [3411, 3613], [3985, 4118], [4341, 4457], [4479, 4597]]"
118,4864x896,0,0.3,4864,1459,117.71428571428571,3438.7118362507676,3438.7146380813865,19,DP; rtol=1e-6,49d13118f7639cf7701ebdc5da2d9a8f43ebfc3e56c5c4c22a6d5bf65373419b,950268bb257438cf8666d50db7fb9a488f7a92802f8688fe738e5b8918ffdb64,1459,100.0,ok,1645.235180914402,0.47844520252333916,33.824735849943885,10,0,0.0,0.0,0,8.147900927291118e-05,"[[77, 238], [502, 629], [666, 817], [1846, 1964], [2378, 2545], [3044, 3191], [3408, 3620], [3984, 4123], [4341, 4459], [4479, 4598]]"
118,4864x896,0,0.4,4864,1945,117.71428571428571,3388.065562844174,3388.0679180022935,18,DP; rtol=1e-6,49d13118f7639cf7701ebdc5da2d9a8f43ebfc3e56c5c4c22a6d5bf65373419b,950268bb257438cf8666d50db7fb9a488f7a92802f8688fe738e5b8918ffdb64,1945,100.0,ok,2160.96794000268,0.6378176277641497,44.427794031345215,14,0,0.0,0.0,0,6.951330895343943e-05,"[[77, 238], [503, 629], [666, 817], [1351, 1469], [1528, 1653], [1846, 1964], [2378, 2538], [2861, 3001], [3044, 3191], [3408, 3620], [3880, 3998], [4035, 4167], [4341, 4459], [4479, 4598]]"
118,4864x896,0,0.5,4864,2432,117.71428571428571,3341.082698818525,3341.08482483204,14,DP; rtol=1e-6,49d13118f7639cf7701ebdc5da2d9a8f43ebfc3e56c5c4c22a6d5bf65373419b,950268bb257438cf8666d50db7fb9a488f7a92802f8688fe738e5b8918ffdb64,2432,100.0,ok,2664.573524326086,0.7975179798058676,54.78152707808713,18,0,0.0,0.0,0,6.363243156837228e-05,"[[23, 141], [173, 322], [502, 629], [666, 817], [1351, 1469], [1528, 1653], [1846, 1964], [2038, 2157], [2378, 2545], [2861, 3001], [3044, 3192], [3408, 3620], [3700, 3823], [3880, 3998], [4035, 4167], [4341, 4459], [4479, 4598], [4693, 4823]]"
118,4864x896,0,0.6,4864,2918,117.71428571428571,3299.0132762942008,3299.0155740048913,18,DP; rtol=1e-6,49d13118f7639cf7701ebdc5da2d9a8f43ebfc3e56c5c4c22a6d5bf65373419b,950268bb257438cf8666d50db7fb9a488f7a92802f8688fe738e5b8918ffdb64,2918,100.0,ok,3157.0314049124718,0.9569623219154735,64.90607214087858,21,1,0.7142857142857082,7.191686879512076e-05,0,6.964837355738496e-05,"[[23, 238], [304, 436], [502, 629], [666, 819], [1107, 1231], [1351, 1469], [1528, 1653], [1846, 1964], [2038, 2157], [2201, 2332], [2378, 2545], [2861, 3001], [3015, 3132], [3178, 3296], [3408, 3620], [3700, 3823], [3859, 3996], [4035, 4167], [4278, 4398], [4438, 4598], [4693, 4823]]"
118,4864x896,0,0.7,4864,3404,117.71428571428571,3252.998915695902,3253.001188677907,17,DP; rtol=1e-6,49d13118f7639cf7701ebdc5da2d9a8f43ebfc3e56c5c4c22a6d5bf65373419b,950268bb257438cf8666d50db7fb9a488f7a92802f8688fe738e5b8918ffdb64,3404,100.0,ok,3631.435722053051,1.1163347471562841,74.65945019861898,24,1,0.7142857142857082,7.191686879512076e-05,0,6.987338379005337e-05,"[[23, 150], [164, 282], [304, 436], [502, 698], [744, 899], [1107, 1288], [1335, 1469], [1528, 1653], [1846, 1964], [2038, 2176], [2201, 2332], [2372, 2550], [2635, 2753], [2861, 3001], [3015, 3132], [3153, 3274], [3331, 3494], [3503, 3624], [3700, 3823], [3859, 3996], [4035, 4167], [4225, 4398], [4438, 4598], [4693, 4859]]"
118,4864x896,0,0.8,4864,3891,117.71428571428571,3203.479719062196,3203.482060456443,15,DP; rtol=1e-6,49d13118f7639cf7701ebdc5da2d9a8f43ebfc3e56c5c4c22a6d5bf65373419b,950268bb257438cf8666d50db7fb9a488f7a92802f8688fe738e5b8918ffdb64,3891,100.0,ok,4088.213329553604,1.2761789329355921,84.05043702840973,28,3,2.1428571428571246,0.00021575060638536226,0,7.308903882119466e-05,"[[23, 154], [164, 283], [296, 436], [500, 698], [744, 899], [923, 1052], [1100, 1217], [1224, 1341], [1351, 1487], [1528, 1653], [1676, 1794], [1846, 1964], [2038, 2190], [2201, 2332], [2372, 2550], [2635, 2753], [2861, 3001], [3014, 3132], [3153, 3296], [3331, 3453], [3464, 3583], [3608, 3734], [3766, 3943], [3982, 4099], [4110, 4267], [4278, 4398], [4420, 4624], [4693, 4859]]"
118,4864x896,0,0.9,4864,4377,117.71428571428571,3142.419224926605,3142.421660567652,16,DP; rtol=1e-6,49d13118f7639cf7701ebdc5da2d9a8f43ebfc3e56c5c4c22a6d5bf65373419b,950268bb257438cf8666d50db7fb9a488f7a92802f8688fe738e5b8918ffdb64,4377,100.0,ok,4510.652200400829,1.4354075244388125,92.73544655465531,31,1,0.7142857142857082,7.191686879512076e-05,0,7.750840944620307e-05,"[[23, 154], [163, 329], [341, 467], [500, 629], [646, 772], [778, 899], [920, 1065], [1070, 1217], [1224, 1341], [1351, 1499], [1518, 1663], [1671, 1831], [1838, 1991], [2008, 2176], [2184, 2332], [2363, 2501], [2502, 2627], [2635, 2755], [2836, 3026], [3040, 3167], [3174, 3308], [3327, 3494], [3503, 3646], [3663, 3826], [3836, 3964], [3982, 4100], [4108, 4267], [4278, 4398], [4409, 4527], [4536, 4654], [4681, 4860]]"
126,896x896,0,0.1,896,89,117.71428571428571,3305.112260487299,3305.1142590237537,21,DP; rtol=1e-6,49d13118f7639cf7701ebdc5da2d9a8f43ebfc3e56c5c4c22a6d5bf65373419b,950268bb257438cf8666d50db7fb9a488f7a92802f8688fe738e5b8918ffdb64,89,100.0,ok,106.01657688617706,0.032076543406288474,11.832207251206206,1,1,28.714285714285708,0.0028910581255638785,0,6.046799893022481e-05,"[[560, 649]]"
126,896x896,0,0.2,896,179,117.71428571428571,3389.7236498713837,3389.726046294192,20,DP; rtol=1e-6,49d13118f7639cf7701ebdc5da2d9a8f43ebfc3e56c5c4c22a6d5bf65373419b,950268bb257438cf8666d50db7fb9a488f7a92802f8688fe738e5b8918ffdb64,179,100.0,ok,198.97304061055183,0.05869889736235621,22.206812585869123,1,0,0.0,0.0,0,7.069665146630655e-05,"[[30, 209]]"
126,896x896,0,0.3,896,268,117.71428571428571,3423.691072113351,3423.693101192877,19,DP; rtol=1e-6,49d13118f7639cf7701ebdc5da2d9a8f43ebfc3e56c5c4c22a6d5bf65373419b,950268bb257438cf8666d50db7fb9a488f7a92802f8688fe738e5b8918ffdb64,268,100.0,ok,302.8587453663349,0.08845971759344178,33.8011992866183,2,1,5.714285714285708,0.0005753349503609703,0,5.9265812268893825e-05,"[[53, 209], [482, 594]]"
126,896x896,0,0.4,896,358,117.71428571428571,3397.618706774398,3397.620330077848,19,DP; rtol=1e-6,49d13118f7639cf7701ebdc5da2d9a8f43ebfc3e56c5c4c22a6d5bf65373419b,950268bb257438cf8666d50db7fb9a488f7a92802f8688fe738e5b8918ffdb64,358,100.0,ok,398.87294349074364,0.11739779472471241,44.517069621557425,2,0,0.0,0.0,0,4.777765884034224e-05,"[[51, 209], [449, 649]]"
126,896x896,0,0.5,896,448,117.71428571428571,3365.165661589418,3365.1680125938638,15,DP; rtol=1e-6,49d13118f7639cf7701ebdc5da2d9a8f43ebfc3e56c5c4c22a6d5bf65373419b,950268bb257438cf8666d50db7fb9a488f7a92802f8688fe738e5b8918ffdb64,448,100.0,ok,494.38054844737053,0.14691120680634404,55.176400540404344,3,0,0.0,0.0,0,6.986291433142e-05,"[[42, 209], [449, 596], [644, 778]]"
126,896x896,0,0.6,896,537,117.71428571428571,3318.9486227093885,3318.9502953496876,18,DP; rtol=1e-6,49d13118f7639cf7701ebdc5da2d9a8f43ebfc3e56c5c4c22a6d5bf65373419b,950268bb257438cf8666d50db7fb9a488f7a92802f8688fe738e5b8918ffdb64,537,100.0,ok,585.3628895580769,0.1763699761884901,65.33067969033017,4,1,2.714285714285708,0.0002732841014214606,0,5.039666611805771e-05,"[[31, 209], [379, 505], [549, 664], [693, 811]]"
126,896x896,0,0.7,896,627,117.71428571428571,3265.2766286260508,3265.2787701731013,17,DP; rtol=1e-6,49d13118f7639cf7701ebdc5da2d9a8f43ebfc3e56c5c4c22a6d5bf65373419b,950268bb257438cf8666d50db7fb9a488f7a92802f8688fe738e5b8918ffdb64,627,100.0,ok,671.6086962223053,0.20568202103749536,74.95632776321816,5,1,0.7142857142857082,7.191686879512076e-05,0,6.558542781087695e-05,"[[30, 150], [169, 291], [379, 509], [549, 666], [693, 831]]"
126,896x896,0,0.8,896,716,117.71428571428571,3207.7795522970055,3207.7812698641783,16,DP; rtol=1e-6,49d13118f7639cf7701ebdc5da2d9a8f43ebfc3e56c5c4c22a6d5bf65373419b,950268bb257438cf8666d50db7fb9a488f7a92802f8688fe738e5b8918ffdb64,716,100.0,ok,753.1724908053875,0.23479558944942483,84.05942984448967,5,0,0.0,0.0,0,5.35437746029821e-05,"[[13, 162], [169, 291], [372, 517], [554, 733], [756, 877]]"
126,896x896,0,0.9,896,806,117.71428571428571,3140.8301622425247,3140.832957275258,14,DP; rtol=1e-6,49d13118f7639cf7701ebdc5da2d9a8f43ebfc3e56c5c4c22a6d5bf65373419b,950268bb257438cf8666d50db7fb9a488f7a92802f8688fe738e5b8918ffdb64,806,100.0,ok,830.1496841609478,0.26430900153105646,92.65063446692375,6,0,0.0,0.0,0,8.89901746292665e-05,"[[1, 119], [124, 291], [332, 466], [481, 614], [621, 741], [754, 888]]"
127,896x128,0,0.1,896,89,824.0,7191.887101140537,7191.891449933382,21,DP; rtol=1e-6,49d13118f7639cf7701ebdc5da2d9a8f43ebfc3e56c5c4c22a6d5bf65373419b,950268bb257438cf8666d50db7fb9a488f7a92802f8688fe738e5b8918ffdb64,89,100.0,ok,106.01657688617706,0.014741134752986355,11.832207251206206,1,1,735.0,0.010571779712882841,0,6.046799893022481e-05,"[[560, 649]]"
127,896x128,0,0.2,896,179,824.0,11265.069561941806,11265.0775259744,20,DP; rtol=1e-6,49d13118f7639cf7701ebdc5da2d9a8f43ebfc3e56c5c4c22a6d5bf65373419b,950268bb257438cf8666d50db7fb9a488f7a92802f8688fe738e5b8918ffdb64,179,100.0,ok,198.97304061055183,0.01766283284062154,22.206812585869123,1,1,645.0,0.009277276074570656,0,7.069665145520432e-05,"[[30, 209]]"
127,896x128,0,0.3,896,268,824.0,14019.240424488695,14019.254239863927,19,DP; rtol=1e-6,49d13118f7639cf7701ebdc5da2d9a8f43ebfc3e56c5c4c22a6d5bf65373419b,950268bb257438cf8666d50db7fb9a488f7a92802f8688fe738e5b8918ffdb64,268,100.0,ok,288.1243771314621,0.0205520676161719,32.156738544806366,1,1,556.0,0.007997155810017496,0,9.854572144973872e-05,"[[449, 717]]"
127,896x128,0,0.4,896,358,824.0,16004.290531770737,16004.302128839172,19,DP; rtol=1e-6,49d13118f7639cf7701ebdc5da2d9a8f43ebfc3e56c5c4c22a6d5bf65373419b,950268bb257438cf8666d50db7fb9a488f7a92802f8688fe738e5b8918ffdb64,358,100.0,ok,375.68096619844437,0.023473765703807083,41.928679296689914,1,1,466.0,0.006702652171705311,0,7.246219385637076e-05,"[[449, 807]]"
127,896x128,0,0.5,896,448,824.0,17543.69593957208,17543.70539738967,19,DP; rtol=1e-6,49d13118f7639cf7701ebdc5da2d9a8f43ebfc3e56c5c4c22a6d5bf65373419b,950268bb257438cf8666d50db7fb9a488f7a92802f8688fe738e5b8918ffdb64,448,100.0,ok,463.07399094104767,0.026395463791442274,51.6823651016416,1,1,376.0,0.005408148533393127,0,5.391003424781715e-05,"[[379, 827]]"
127,896x128,0,0.6,896,537,824.0,18569.097862211176,18569.11348558859,18,DP; rtol=1e-6,49d13118f7639cf7701ebdc5da2d9a8f43ebfc3e56c5c4c22a6d5bf65373419b,950268bb257438cf8666d50db7fb9a488f7a92802f8688fe738e5b8918ffdb64,537,100.0,ok,543.7904335558414,0.029284698566992628,60.690896650662566,1,1,287.0,0.0041280282688399665,0,8.41363666959083e-05,"[[42, 579]]"
127,896x128,0,0.7,896,627,824.0,19928.892607421978,19928.903022219114,18,DP; rtol=1e-6,49d13118f7639cf7701ebdc5da2d9a8f43ebfc3e56c5c4c22a6d5bf65373419b,950268bb257438cf8666d50db7fb9a488f7a92802f8688fe738e5b8918ffdb64,627,100.0,ok,641.8378202021122,0.032206396654627815,71.63368534759779,1,1,197.0,0.002833524630527782,0,5.2259761229578316e-05,"[[22, 649]]"
127,896x128,0,0.8,896,716,824.0,20757.356599869934,20757.370202859638,17,DP; rtol=1e-6,49d13118f7639cf7701ebdc5da2d9a8f43ebfc3e56c5c4c22a6d5bf65373419b,950268bb257438cf8666d50db7fb9a488f7a92802f8688fe738e5b8918ffdb64,716,100.0,ok,728.4925366938114,0.035095631430178166,81.30497067805244,1,1,108.0,0.0015534043659746217,0,6.553330007541547e-05,"[[17, 733]]"
127,896x128,0,0.9,896,806,824.0,21515.441806797546,21515.454021086203,16,DP; rtol=1e-6,49d13118f7639cf7701ebdc5da2d9a8f43ebfc3e56c5c4c22a6d5bf65373419b,950268bb257438cf8666d50db7fb9a488f7a92802f8688fe738e5b8918ffdb64,806,100.0,ok,817.9596408903599,0.03801732951781336,91.29013856510244,1,1,18.0,0.00025890072766243693,0,5.676983922953127e-05,"[[30, 836]]"
130,896x4864,0,0.1,896,89,21.68421052631579,779.9511566127668,779.9515970556733,18,DP; rtol=1e-6,49d13118f7639cf7701ebdc5da2d9a8f43ebfc3e56c5c4c22a6d5bf65373419b,950268bb257438cf8666d50db7fb9a488f7a92802f8688fe738e5b8918ffdb64,89,100.0,ok,123.57194486260414,0.1584354915239335,13.791511699287101,4,0,0.0,0.0,0,5.6470543585707134e-05,"[[50, 72], [482, 505], [557, 579], [756, 778]]"
130,896x4864,0,0.2,896,179,21.68421052631579,710.4010181204916,710.4014229760114,19,DP; rtol=1e-6,49d13118f7639cf7701ebdc5da2d9a8f43ebfc3e56c5c4c22a6d5bf65373419b,950268bb257438cf8666d50db7fb9a488f7a92802f8688fe738e5b8918ffdb64,179,100.0,ok,226.9014405310154,0.319399092545403,25.32382148025576,8,2,1.3684210526315823,0.0007479354354692642,0,5.69896831170702e-05,"[[50, 72], [197, 218], [257, 278], [437, 459], [481, 505], [554, 579], [642, 664], [756, 778]]"
130,896x4864,0,0.3,896,268,21.68421052631579,676.3035575905413,676.3039470055569,18,DP; rtol=1e-6,49d13118f7639cf7701ebdc5da2d9a8f43ebfc3e56c5c4c22a6d5bf65373419b,950268bb257438cf8666d50db7fb9a488f7a92802f8688fe738e5b8918ffdb64,268,100.0,ok,323.41414484381676,0.47820855178707106,36.09532865479928,12,3,2.0526315789473735,0.0011219031532038962,0,5.757988212895526e-05,"[[13, 36], [51, 72], [197, 218], [257, 278], [365, 387], [437, 459], [482, 505], [554, 579], [642, 664], [720, 742], [756, 778], [854, 878]]"
130,896x4864,0,0.4,896,358,21.68421052631579,652.835617980539,652.8361823785729,16,DP; rtol=1e-6,49d13118f7639cf7701ebdc5da2d9a8f43ebfc3e56c5c4c22a6d5bf65373419b,950268bb257438cf8666d50db7fb9a488f7a92802f8688fe738e5b8918ffdb64,358,100.0,ok,416.54192903637886,0.6380502496553365,46.48905456603633,15,2,1.3684210526315823,0.0007479354354692642,0,8.645324034439739e-05,"[[13, 36], [51, 81], [197, 218], [257, 278], [365, 387], [399, 421], [437, 459], [481, 505], [549, 572], [578, 602], [642, 664], [720, 742], [756, 787], [798, 822], [851, 878]]"
130,896x4864,0,0.5,896,448,21.68421052631579,634.816111800382,634.816676355955,14,DP; rtol=1e-6,49d13118f7639cf7701ebdc5da2d9a8f43ebfc3e56c5c4c22a6d5bf65373419b,950268bb257438cf8666d50db7fb9a488f7a92802f8688fe738e5b8918ffdb64,448,100.0,ok,506.75206449627876,0.7982659152413368,56.557150038457664,18,2,1.3684210526315823,0.0007479354354692642,0,8.893206401294762e-05,"[[13, 36], [51, 86], [123, 144], [148, 171], [197, 218], [257, 279], [365, 387], [399, 421], [437, 459], [481, 509], [514, 536], [549, 576], [578, 604], [643, 666], [720, 742], [756, 789], [794, 822], [850, 878]]"
130,896x4864,0,0.6,896,537,21.68421052631579,620.4194454773484,620.4197611793657,18,DP; rtol=1e-6,49d13118f7639cf7701ebdc5da2d9a8f43ebfc3e56c5c4c22a6d5bf65373419b,950268bb257438cf8666d50db7fb9a488f7a92802f8688fe738e5b8918ffdb64,537,100.0,ok,593.0921225845814,0.955953471329801,66.19331723292824,20,0,0.0,0.0,0,5.088522916363303e-05,"[[3, 36], [51, 86], [125, 159], [160, 183], [197, 220], [257, 279], [326, 348], [365, 387], [399, 421], [429, 455], [481, 509], [514, 536], [549, 576], [578, 604], [643, 666], [685, 707], [720, 742], [756, 789], [794, 822], [844, 888]]"
130,896x4864,0,0.7,896,627,21.68421052631579,605.971756471942,605.9721860819234,17,DP; rtol=1e-6,49d13118f7639cf7701ebdc5da2d9a8f43ebfc3e56c5c4c22a6d5bf65373419b,950268bb257438cf8666d50db7fb9a488f7a92802f8688fe738e5b8918ffdb64,627,100.0,ok,676.3669724166393,1.1161691369158009,75.48738529175964,23,0,0.0,0.0,0,7.089599016740777e-05,"[[3, 36], [51, 86], [97, 119], [125, 159], [160, 183], [197, 233], [257, 285], [326, 348], [365, 387], [399, 421], [429, 459], [481, 511], [514, 536], [549, 572], [573, 596], [601, 624], [630, 654], [659, 682], [685, 707], [720, 742], [754, 790], [794, 822], [844, 888]]"
130,896x4864,0,0.8,896,716,21.68421052631579,593.1109050891466,593.1114220817506,16,DP; rtol=1e-6,49d13118f7639cf7701ebdc5da2d9a8f43ebfc3e56c5c4c22a6d5bf65373419b,950268bb257438cf8666d50db7fb9a488f7a92802f8688fe738e5b8918ffdb64,716,100.0,ok,755.9819048047066,1.2746046284397348,84.3729804216965,26,0,0.0,0.0,0,8.7166185758214e-05,"[[3, 41], [45, 86], [96, 119], [122, 144], [147, 189], [197, 220], [221, 244], [257, 285], [295, 317], [326, 348], [365, 388], [390, 421], [429, 459], [481, 511], [514, 536], [549, 572], [573, 596], [601, 624], [630, 666], [669, 691], [695, 717], [720, 742], [754, 790], [794, 822], [826, 862], [863, 888]]"
130,896x4864,0,0.9,896,806,21.68421052631579,580.1452591942839,580.145690592303,15,DP; rtol=1e-6,49d13118f7639cf7701ebdc5da2d9a8f43ebfc3e56c5c4c22a6d5bf65373419b,950268bb257438cf8666d50db7fb9a488f7a92802f8688fe738e5b8918ffdb64,806,100.0,ok,832.4041913747787,1.434820294025735,92.90225347383878,29,0,0.0,0.0,0,7.436029020313484e-05,"[[0, 41], [44, 72], [73, 95], [96, 119], [122, 144], [145, 167], [168, 190], [193, 225], [228, 255], [257, 285], [290, 314], [324, 349], [353, 388], [390, 421], [427, 459], [464, 494], [496, 519], [521, 544], [548, 572], [573, 596], [598, 624], [627, 666], [669, 691], [695, 719], [720, 742], [744, 791], [794, 822], [826, 862], [863, 888]]"
132,4864x896,0,0.1,4864,486,117.71428571428571,3464.4753564387174,3464.4785015427146,19,DP; rtol=1e-6,49d13118f7639cf7701ebdc5da2d9a8f43ebfc3e56c5c4c22a6d5bf65373419b,950268bb257438cf8666d50db7fb9a488f7a92802f8688fe738e5b8918ffdb64,486,100.0,ok,552.1418397426605,0.15937242524081072,11.351600299035036,4,0,0.0,0.0,0,9.078145515317715e-05,"[[43, 164], [1140, 1266], [2090, 2211], [4197, 4315]]"
132,4864x896,0,0.2,4864,972,117.71428571428571,3370.3726805779274,3370.3742500022236,20,DP; rtol=1e-6,49d13118f7639cf7701ebdc5da2d9a8f43ebfc3e56c5c4c22a6d5bf65373419b,950268bb257438cf8666d50db7fb9a488f7a92802f8688fe738e5b8918ffdb64,972,100.0,ok,1074.288936138153,0.31874485048162143,22.08653235625039,7,0,0.0,0.0,0,4.656528265201132e-05,"[[120, 282], [1140, 1266], [1696, 1830], [2090, 2211], [3347, 3496], [3878, 4040], [4197, 4315]]"
132,4864x896,0,0.3,4864,1459,117.71428571428571,3316.29129629846,3316.293122172456,19,DP; rtol=1e-6,49d13118f7639cf7701ebdc5da2d9a8f43ebfc3e56c5c4c22a6d5bf65373419b,950268bb257438cf8666d50db7fb9a488f7a92802f8688fe738e5b8918ffdb64,1459,100.0,ok,1586.6636608839035,0.4784452025233391,32.620552167813074,11,0,0.0,0.0,0,5.505767821656349e-05,"[[12, 164], [188, 312], [1140, 1266], [1696, 1832], [1860, 1979], [2090, 2211], [2335, 2463], [3205, 3329], [3347, 3496], [3878, 4040], [4197, 4315]]"
132,4864x896,0,0.4,4864,1945,117.71428571428571,3270.979781750845,3270.981690489583,18,DP; rtol=1e-6,49d13118f7639cf7701ebdc5da2d9a8f43ebfc3e56c5c4c22a6d5bf65373419b,950268bb257438cf8666d50db7fb9a488f7a92802f8688fe738e5b8918ffdb64,1945,100.0,ok,2086.2885648608208,0.6378176277641499,42.89244573058508,14,0,0.0,0.0,0,5.83536967857512e-05,"[[12, 164], [188, 312], [1003, 1122], [1140, 1266], [1316, 1448], [1702, 1830], [1860, 1979], [2029, 2211], [2338, 2531], [2689, 2807], [3205, 3329], [3348, 3496], [3878, 4040], [4197, 4315]]"
132,4864x896,0,0.5,4864,2432,117.71428571428571,3237.540869599115,3237.542985058388,17,DP; rtol=1e-6,49d13118f7639cf7701ebdc5da2d9a8f43ebfc3e56c5c4c22a6d5bf65373419b,950268bb257438cf8666d50db7fb9a488f7a92802f8688fe738e5b8918ffdb64,2432,100.0,ok,2581.997053861618,0.7975179798058676,53.08382089352926,17,0,0.0,0.0,0,6.53415038076588e-05,"[[12, 164], [183, 312], [772, 894], [1003, 1122], [1140, 1280], [1303, 1448], [1696, 1830], [1860, 1979], [2029, 2211], [2329, 2531], [2714, 2854], [2949, 3074], [3205, 3329], [3347, 3496], [3665, 3789], [3866, 4040], [4160, 4312]]"
132,4864x896,0,0.6,4864,2918,117.71428571428571,3206.2230845496965,3206.2256828888185,14,DP; rtol=1e-6,49d13118f7639cf7701ebdc5da2d9a8f43ebfc3e56c5c4c22a6d5bf65373419b,950268bb257438cf8666d50db7fb9a488f7a92802f8688fe738e5b8918ffdb64,2918,100.0,ok,3068.0041060447693,0.9568904050466783,63.07574217496432,20,0,0.0,0.0,0,8.10404312989732e-05,"[[12, 164], [183, 394], [447, 565], [772, 904], [948, 1075], [1104, 1231], [1253, 1371], [1400, 1519], [1696, 1832], [1860, 1979], [2029, 2211], [2329, 2531], [2714, 2854], [2924, 3074], [3205, 3329], [3347, 3496], [3665, 3789], [3866, 4040], [4160, 4312], [4425, 4587]]"
132,4864x896,0,0.7,4864,3404,117.71428571428571,3178.306873137979,3178.309860358649,17,DP; rtol=1e-6,49d13118f7639cf7701ebdc5da2d9a8f43ebfc3e56c5c4c22a6d5bf65373419b,950268bb257438cf8666d50db7fb9a488f7a92802f8688fe738e5b8918ffdb64,3404,100.0,ok,3548.0543996095657,1.1163347471562841,72.9451972021758,24,1,0.7142857142857082,7.191686879512076e-05,0,9.398771049218269e-05,"[[12, 164], [183, 394], [447, 565], [584, 702], [772, 904], [916, 1075], [1104, 1231], [1253, 1371], [1400, 1519], [1696, 1832], [1860, 1979], [2029, 2237], [2329, 2531], [2714, 2854], [2924, 3074], [3156, 3279], [3283, 3401], [3420, 3538], [3679, 3825], [3866, 3993], [3998, 4115], [4160, 4312], [4425, 4587], [4640, 4772]]"
132,4864x896,0,0.8,4864,3891,117.71428571428571,3149.536488078534,3149.539261345886,16,DP; rtol=1e-6,49d13118f7639cf7701ebdc5da2d9a8f43ebfc3e56c5c4c22a6d5bf65373419b,950268bb257438cf8666d50db7fb9a488f7a92802f8688fe738e5b8918ffdb64,3891,100.0,ok,4018.6926001906395,1.2759631823292066,82.6211470286614,27,0,0.0,0.0,0,8.8053112601294e-05,"[[12, 164], [183, 394], [447, 565], [584, 715], [761, 906], [916, 1075], [1104, 1231], [1253, 1371], [1400, 1615], [1693, 1832], [1860, 1979], [2029, 2175], [2182, 2301], [2329, 2531], [2559, 2677], [2689, 2807], [2818, 2976], [2992, 3110], [3156, 3279], [3287, 3408], [3420, 3538], [3665, 3825], [3866, 4074], [4093, 4213], [4222, 4356], [4425, 4587], [4640, 4772]]"
132,4864x896,0,0.9,4864,4377,117.71428571428571,3115.156035426314,3115.1577711446084,15,DP; rtol=1e-6,49d13118f7639cf7701ebdc5da2d9a8f43ebfc3e56c5c4c22a6d5bf65373419b,950268bb257438cf8666d50db7fb9a488f7a92802f8688fe738e5b8918ffdb64,4377,100.0,ok,4471.294380784035,1.4353356075700174,91.92628230028355,32,0,0.0,0.0,0,5.571847149221654e-05,"[[12, 135], [141, 276], [281, 400], [424, 565], [584, 737], [761, 906], [916, 1075], [1086, 1247], [1253, 1371], [1400, 1546], [1564, 1687], [1693, 1832], [1860, 1979], [2001, 2144], [2148, 2267], [2291, 2418], [2422, 2543], [2559, 2677], [2689, 2807], [2818, 2976], [2997, 3131], [3148, 3266], [3272, 3408], [3420, 3538], [3583, 3757], [3771, 3898], [3909, 4133], [4158, 4277], [4284, 4411], [4425, 4587], [4599, 4732], [4743, 4863]]"
142,896x128,0,0.1,896,89,824.0,7310.666227057288,7310.671784877395,21,DP; rtol=1e-6,49d13118f7639cf7701ebdc5da2d9a8f43ebfc3e56c5c4c22a6d5bf65373419b,950268bb257438cf8666d50db7fb9a488f7a92802f8688fe738e5b8918ffdb64,89,100.0,ok,107.76751598715782,0.014741134752986355,12.02762455773895,1,1,735.0,0.010571779712882841,0,7.602338432111111e-05,"[[560, 649]]"
142,896x128,0,0.2,896,179,824.0,11550.166671911596,11550.177863100515,20,DP; rtol=1e-6,49d13118f7639cf7701ebdc5da2d9a8f43ebfc3e56c5c4c22a6d5bf65373419b,950268bb257438cf8666d50db7fb9a488f7a92802f8688fe738e5b8918ffdb64,179,100.0,ok,204.00866320729256,0.01766283284062154,22.768824029273603,1,1,645.0,0.009277276074570656,0,9.689191846629086e-05,"[[477, 656]]"
142,896x128,0,0.3,896,268,824.0,14263.190725466106,14263.200725752982,20,DP; rtol=1e-6,49d13118f7639cf7701ebdc5da2d9a8f43ebfc3e56c5c4c22a6d5bf65373419b,950268bb257438cf8666d50db7fb9a488f7a92802f8688fe738e5b8918ffdb64,268,100.0,ok,293.1380602121353,0.0205520676161719,32.71630137819625,1,1,556.0,0.007997155810017496,0,7.011250188204698e-05,"[[449, 717]]"
142,896x128,0,0.4,896,358,824.0,16174.910630712982,16174.918898114141,20,DP; rtol=1e-6,49d13118f7639cf7701ebdc5da2d9a8f43ebfc3e56c5c4c22a6d5bf65373419b,950268bb257438cf8666d50db7fb9a488f7a92802f8688fe738e5b8918ffdb64,358,100.0,ok,379.686062425375,0.023473765703807083,42.3756766297076,1,1,466.0,0.006702652171705311,0,5.1112473642422884e-05,"[[475, 833]]"
142,896x128,0,0.5,896,448,824.0,17754.55765027969,17754.57059108226,19,DP; rtol=1e-6,49d13118f7639cf7701ebdc5da2d9a8f43ebfc3e56c5c4c22a6d5bf65373419b,950268bb257438cf8666d50db7fb9a488f7a92802f8688fe738e5b8918ffdb64,448,100.0,ok,468.639783591032,0.026395463791442274,52.303547300140565,1,1,376.0,0.005408148533393127,0,7.288716167286324e-05,"[[386, 834]]"
142,896x128,0,0.6,896,537,824.0,18580.21882649442,18580.229365339557,19,DP; rtol=1e-6,49d13118f7639cf7701ebdc5da2d9a8f43ebfc3e56c5c4c22a6d5bf65373419b,950268bb257438cf8666d50db7fb9a488f7a92802f8688fe738e5b8918ffdb64,537,100.0,ok,544.1161076426506,0.029284698566992628,60.72724418482415,1,1,287.0,0.0041280282688399665,0,5.672074833151797e-05,"[[55, 592]]"
142,896x128,0,0.7,896,627,824.0,19979.9504691942,19979.96430891071,18,DP; rtol=1e-6,49d13118f7639cf7701ebdc5da2d9a8f43ebfc3e56c5c4c22a6d5bf65373419b,950268bb257438cf8666d50db7fb9a488f7a92802f8688fe738e5b8918ffdb64,627,100.0,ok,643.4822099506855,0.032206396654627815,71.81721096543865,1,1,197.0,0.002833524630527782,0,6.926797413431274e-05,"[[22, 649]]"
142,896x128,0,0.8,896,716,824.0,20779.675776173764,20779.693391123343,17,DP; rtol=1e-6,49d13118f7639cf7701ebdc5da2d9a8f43ebfc3e56c5c4c22a6d5bf65373419b,950268bb257438cf8666d50db7fb9a488f7a92802f8688fe738e5b8918ffdb64,716,100.0,ok,729.2758422791958,0.035095631430178166,81.39239314941868,1,1,108.0,0.0015534043659746217,0,8.47700167949661e-05,"[[18, 734]]"
142,896x128,0,0.9,896,806,824.0,21577.340555910396,21577.355133181503,16,DP; rtol=1e-6,49d13118f7639cf7701ebdc5da2d9a8f43ebfc3e56c5c4c22a6d5bf65373419b,950268bb257438cf8666d50db7fb9a488f7a92802f8688fe738e5b8918ffdb64,806,100.0,ok,820.3128660321236,0.03801732951781336,91.55277526943209,1,1,18.0,0.00025890072766243693,0,6.755819245141126e-05,"[[17, 823]]"
143,896x896,0,0.1,896,89,117.71428571428571,4610.620313047253,4610.623302465343,21,DP; rtol=1e-6,49d13118f7639cf7701ebdc5da2d9a8f43ebfc3e56c5c4c22a6d5bf65373419b,950268bb257438cf8666d50db7fb9a488f7a92802f8688fe738e5b8918ffdb64,89,100.0,ok,147.89276260137558,0.032076543406288474,16.505888691973414,1,1,28.714285714285708,0.0028910581255638785,0,6.48376129119832e-05,"[[785, 874]]"
143,896x896,0,0.2,896,179,117.71428571428571,4517.197748130473,4517.201200607774,20,DP; rtol=1e-6,49d13118f7639cf7701ebdc5da2d9a8f43ebfc3e56c5c4c22a6d5bf65373419b,950268bb257438cf8666d50db7fb9a488f7a92802f8688fe738e5b8918ffdb64,179,100.0,ok,290.8186816871166,0.06438032999717079,32.45744216985332,2,2,56.428571428571416,0.005681432634814587,0,7.642956662001765e-05,"[[384, 466], [785, 882]]"
143,896x896,0,0.3,896,268,117.71428571428571,4449.907902393174,4449.910159935982,20,DP; rtol=1e-6,49d13118f7639cf7701ebdc5da2d9a8f43ebfc3e56c5c4c22a6d5bf65373419b,950268bb257438cf8666d50db7fb9a488f7a92802f8688fe738e5b8918ffdb64,268,100.0,ok,391.0774088203907,0.0878843826430808,43.64703225764687,2,0,0.0,0.0,0,5.073232328678401e-05,"[[384, 530], [772, 894]]"
143,896x896,0,0.4,896,358,117.71428571428571,4272.36808268857,4272.371649510644,18,DP; rtol=1e-6,49d13118f7639cf7701ebdc5da2d9a8f43ebfc3e56c5c4c22a6d5bf65373419b,950268bb257438cf8666d50db7fb9a488f7a92802f8688fe738e5b8918ffdb64,358,100.0,ok,504.45479130744934,0.11807381329138655,56.30075798838307,3,1,6.714285714285708,0.0006760185666741402,0,8.348576309158418e-05,"[[385, 503], [529, 658], [785, 896]]"
143,896x896,0,0.5,896,448,117.71428571428571,4022.464574099555,4022.4669294853866,18,DP; rtol=1e-6,49d13118f7639cf7701ebdc5da2d9a8f43ebfc3e56c5c4c22a6d5bf65373419b,950268bb257438cf8666d50db7fb9a488f7a92802f8688fe738e5b8918ffdb64,448,100.0,ok,590.9451249167323,0.14691120680634404,65.9536970124134,3,0,0.0,0.0,0,5.8555753790212606e-05,"[[384, 503], [529, 730], [768, 896]]"
143,896x896,0,0.6,896,537,117.71428571428571,3886.13116183051,3886.133408409329,16,DP; rtol=1e-6,49d13118f7639cf7701ebdc5da2d9a8f43ebfc3e56c5c4c22a6d5bf65373419b,950268bb257438cf8666d50db7fb9a488f7a92802f8688fe738e5b8918ffdb64,537,100.0,ok,684.3348426148295,0.17609669208706863,76.37665658248011,4,0,0.0,0.0,0,5.781013112660105e-05,"[[127, 246], [384, 538], [593, 729], [768, 896]]"
143,896x896,0,0.7,896,627,117.71428571428571,3652.9386199734804,3652.9405225751343,18,DP; rtol=1e-6,49d13118f7639cf7701ebdc5da2d9a8f43ebfc3e56c5c4c22a6d5bf65373419b,950268bb257438cf8666d50db7fb9a488f7a92802f8688fe738e5b8918ffdb64,627,100.0,ok,751.0810901746154,0.20561010416870024,83.82601457302779,4,0,0.0,0.0,0,5.2084112567296614e-05,"[[93, 294], [384, 546], [593, 729], [768, 896]]"
143,896x896,0,0.8,896,716,117.71428571428571,3454.570568616477,3454.572642747681,17,DP; rtol=1e-6,49d13118f7639cf7701ebdc5da2d9a8f43ebfc3e56c5c4c22a6d5bf65373419b,950268bb257438cf8666d50db7fb9a488f7a92802f8688fe738e5b8918ffdb64,716,100.0,ok,811.1179329529405,0.23479558944942483,90.52655506524606,5,0,0.0,0.0,0,6.004016759320052e-05,"[[63, 204], [205, 330], [384, 503], [526, 729], [768, 896]]"
143,896x896,0,0.9,896,806,117.71428571428571,3257.851032374717,3257.852825084673,16,DP; rtol=1e-6,49d13118f7639cf7701ebdc5da2d9a8f43ebfc3e56c5c4c22a6d5bf65373419b,950268bb257438cf8666d50db7fb9a488f7a92802f8688fe738e5b8918ffdb64,806,100.0,ok,861.0793535038829,0.26430900153105646,96.10260646898837,5,0,0.0,0.0,0,5.5027346301805835e-05,"[[6, 124], [127, 352], [384, 568], [578, 729], [768, 896]]"
145,896x4864,0,0.1,896,89,21.68421052631579,834.5375268928665,834.5382301883692,18,DP; rtol=1e-6,49d13118f7639cf7701ebdc5da2d9a8f43ebfc3e56c5c4c22a6d5bf65373419b,950268bb257438cf8666d50db7fb9a488f7a92802f8688fe738e5b8918ffdb64,89,100.0,ok,132.84454345703125,0.1591834269594028,14.826399961592497,4,2,1.3684210526315823,0.0007479354354692642,0,8.427361111174037e-05,"[[51, 72], [434, 455], [483, 508], [557, 579]]"
145,896x4864,0,0.2,896,179,21.68421052631579,738.6699457904185,738.6704396156464,19,DP; rtol=1e-6,49d13118f7639cf7701ebdc5da2d9a8f43ebfc3e56c5c4c22a6d5bf65373419b,950268bb257438cf8666d50db7fb9a488f7a92802f8688fe738e5b8918ffdb64,179,100.0,ok,235.65427166223526,0.3190251248276683,26.3007000016691,8,1,0.6842105263157912,0.0003739677177346321,0,6.68532543546263e-05,"[[48, 71], [204, 225], [366, 388], [436, 458], [483, 508], [557, 579], [643, 665], [757, 779]]"
145,896x4864,0,0.3,896,268,21.68421052631579,697.7121907282713,697.7125798105469,18,DP; rtol=1e-6,49d13118f7639cf7701ebdc5da2d9a8f43ebfc3e56c5c4c22a6d5bf65373419b,950268bb257438cf8666d50db7fb9a488f7a92802f8688fe738e5b8918ffdb64,268,100.0,ok,333.39101445674896,0.4778345840693364,37.208818633455145,12,2,1.3684210526315823,0.0007479354354692642,0,5.5765409268104804e-05,"[[17, 40], [48, 71], [204, 225], [257, 278], [366, 388], [436, 458], [483, 508], [557, 580], [591, 613], [643, 665], [720, 742], [757, 779]]"
145,896x4864,0,0.4,896,358,21.68421052631579,669.7772450533031,669.7776270942024,16,DP; rtol=1e-6,49d13118f7639cf7701ebdc5da2d9a8f43ebfc3e56c5c4c22a6d5bf65373419b,950268bb257438cf8666d50db7fb9a488f7a92802f8688fe738e5b8918ffdb64,358,100.0,ok,427.3515384197235,0.6380502496553365,47.69548427001895,15,2,1.3684210526315823,0.0007479354354692642,0,5.70399613097905e-05,"[[17, 42], [53, 78], [204, 225], [257, 278], [365, 388], [436, 458], [481, 508], [531, 553], [554, 580], [591, 613], [643, 665], [720, 742], [757, 789], [798, 822], [854, 878]]"
145,896x4864,0,0.5,896,448,21.68421052631579,648.0154670192007,648.0159157410735,18,DP; rtol=1e-6,49d13118f7639cf7701ebdc5da2d9a8f43ebfc3e56c5c4c22a6d5bf65373419b,950268bb257438cf8666d50db7fb9a488f7a92802f8688fe738e5b8918ffdb64,448,100.0,ok,517.2886598706245,0.7982659152413367,57.73310944697387,19,2,1.3684210526315823,0.0007479354354692642,0,6.924550182141331e-05,"[[17, 42], [53, 78], [152, 175], [204, 225], [257, 278], [336, 358], [366, 388], [408, 430], [436, 458], [483, 508], [531, 553], [554, 580], [591, 613], [643, 665], [670, 698], [720, 742], [757, 787], [798, 822], [854, 878]]"
145,896x4864,0,0.6,896,537,21.68421052631579,629.7225633240848,629.7228581456543,18,DP; rtol=1e-6,49d13118f7639cf7701ebdc5da2d9a8f43ebfc3e56c5c4c22a6d5bf65373419b,950268bb257438cf8666d50db7fb9a488f7a92802f8688fe738e5b8918ffdb64,537,100.0,ok,601.9854703843594,0.9559534713298011,67.18587849167324,21,0,0.0,0.0,0,4.6817669974164033e-05,"[[3, 25], [31, 63], [66, 88], [122, 144], [152, 183], [205, 233], [257, 281], [336, 358], [365, 388], [406, 430], [436, 460], [481, 508], [531, 561], [562, 585], [591, 614], [643, 665], [670, 698], [720, 742], [757, 789], [798, 822], [850, 882]]"
145,896x4864,0,0.7,896,627,21.68421052631579,611.4963786255205,611.4967635400633,17,DP; rtol=1e-6,49d13118f7639cf7701ebdc5da2d9a8f43ebfc3e56c5c4c22a6d5bf65373419b,950268bb257438cf8666d50db7fb9a488f7a92802f8688fe738e5b8918ffdb64,627,100.0,ok,682.5333851575851,1.116169136915801,76.17560113606915,24,0,0.0,0.0,0,6.294629272263208e-05,"[[0, 42], [45, 83], [85, 107], [122, 144], [152, 183], [204, 233], [257, 281], [336, 358], [363, 388], [400, 422], [425, 447], [450, 472], [481, 508], [521, 543], [546, 585], [591, 614], [635, 663], [670, 692], [695, 718], [720, 742], [757, 789], [798, 822], [848, 870], [872, 894]]"
145,896x4864,0,0.8,896,716,21.68421052631579,595.8971388995446,595.8975745762543,16,DP; rtol=1e-6,49d13118f7639cf7701ebdc5da2d9a8f43ebfc3e56c5c4c22a6d5bf65373419b,950268bb257438cf8666d50db7fb9a488f7a92802f8688fe738e5b8918ffdb64,716,100.0,ok,759.5332513153553,1.274604628439735,84.76933621118312,27,0,0.0,0.0,0,7.311268384047054e-05,"[[0, 29], [31, 63], [67, 92], [96, 118], [122, 144], [152, 183], [204, 233], [239, 277], [294, 317], [336, 358], [361, 388], [393, 422], [425, 447], [450, 478], [481, 517], [521, 543], [546, 585], [591, 614], [635, 663], [670, 692], [695, 718], [720, 742], [757, 789], [798, 822], [823, 845], [848, 870], [872, 894]]"
145,896x4864,0,0.9,896,806,21.68421052631579,581.4499115978465,581.4504750329303,14,DP; rtol=1e-6,49d13118f7639cf7701ebdc5da2d9a8f43ebfc3e56c5c4c22a6d5bf65373419b,950268bb257438cf8666d50db7fb9a488f7a92802f8688fe738e5b8918ffdb64,806,100.0,ok,834.27613312006,1.4348202940257353,93.11117571080113,29,0,0.0,0.0,0,9.690164648468169e-05,"[[0, 36], [37, 64], [66, 93], [96, 118], [122, 144], [146, 190], [198, 233], [239, 265], [267, 289], [290, 317], [324, 351], [353, 388], [393, 423], [424, 447], [450, 478], [481, 517], [521, 543], [546, 585], [589, 614], [619, 641], [643, 665], [670, 692], [694, 718], [720, 752], [753, 789], [793, 822], [823, 845], [848, 870], [872, 894]]"
146,4864x896,0,0.1,4864,486,117.71428571428571,3749.669048400625,3749.67129250509,21,DP; rtol=1e-6,49d13118f7639cf7701ebdc5da2d9a8f43ebfc3e56c5c4c22a6d5bf65373419b,950268bb257438cf8666d50db7fb9a488f7a92802f8688fe738e5b8918ffdb64,486,100.0,ok,599.6432999670506,0.15991899344365365,12.328192842451232,4,2,5.428571428571416,0.0005465682028429212,0,5.984803174152731e-05,"[[93, 210], [407, 542], [3357, 3478], [3610, 3723]]"
146,4864x896,0,0.2,4864,972,117.71428571428571,3656.2794487588803,3656.281201451361,20,DP; rtol=1e-6,49d13118f7639cf7701ebdc5da2d9a8f43ebfc3e56c5c4c22a6d5bf65373419b,950268bb257438cf8666d50db7fb9a488f7a92802f8688fe738e5b8918ffdb64,972,100.0,ok,1165.4202462136745,0.31874485048162143,23.96012018913352,8,0,0.0,0.0,0,4.793647928602596e-05,"[[92, 210], [407, 542], [668, 787], [913, 1031], [2772, 2894], [3355, 3479], [3610, 3728], [4525, 4643]]"
146,4864x896,0,0.3,4864,1459,117.71428571428571,3563.861386288446,3563.8644100905326,18,DP; rtol=1e-6,49d13118f7639cf7701ebdc5da2d9a8f43ebfc3e56c5c4c22a6d5bf65373419b,950268bb257438cf8666d50db7fb9a488f7a92802f8688fe738e5b8918ffdb64,1459,100.0,ok,1705.624986231327,0.4785890362609294,35.06630316442866,12,2,1.4285714285714164,0.00014383373759024152,0,8.484615964254871e-05,"[[93, 214], [284, 409], [481, 605], [665, 787], [914, 1031], [1842, 1959], [2529, 2652], [2772, 2890], [3266, 3390], [3455, 3574], [3592, 3723], [4525, 4643]]"
146,4864x896,0,0.4,4864,1945,117.71428571428571,3485.2773141883777,3485.2802660198204,19,DP; rtol=1e-6,49d13118f7639cf7701ebdc5da2d9a8f43ebfc3e56c5c4c22a6d5bf65373419b,950268bb257438cf8666d50db7fb9a488f7a92802f8688fe738e5b8918ffdb64,1945,100.0,ok,2223.723259329796,0.6380333783705352,45.7179946324228,15,3,2.1428571428571246,0.00021575060638536226,0,8.469423453671965e-05,"[[93, 214], [284, 409], [481, 640], [665, 787], [914, 1031], [1680, 1797], [1842, 1959], [2090, 2212], [2529, 2652], [2772, 2894], [3266, 3419], [3455, 3574], [3592, 3723], [3890, 4069], [4525, 4643]]"
146,4864x896,0,0.5,4864,2432,117.71428571428571,3415.937128426674,3415.9387784896344,19,DP; rtol=1e-6,49d13118f7639cf7701ebdc5da2d9a8f43ebfc3e56c5c4c22a6d5bf65373419b,950268bb257438cf8666d50db7fb9a488f7a92802f8688fe738e5b8918ffdb64,2432,100.0,ok,2724.516941308975,0.7975898966746627,56.013917368589055,18,1,0.7142857142857082,7.191686879512076e-05,0,4.8304816546718143e-05,"[[93, 214], [284, 409], [481, 640], [665, 787], [913, 1031], [1242, 1360], [1578, 1790], [1842, 1959], [2090, 2283], [2529, 2662], [2772, 2894], [3266, 3420], [3455, 3574], [3592, 3723], [3810, 3936], [3967, 4087], [4525, 4648], [4726, 4845]]"
146,4864x896,0,0.6,4864,2918,117.71428571428571,3351.3704178674325,3351.3722225532547,18,DP; rtol=1e-6,49d13118f7639cf7701ebdc5da2d9a8f43ebfc3e56c5c4c22a6d5bf65373419b,950268bb257438cf8666d50db7fb9a488f7a92802f8688fe738e5b8918ffdb64,2918,100.0,ok,3206.894196614623,0.9568904050466783,65.93121291170132,21,0,0.0,0.0,0,5.384916095252379e-05,"[[92, 214], [271, 409], [458, 640], [655, 787], [913, 1031], [1054, 1172], [1311, 1488], [1578, 1794], [1842, 1966], [2090, 2283], [2529, 2662], [2772, 2894], [2933, 3056], [3266, 3420], [3455, 3574], [3582, 3723], [3810, 3936], [3967, 4087], [4338, 4456], [4525, 4648], [4726, 4845]]"
146,4864x896,0,0.7,4864,3404,117.71428571428571,3289.4326356443135,3289.434258386178,17,DP; rtol=1e-6,49d13118f7639cf7701ebdc5da2d9a8f43ebfc3e56c5c4c22a6d5bf65373419b,950268bb257438cf8666d50db7fb9a488f7a92802f8688fe738e5b8918ffdb64,3404,100.0,ok,3672.1079495996237,1.1163347471562841,75.49564039729934,26,1,0.7142857142857082,7.191686879512076e-05,0,4.933194395206897e-05,"[[93, 214], [232, 359], [387, 506], [513, 640], [655, 787], [913, 1031], [1054, 1172], [1242, 1360], [1371, 1488], [1578, 1794], [1842, 1966], [2011, 2139], [2152, 2283], [2392, 2510], [2529, 2662], [2772, 2894], [2933, 3056], [3266, 3420], [3455, 3574], [3582, 3723], [3810, 3936], [3967, 4087], [4163, 4284], [4338, 4456], [4525, 4648], [4658, 4848]]"
146,4864x896,0,0.8,4864,3891,117.71428571428571,3226.7631414252232,3226.764688488711,15,DP; rtol=1e-6,49d13118f7639cf7701ebdc5da2d9a8f43ebfc3e56c5c4c22a6d5bf65373419b,950268bb257438cf8666d50db7fb9a488f7a92802f8688fe738e5b8918ffdb64,3891,100.0,ok,4117.463025256991,1.276035099198002,84.65178915501944,27,1,0.7142857142857082,7.191686879512076e-05,0,4.794472596714172e-05,"[[0, 214], [232, 359], [382, 506], [513, 640], [654, 787], [910, 1030], [1074, 1197], [1242, 1360], [1371, 1488], [1574, 1794], [1842, 1966], [2011, 2189], [2198, 2345], [2391, 2523], [2529, 2662], [2707, 2894], [2933, 3079], [3107, 3225], [3258, 3420], [3455, 3574], [3580, 3723], [3791, 3936], [3967, 4087], [4163, 4320], [4338, 4456], [4499, 4648], [4658, 4848]]"
146,4864x896,0,0.9,4864,4377,117.71428571428571,3154.719404493986,3154.721635856129,16,DP; rtol=1e-6,49d13118f7639cf7701ebdc5da2d9a8f43ebfc3e56c5c4c22a6d5bf65373419b,950268bb257438cf8666d50db7fb9a488f7a92802f8688fe738e5b8918ffdb64,4377,100.0,ok,4528.081093162298,1.4353356075700172,93.09377245744191,30,0,0.0,0.0,0,7.073087265885292e-05,"[[0, 138], [144, 328], [334, 462], [467, 640], [654, 787], [801, 950], [956, 1075], [1091, 1231], [1242, 1360], [1371, 1493], [1563, 1682], [1695, 1869], [1876, 1995], [2011, 2189], [2198, 2364], [2391, 2524], [2529, 2662], [2701, 2898], [2924, 3087], [3107, 3225], [3258, 3429], [3443, 3564], [3570, 3723], [3749, 3939], [3967, 4087], [4100, 4321], [4338, 4456], [4471, 4589], [4595, 4734], [4739, 4861]]"
160,4864x896,0,0.1,4864,486,117.71428571428571,4144.318063890673,4144.321408973416,17,DP; rtol=1e-6,49d13118f7639cf7701ebdc5da2d9a8f43ebfc3e56c5c4c22a6d5bf65373419b,950268bb257438cf8666d50db7fb9a488f7a92802f8688fe738e5b8918ffdb64,486,100.0,ok,660.4900208115578,0.15937242524081072,13.579153404786137,4,0,0.0,0.0,0,8.071484839389242e-05,"[[51, 169], [1137, 1255], [1830, 1955], [3024, 3149]]"
160,4864x896,0,0.2,4864,972,117.71428571428571,3891.3779999140347,3891.380393097573,19,DP; rtol=1e-6,49d13118f7639cf7701ebdc5da2d9a8f43ebfc3e56c5c4c22a6d5bf65373419b,950268bb257438cf8666d50db7fb9a488f7a92802f8688fe738e5b8918ffdb64,972,100.0,ok,1247.353091776371,0.32054277220149946,25.644594845435442,8,4,17.857142857142833,0.0017979217198780318,0,6.149960415369193e-05,"[[51, 168], [550, 669], [811, 931], [1069, 1230], [1335, 1441], [1830, 1944], [2507, 2626], [3024, 3140]]"
160,4864x896,0,0.3,4864,1459,117.71428571428571,3737.7700727642095,3737.7727722615223,18,DP; rtol=1e-6,49d13118f7639cf7701ebdc5da2d9a8f43ebfc3e56c5c4c22a6d5bf65373419b,950268bb257438cf8666d50db7fb9a488f7a92802f8688fe738e5b8918ffdb64,1459,100.0,ok,1788.9633003771305,0.4786178030084474,36.77967316070079,11,1,1.7142857142857082,0.00017260048510829066,0,7.22220818927255e-05,"[[51, 169], [550, 693], [811, 984], [1069, 1251], [1335, 1451], [1830, 1955], [2172, 2294], [2507, 2626], [2653, 2772], [3026, 3149], [3284, 3403]]"
160,4864x896,0,0.4,4864,1945,117.71428571428571,3589.7572629157976,3589.7593505160926,17,DP; rtol=1e-6,49d13118f7639cf7701ebdc5da2d9a8f43ebfc3e56c5c4c22a6d5bf65373419b,950268bb257438cf8666d50db7fb9a488f7a92802f8688fe738e5b8918ffdb64,1945,100.0,ok,2289.610461682081,0.6378176277641497,47.07258356179563,15,0,0.0,0.0,0,5.815432432276779e-05,"[[51, 169], [550, 693], [811, 984], [1069, 1251], [1335, 1453], [1520, 1648], [1830, 1955], [2172, 2294], [2507, 2626], [2653, 2772], [3025, 3149], [3284, 3403], [3722, 3840], [4047, 4166], [4386, 4504]]"
160,4864x896,0,0.5,4864,2432,117.71428571428571,3477.7089197676905,3477.710601727864,13,DP; rtol=1e-6,49d13118f7639cf7701ebdc5da2d9a8f43ebfc3e56c5c4c22a6d5bf65373419b,950268bb257438cf8666d50db7fb9a488f7a92802f8688fe738e5b8918ffdb64,2432,100.0,ok,2773.5353920459747,0.7975179798058676,57.02169809608864,18,0,0.0,0.0,0,4.836400626651027e-05,"[[51, 169], [449, 578], [611, 784], [811, 984], [1067, 1266], [1308, 1441], [1512, 1648], [1830, 1955], [2172, 2294], [2507, 2626], [2661, 2822], [2857, 2980], [3024, 3149], [3284, 3403], [3722, 3840], [4047, 4166], [4206, 4328], [4386, 4504]]"
160,4864x896,0,0.6,4864,2918,117.71428571428571,3387.390972584693,3387.393729817196,18,DP; rtol=1e-6,49d13118f7639cf7701ebdc5da2d9a8f43ebfc3e56c5c4c22a6d5bf65373419b,950268bb257438cf8666d50db7fb9a488f7a92802f8688fe738e5b8918ffdb64,2918,100.0,ok,3241.8491409122944,0.9570342387842684,66.6498590630211,22,2,1.4285714285714164,0.00014383373759024152,0,8.139687095454207e-05,"[[51, 201], [263, 382], [449, 579], [611, 784], [811, 984], [1038, 1168], [1198, 1315], [1335, 1486], [1512, 1654], [1830, 1955], [2001, 2118], [2172, 2294], [2507, 2626], [2661, 2822], [2857, 2980], [3024, 3149], [3284, 3403], [3575, 3707], [3722, 3840], [4047, 4167], [4206, 4328], [4369, 4499]]"
160,4864x896,0,0.7,4864,3404,117.71428571428571,3313.626244413675,3313.6278611024536,18,DP; rtol=1e-6,49d13118f7639cf7701ebdc5da2d9a8f43ebfc3e56c5c4c22a6d5bf65373419b,950268bb257438cf8666d50db7fb9a488f7a92802f8688fe738e5b8918ffdb64,3404,100.0,ok,3699.5927269756794,1.1164785808938746,76.06070582732828,25,3,2.1428571428571246,0.00021575060638536226,0,4.878908695937767e-05,"[[51, 201], [263, 381], [449, 578], [611, 784], [811, 984], [1038, 1168], [1198, 1315], [1335, 1486], [1512, 1687], [1830, 1955], [2001, 2118], [2172, 2294], [2363, 2480], [2507, 2626], [2661, 2822], [2857, 2980], [3004, 3149], [3284, 3429], [3550, 3668], [3688, 3840], [4005, 4160], [4206, 4328], [4369, 4499], [4553, 4671], [4745, 4864]]"
160,4864x896,0,0.8,4864,3891,117.71428571428571,3240.9313769162845,3240.9335210681247,16,DP; rtol=1e-6,49d13118f7639cf7701ebdc5da2d9a8f43ebfc3e56c5c4c22a6d5bf65373419b,950268bb257438cf8666d50db7fb9a488f7a92802f8688fe738e5b8918ffdb64,3891,100.0,ok,4135.775268673897,1.2761070160667973,85.02827454082968,28,2,1.4285714285714164,0.00014383373759024152,0,6.615846410706894e-05,"[[51, 201], [263, 382], [428, 602], [611, 784], [811, 985], [1038, 1187], [1198, 1315], [1335, 1486], [1512, 1654], [1670, 1794], [1830, 1955], [1996, 2118], [2162, 2294], [2347, 2466], [2507, 2626], [2653, 2772], [2783, 2917], [2931, 3060], [3074, 3232], [3284, 3457], [3545, 3668], [3688, 3840], [3904, 4051], [4063, 4180], [4206, 4328], [4369, 4499], [4537, 4715], [4745, 4864]]"
160,4864x896,0,0.9,4864,4377,117.71428571428571,3164.3991471601166,3164.401524381399,16,DP; rtol=1e-6,49d13118f7639cf7701ebdc5da2d9a8f43ebfc3e56c5c4c22a6d5bf65373419b,950268bb257438cf8666d50db7fb9a488f7a92802f8688fe738e5b8918ffdb64,4377,100.0,ok,4541.97477248311,1.4353356075700172,93.3794156654085,29,0,0.0,0.0,0,7.512388248143154e-05,"[[5, 238], [263, 382], [385, 503], [515, 644], [648, 784], [811, 987], [1038, 1188], [1198, 1316], [1335, 1503], [1512, 1687], [1701, 1820], [1830, 1976], [1994, 2118], [2130, 2248], [2260, 2480], [2507, 2641], [2653, 2772], [2782, 2917], [2931, 3061], [3074, 3251], [3284, 3457], [3480, 3611], [3627, 3774], [3803, 3955], [3975, 4175], [4193, 4347], [4364, 4526], [4537, 4720], [4733, 4864]]"
161,896x896,0,0.1,896,89,117.71428571428571,3664.794566731885,3664.7966126528972,22,DP; rtol=1e-6,49d13118f7639cf7701ebdc5da2d9a8f43ebfc3e56c5c4c22a6d5bf65373419b,950268bb257438cf8666d50db7fb9a488f7a92802f8688fe738e5b8918ffdb64,89,100.0,ok,117.55394199490547,0.032076543406288474,13.119859578008308,1,1,28.714285714285708,0.0028910581255638785,0,5.58263180350238e-05,"[[415, 504]]"
161,896x896,0,0.2,896,179,117.71428571428571,3692.6022344145927,3692.6058777360295,15,DP; rtol=1e-6,49d13118f7639cf7701ebdc5da2d9a8f43ebfc3e56c5c4c22a6d5bf65373419b,950268bb257438cf8666d50db7fb9a488f7a92802f8688fe738e5b8918ffdb64,179,100.0,ok,238.20895910263062,0.06450978036100201,26.585821288625777,2,1,57.71428571428571,0.005810882998645806,0,9.866532084679136e-05,"[[18, 78], [477, 596]]"
161,896x896,0,0.3,896,268,117.71428571428571,3681.6578607921847,3681.6600538426565,20,DP; rtol=1e-6,49d13118f7639cf7701ebdc5da2d9a8f43ebfc3e56c5c4c22a6d5bf65373419b,950268bb257438cf8666d50db7fb9a488f7a92802f8688fe738e5b8918ffdb64,268,100.0,ok,323.5602281987667,0.08788438264308081,36.111632557418744,2,0,0.0,0.0,0,5.956689209662969e-05,"[[386, 509], [555, 700]]"
161,896x896,0,0.4,896,358,117.71428571428571,3648.962576406426,3648.964561001778,18,DP; rtol=1e-6,49d13118f7639cf7701ebdc5da2d9a8f43ebfc3e56c5c4c22a6d5bf65373419b,950268bb257438cf8666d50db7fb9a488f7a92802f8688fe738e5b8918ffdb64,358,100.0,ok,437.45995941758156,0.11988611838502362,48.823656111920236,3,1,24.714285714285708,0.0024883236603111987,0,5.4387904258046404e-05,"[[17, 110], [386, 508], [555, 698]]"
161,896x896,0,0.5,896,448,117.71428571428571,3565.2414765719177,3565.2436953091647,19,DP; rtol=1e-6,49d13118f7639cf7701ebdc5da2d9a8f43ebfc3e56c5c4c22a6d5bf65373419b,950268bb257438cf8666d50db7fb9a488f7a92802f8688fe738e5b8918ffdb64,448,100.0,ok,535.0555720329285,0.15007554903332937,59.71602357500828,4,2,31.428571428571416,0.003164342226985339,0,6.223241485470155e-05,"[[17, 109], [386, 508], [527, 649], [674, 786]]"
161,896x896,0,0.6,896,537,117.71428571428571,3528.7584764722224,3528.761387821457,18,DP; rtol=1e-6,49d13118f7639cf7701ebdc5da2d9a8f43ebfc3e56c5c4c22a6d5bf65373419b,950268bb257438cf8666d50db7fb9a488f7a92802f8688fe738e5b8918ffdb64,537,100.0,ok,621.4026948809624,0.17609669208706863,69.35297923558777,4,0,0.0,0.0,0,8.250343150884021e-05,"[[18, 147], [386, 508], [527, 649], [674, 838]]"
161,896x896,0,0.7,896,627,117.71428571428571,3425.510369037186,3425.512111650742,17,DP; rtol=1e-6,49d13118f7639cf7701ebdc5da2d9a8f43ebfc3e56c5c4c22a6d5bf65373419b,950268bb257438cf8666d50db7fb9a488f7a92802f8688fe738e5b8918ffdb64,627,100.0,ok,704.3195438086987,0.20561010416870024,78.6070918252785,4,0,0.0,0.0,0,5.0871621504189335e-05,"[[18, 219], [373, 508], [527, 649], [674, 843]]"
161,896x896,0,0.8,896,716,117.71428571428571,3331.990155688036,3331.993112798161,17,DP; rtol=1e-6,49d13118f7639cf7701ebdc5da2d9a8f43ebfc3e56c5c4c22a6d5bf65373419b,950268bb257438cf8666d50db7fb9a488f7a92802f8688fe738e5b8918ffdb64,716,100.0,ok,782.336592644453,0.2347955894494248,87.31435172695049,5,0,0.0,0.0,0,8.874898671518139e-05,"[[18, 182], [205, 338], [386, 509], [527, 649], [671, 845]]"
161,896x896,0,0.9,896,806,117.71428571428571,3214.2729805147087,3214.274700253327,16,DP; rtol=1e-6,49d13118f7639cf7701ebdc5da2d9a8f43ebfc3e56c5c4c22a6d5bf65373419b,950268bb257438cf8666d50db7fb9a488f7a92802f8688fe738e5b8918ffdb64,806,100.0,ok,849.5612821280956,0.26430900153105646,94.81710723844856,5,0,0.0,0.0,0,5.35031625670257e-05,"[[0, 182], [205, 351], [369, 508], [527, 744], [757, 879]]"
162,896x128,0,0.1,896,89,824.0,7974.551753628779,7974.556205529888,22,DP; rtol=1e-6,49d13118f7639cf7701ebdc5da2d9a8f43ebfc3e56c5c4c22a6d5bf65373419b,950268bb257438cf8666d50db7fb9a488f7a92802f8688fe738e5b8918ffdb64,89,100.0,ok,117.55394199490547,0.014741134752986355,13.119859578008308,1,1,735.0,0.010571779712882841,0,5.58263180350238e-05,"[[415, 504]]"
162,896x128,0,0.2,896,179,824.0,12134.997065118281,12135.00549888215,21,DP; rtol=1e-6,49d13118f7639cf7701ebdc5da2d9a8f43ebfc3e56c5c4c22a6d5bf65373419b,950268bb257438cf8666d50db7fb9a488f7a92802f8688fe738e5b8918ffdb64,179,100.0,ok,214.3384246826172,0.01766283284062154,23.921699147522567,1,1,645.0,0.009277276074570656,0,6.949946474987811e-05,"[[433, 612]]"
162,896x128,0,0.3,896,268,824.0,15193.411080351596,15193.424162057112,20,DP; rtol=1e-6,49d13118f7639cf7701ebdc5da2d9a8f43ebfc3e56c5c4c22a6d5bf65373419b,950268bb257438cf8666d50db7fb9a488f7a92802f8688fe738e5b8918ffdb64,268,100.0,ok,312.25601184368134,0.0205520676161719,34.85000126967705,1,1,556.0,0.007997155810017496,0,8.610110121543002e-05,"[[449, 717]]"
162,896x128,0,0.4,896,358,824.0,17086.918188542346,17086.92829760929,20,DP; rtol=1e-6,49d13118f7639cf7701ebdc5da2d9a8f43ebfc3e56c5c4c22a6d5bf65373419b,950268bb257438cf8666d50db7fb9a488f7a92802f8688fe738e5b8918ffdb64,358,100.0,ok,401.0943141579628,0.023473765703807083,44.76499035241267,1,1,466.0,0.006702652171705311,0,5.916257602711639e-05,"[[475, 833]]"
162,896x128,0,0.5,896,448,824.0,18694.562178747965,18694.577117655295,19,DP; rtol=1e-6,49d13118f7639cf7701ebdc5da2d9a8f43ebfc3e56c5c4c22a6d5bf65373419b,950268bb257438cf8666d50db7fb9a488f7a92802f8688fe738e5b8918ffdb64,448,100.0,ok,493.4516390860081,0.026395463791442274,55.07272749413228,1,1,376.0,0.005408148533393127,0,7.991037848098514e-05,"[[385, 833]]"
162,896x128,0,0.6,896,537,824.0,19274.403249524927,19274.4150456431,19,DP; rtol=1e-6,49d13118f7639cf7701ebdc5da2d9a8f43ebfc3e56c5c4c22a6d5bf65373419b,950268bb257438cf8666d50db7fb9a488f7a92802f8688fe738e5b8918ffdb64,537,100.0,ok,564.4450892210007,0.029284698566992628,62.99610361341039,1,1,287.0,0.0041280282688399665,0,6.120091399219874e-05,"[[287, 824]]"
162,896x128,0,0.7,896,627,824.0,19995.892562804776,19995.909634244046,18,DP; rtol=1e-6,49d13118f7639cf7701ebdc5da2d9a8f43ebfc3e56c5c4c22a6d5bf65373419b,950268bb257438cf8666d50db7fb9a488f7a92802f8688fe738e5b8918ffdb64,627,100.0,ok,643.995647341013,0.032206396654627815,71.87451410458712,1,1,197.0,0.002833524630527782,0,8.537465703284397e-05,"[[205, 832]]"
162,896x128,0,0.8,896,716,824.0,20876.324830189133,20876.345519402537,17,DP; rtol=1e-6,49d13118f7639cf7701ebdc5da2d9a8f43ebfc3e56c5c4c22a6d5bf65373419b,950268bb257438cf8666d50db7fb9a488f7a92802f8688fe738e5b8918ffdb64,716,100.0,ok,732.6678018569946,0.035095631430178166,81.77095990629024,1,1,108.0,0.0015534043659746217,0,9.910361651321864e-05,"[[17, 733]]"
162,896x128,0,0.9,896,806,824.0,21768.98994526005,21769.004738279735,16,DP; rtol=1e-6,49d13118f7639cf7701ebdc5da2d9a8f43ebfc3e56c5c4c22a6d5bf65373419b,950268bb257438cf8666d50db7fb9a488f7a92802f8688fe738e5b8918ffdb64,806,100.0,ok,827.5988640189171,0.03801732951781336,92.365944506718,1,1,18.0,0.00025890072766243693,0,6.795450624430543e-05,"[[18, 824]]"
165,896x4864,0,0.1,896,89,21.68421052631579,722.7947751862589,722.7953586044998,20,DP; rtol=1e-6,49d13118f7639cf7701ebdc5da2d9a8f43ebfc3e56c5c4c22a6d5bf65373419b,950268bb257438cf8666d50db7fb9a488f7a92802f8688fe738e5b8918ffdb64,89,100.0,ok,115.9718173139263,0.16044916385019692,12.943283194852821,4,1,3.684210526315791,0.0020136723262633993,0,8.071693239353195e-05,"[[53, 78], [483, 505], [674, 698], [783, 801]]"
165,896x4864,0,0.2,896,179,21.68421052631579,696.9051904867216,696.9055041516874,16,DP; rtol=1e-6,49d13118f7639cf7701ebdc5da2d9a8f43ebfc3e56c5c4c22a6d5bf65373419b,950268bb257438cf8666d50db7fb9a488f7a92802f8688fe738e5b8918ffdb64,179,100.0,ok,222.06964534451254,0.31865115710993364,24.784558656126173,7,0,0.0,0.0,0,4.50082491720849e-05,"[[53, 86], [433, 455], [483, 505], [570, 602], [674, 699], [719, 742], [783, 805]]"
165,896x4864,0,0.3,896,268,21.68421052631579,674.33746374123,674.3378164340602,19,DP; rtol=1e-6,49d13118f7639cf7701ebdc5da2d9a8f43ebfc3e56c5c4c22a6d5bf65373419b,950268bb257438cf8666d50db7fb9a488f7a92802f8688fe738e5b8918ffdb64,268,100.0,ok,321.9695810668636,0.4774606163516018,35.934105064473364,11,1,0.6842105263157912,0.0003739677177346321,0,5.230209868534175e-05,"[[53, 86], [239, 264], [328, 349], [433, 455], [483, 505], [570, 602], [674, 698], [719, 742], [757, 779], [783, 805], [821, 843]]"
165,896x4864,0,0.4,896,358,21.68421052631579,658.436480450238,658.4367817075599,18,DP; rtol=1e-6,49d13118f7639cf7701ebdc5da2d9a8f43ebfc3e56c5c4c22a6d5bf65373419b,950268bb257438cf8666d50db7fb9a488f7a92802f8688fe738e5b8918ffdb64,358,100.0,ok,420.60802870918997,0.6387981850908059,46.94286039232474,15,4,2.7368421052631646,0.0014958708709385284,0,4.5753416311189454e-05,"[[17, 38], [53, 86], [189, 210], [239, 264], [328, 349], [433, 455], [483, 505], [531, 552], [570, 602], [670, 698], [719, 742], [757, 779], [783, 805], [821, 843], [858, 881]]"
165,896x4864,0,0.5,896,448,21.68421052631579,646.2561703414915,646.2566715811859,14,DP; rtol=1e-6,49d13118f7639cf7701ebdc5da2d9a8f43ebfc3e56c5c4c22a6d5bf65373419b,950268bb257438cf8666d50db7fb9a488f7a92802f8688fe738e5b8918ffdb64,448,100.0,ok,516.1259522431064,0.7986398829590714,57.60334293988345,19,3,2.0526315789473735,0.0011219031532038962,0,7.756046729312516e-05,"[[17, 38], [53, 86], [189, 210], [239, 264], [332, 354], [365, 388], [409, 431], [433, 455], [483, 505], [530, 552], [556, 579], [584, 605], [645, 677], [684, 706], [714, 742], [757, 779], [783, 805], [821, 843], [858, 881]]"
165,896x4864,0,0.6,896,537,21.68421052631579,630.929020207924,630.9293586106623,18,DP; rtol=1e-6,49d13118f7639cf7701ebdc5da2d9a8f43ebfc3e56c5c4c22a6d5bf65373419b,950268bb257438cf8666d50db7fb9a488f7a92802f8688fe738e5b8918ffdb64,537,100.0,ok,603.1387870304752,0.955953471329801,67.31459683177718,21,0,0.0,0.0,0,5.363559860693812e-05,"[[17, 40], [45, 86], [123, 145], [153, 176], [189, 213], [230, 264], [325, 348], [365, 388], [409, 431], [433, 455], [479, 509], [530, 552], [556, 579], [584, 614], [645, 678], [684, 706], [713, 742], [754, 778], [783, 805], [821, 843], [858, 881]]"
165,896x4864,0,0.7,896,627,21.68421052631579,613.5154188140989,613.5158415372832,17,DP; rtol=1e-6,49d13118f7639cf7701ebdc5da2d9a8f43ebfc3e56c5c4c22a6d5bf65373419b,950268bb257438cf8666d50db7fb9a488f7a92802f8688fe738e5b8918ffdb64,627,100.0,ok,684.7869755022693,1.1161691369158016,76.42711787537252,23,0,0.0,0.0,0,6.890175537899168e-05,"[[3, 36], [45, 68], [70, 92], [123, 145], [151, 184], [189, 222], [229, 251], [252, 274], [325, 348], [363, 400], [409, 431], [433, 455], [477, 499], [503, 540], [548, 579], [584, 614], [645, 678], [684, 706], [713, 742], [753, 779], [783, 806], [821, 843], [858, 896]]"
165,896x4864,0,0.8,896,716,21.68421052631579,597.9357191555673,597.9361671220036,16,DP; rtol=1e-6,49d13118f7639cf7701ebdc5da2d9a8f43ebfc3e56c5c4c22a6d5bf65373419b,950268bb257438cf8666d50db7fb9a488f7a92802f8688fe738e5b8918ffdb64,716,100.0,ok,762.3552438013721,1.2749785961574696,85.08429068496899,27,1,0.6842105263157912,0.0003739677177346321,0,7.491877241916356e-05,"[[1, 36], [45, 72], [75, 107], [122, 145], [151, 184], [189, 222], [229, 251], [252, 274], [290, 316], [325, 348], [352, 374], [379, 403], [409, 431], [433, 455], [477, 499], [503, 540], [547, 579], [584, 614], [626, 648], [652, 678], [684, 706], [713, 742], [753, 779], [783, 806], [809, 845], [850, 874], [875, 896]]"
165,896x4864,0,0.9,896,806,21.68421052631579,582.0510334480562,582.0513463815337,15,DP; rtol=1e-6,49d13118f7639cf7701ebdc5da2d9a8f43ebfc3e56c5c4c22a6d5bf65373419b,950268bb257438cf8666d50db7fb9a488f7a92802f8688fe738e5b8918ffdb64,806,100.0,ok,835.1386349499226,1.4348202940257346,93.20743702635436,27,0,0.0,0.0,0,5.376389548006344e-05,"[[0, 32], [34, 63], [65, 92], [96, 120], [122, 147], [151, 186], [189, 222], [227, 258], [261, 283], [286, 316], [325, 358], [359, 384], [385, 408], [409, 431], [433, 455], [458, 490], [493, 540], [547, 579], [584, 617], [626, 648], [652, 681], [684, 706], [709, 743], [745, 770], [771, 806], [809, 845], [850, 896]]"
175,896x896,1,0.1,896,89,117.71428571428571,3185.530326157264,3185.5321808392137,21,DP; rtol=1e-6,49d13118f7639cf7701ebdc5da2d9a8f43ebfc3e56c5c4c22a6d5bf65373419b,950268bb257438cf8666d50db7fb9a488f7a92802f8688fe738e5b8918ffdb64,89,100.0,ok,102.18080177903175,0.032076543406288474,11.404107334961388,1,1,28.714285714285708,0.0028910581255638785,0,5.822204405259157e-05,"[[140, 229]]"
175,896x896,1,0.2,896,179,117.71428571428571,3294.7318714061257,3294.73425156155,20,DP; rtol=1e-6,49d13118f7639cf7701ebdc5da2d9a8f43ebfc3e56c5c4c22a6d5bf65373419b,950268bb257438cf8666d50db7fb9a488f7a92802f8688fe738e5b8918ffdb64,179,100.0,ok,193.39712795615196,0.05869889736235621,21.584500875758522,1,0,0.0,0.0,0,7.22411958808955e-05,"[[31, 210]]"
175,896x896,1,0.3,896,268,117.71428571428571,3327.5969975032795,3327.599455559298,19,DP; rtol=1e-6,49d13118f7639cf7701ebdc5da2d9a8f43ebfc3e56c5c4c22a6d5bf65373419b,950268bb257438cf8666d50db7fb9a488f7a92802f8688fe738e5b8918ffdb64,268,100.0,ok,292.44380781054497,0.0878843826430808,32.63881781754284,2,0,0.0,0.0,0,7.386874686376999e-05,"[[140, 289], [557, 676]]"
175,896x896,1,0.4,896,358,117.71428571428571,3298.590859277054,3298.593085748317,19,DP; rtol=1e-6,49d13118f7639cf7701ebdc5da2d9a8f43ebfc3e56c5c4c22a6d5bf65373419b,950268bb257438cf8666d50db7fb9a488f7a92802f8688fe738e5b8918ffdb64,358,100.0,ok,387.24729257822037,0.11739779472471243,43.219563879380914,3,0,0.0,0.0,0,6.749760292912299e-05,"[[169, 289], [557, 676], [757, 876]]"
175,896x896,1,0.5,896,448,117.71428571428571,3272.442722562675,3272.444926267916,18,DP; rtol=1e-6,49d13118f7639cf7701ebdc5da2d9a8f43ebfc3e56c5c4c22a6d5bf65373419b,950268bb257438cf8666d50db7fb9a488f7a92802f8688fe738e5b8918ffdb64,448,100.0,ok,480.75850957632065,0.14691120680634404,53.65608362773189,3,0,0.0,0.0,0,6.734124761154092e-05,"[[53, 209], [557, 730], [757, 876]]"
175,896x896,1,0.6,896,537,117.71428571428571,3254.0051493970236,3254.007104028029,16,DP; rtol=1e-6,49d13118f7639cf7701ebdc5da2d9a8f43ebfc3e56c5c4c22a6d5bf65373419b,950268bb257438cf8666d50db7fb9a488f7a92802f8688fe738e5b8918ffdb64,537,100.0,ok,573.0195428431034,0.17609669208706863,63.95307394186293,4,0,0.0,0.0,0,6.00684307960897e-05,"[[53, 213], [363, 503], [557, 676], [757, 875]]"
175,896x896,1,0.7,896,627,117.71428571428571,3223.4248550821444,3223.4264253679858,18,DP; rtol=1e-6,49d13118f7639cf7701ebdc5da2d9a8f43ebfc3e56c5c4c22a6d5bf65373419b,950268bb257438cf8666d50db7fb9a488f7a92802f8688fe738e5b8918ffdb64,627,100.0,ok,663.0005388557911,0.20568202103749536,73.99559581260047,5,1,0.7142857142857082,7.191686879512076e-05,0,4.87148032579654e-05,"[[31, 159], [169, 286], [363, 508], [557, 676], [757, 875]]"
175,896x896,1,0.8,896,716,117.71428571428571,3187.9243804441435,3187.927105172378,16,DP; rtol=1e-6,49d13118f7639cf7701ebdc5da2d9a8f43ebfc3e56c5c4c22a6d5bf65373419b,950268bb257438cf8666d50db7fb9a488f7a92802f8688fe738e5b8918ffdb64,716,100.0,ok,748.5105840265751,0.23479558944942483,83.53912763430054,5,0,0.0,0.0,0,8.547021762561613e-05,"[[31, 216], [262, 380], [386, 508], [557, 730], [757, 875]]"
175,896x896,1,0.9,896,806,117.71428571428571,3135.0657218295823,3135.0673826347156,15,DP; rtol=1e-6,49d13118f7639cf7701ebdc5da2d9a8f43ebfc3e56c5c4c22a6d5bf65373419b,950268bb257438cf8666d50db7fb9a488f7a92802f8688fe738e5b8918ffdb64,806,100.0,ok,828.8515547811985,0.26438091839985156,92.5057538295232,6,1,0.7142857142857082,7.191686879512076e-05,0,5.29751016720148e-05,"[[10, 130], [140, 314], [332, 463], [483, 612], [617, 734], [757, 892]]"
176,896x128,1,0.1,896,89,824.0,6931.678157160276,6931.682192927337,21,DP; rtol=1e-6,49d13118f7639cf7701ebdc5da2d9a8f43ebfc3e56c5c4c22a6d5bf65373419b,950268bb257438cf8666d50db7fb9a488f7a92802f8688fe738e5b8918ffdb64,89,100.0,ok,102.18080177903175,0.014741134752986355,11.404107334961388,1,1,735.0,0.010571779712882841,0,5.822204407479603e-05,"[[140, 229]]"
176,896x128,1,0.2,896,179,824.0,10949.3833577687,10949.391267739893,20,DP; rtol=1e-6,49d13118f7639cf7701ebdc5da2d9a8f43ebfc3e56c5c4c22a6d5bf65373419b,950268bb257438cf8666d50db7fb9a488f7a92802f8688fe738e5b8918ffdb64,179,100.0,ok,193.39712795615196,0.01766283284062154,21.584500875758522,1,1,645.0,0.009277276074570656,0,7.22411958808955e-05,"[[31, 210]]"
176,896x128,1,0.3,896,268,824.0,13636.889913265259,13636.897061612739,20,DP; rtol=1e-6,49d13118f7639cf7701ebdc5da2d9a8f43ebfc3e56c5c4c22a6d5bf65373419b,950268bb257438cf8666d50db7fb9a488f7a92802f8688fe738e5b8918ffdb64,268,100.0,ok,280.2662835717201,0.0205520676161719,31.279719130942492,1,1,556.0,0.007997155810017496,0,5.2419164331407586e-05,"[[556, 824]]"
176,896x128,1,0.4,896,358,824.0,15592.891819416815,15592.904284955128,19,DP; rtol=1e-6,49d13118f7639cf7701ebdc5da2d9a8f43ebfc3e56c5c4c22a6d5bf65373419b,950268bb257438cf8666d50db7fb9a488f7a92802f8688fe738e5b8918ffdb64,358,100.0,ok,366.02388921380043,0.023473765703807083,40.850880469512695,1,1,466.0,0.006702652171705311,0,7.994365953667426e-05,"[[483, 841]]"
176,896x128,1,0.5,896,448,824.0,17285.25966368879,17285.269813299416,19,DP; rtol=1e-6,49d13118f7639cf7701ebdc5da2d9a8f43ebfc3e56c5c4c22a6d5bf65373419b,950268bb257438cf8666d50db7fb9a488f7a92802f8688fe738e5b8918ffdb64,448,100.0,ok,456.25244557857513,0.026395463791442274,50.92103184381575,1,1,376.0,0.005408148533393127,0,5.8718265527613056e-05,"[[144, 592]]"
176,896x128,1,0.6,896,537,824.0,18625.469068641698,18625.484907524224,18,DP; rtol=1e-6,49d13118f7639cf7701ebdc5da2d9a8f43ebfc3e56c5c4c22a6d5bf65373419b,950268bb257438cf8666d50db7fb9a488f7a92802f8688fe738e5b8918ffdb64,537,100.0,ok,545.441247344017,0.029284698566992628,60.8751391780803,1,1,287.0,0.0041280282688399665,0,8.503876599563753e-05,"[[55, 592]]"
176,896x128,1,0.7,896,627,824.0,19720.466622564716,19720.478183524814,18,DP; rtol=1e-6,49d13118f7639cf7701ebdc5da2d9a8f43ebfc3e56c5c4c22a6d5bf65373419b,950268bb257438cf8666d50db7fb9a488f7a92802f8688fe738e5b8918ffdb64,627,100.0,ok,635.1251702606678,0.032206396654627815,70.88450556936819,1,1,197.0,0.002833524630527782,0,5.8624136745066835e-05,"[[21, 648]]"
176,896x128,1,0.8,896,716,824.0,20663.265135230577,20663.279831568758,17,DP; rtol=1e-6,49d13118f7639cf7701ebdc5da2d9a8f43ebfc3e56c5c4c22a6d5bf65373419b,950268bb257438cf8666d50db7fb9a488f7a92802f8688fe738e5b8918ffdb64,716,100.0,ok,725.1903373301029,0.035095631430178166,80.93642153125525,1,1,108.0,0.0015534043659746217,0,7.112296934730367e-05,"[[137, 853]]"
176,896x128,1,0.9,896,806,824.0,21454.210697764665,21454.224015264757,16,DP; rtol=1e-6,49d13118f7639cf7701ebdc5da2d9a8f43ebfc3e56c5c4c22a6d5bf65373419b,950268bb257438cf8666d50db7fb9a488f7a92802f8688fe738e5b8918ffdb64,806,100.0,ok,815.6317976415157,0.03801732951781336,91.03033450673216,1,1,18.0,0.00025890072766243693,0,6.207402366564807e-05,"[[31, 837]]"
179,896x4864,1,0.1,896,89,21.68421052631579,763.3676705456865,763.368008863589,19,DP; rtol=1e-6,49d13118f7639cf7701ebdc5da2d9a8f43ebfc3e56c5c4c22a6d5bf65373419b,950268bb257438cf8666d50db7fb9a488f7a92802f8688fe738e5b8918ffdb64,89,100.0,ok,120.94453209638596,0.1584354915239335,13.498273680033705,4,0,0.0,0.0,0,4.4319109349100216e-05,"[[53, 75], [202, 225], [256, 278], [570, 592]]"
179,896x4864,1,0.2,896,179,21.68421052631579,687.2663279452828,687.2668262702964,17,DP; rtol=1e-6,49d13118f7639cf7701ebdc5da2d9a8f43ebfc3e56c5c4c22a6d5bf65373419b,950268bb257438cf8666d50db7fb9a488f7a92802f8688fe738e5b8918ffdb64,179,100.0,ok,219.51224148273468,0.319399092545403,24.499134109595197,8,2,1.3684210526315823,0.0007479354354692642,0,7.250823036430987e-05,"[[53, 74], [203, 225], [257, 278], [363, 387], [414, 436], [570, 592], [626, 648], [757, 782]]"
179,896x4864,1,0.3,896,268,21.68421052631579,652.4088415492815,652.4091451198535,17,DP; rtol=1e-6,49d13118f7639cf7701ebdc5da2d9a8f43ebfc3e56c5c4c22a6d5bf65373419b,950268bb257438cf8666d50db7fb9a488f7a92802f8688fe738e5b8918ffdb64,268,100.0,ok,311.74350744485855,0.47783458406933643,34.79280219225444,11,2,1.3684210526315823,0.0007479354354692642,0,4.6530704578273685e-05,"[[53, 74], [137, 159], [203, 225], [257, 278], [363, 387], [414, 436], [555, 596], [626, 648], [686, 712], [757, 782], [816, 838]]"
179,896x4864,1,0.4,896,358,21.68421052631579,631.7984980947219,631.7988274243078,15,DP; rtol=1e-6,49d13118f7639cf7701ebdc5da2d9a8f43ebfc3e56c5c4c22a6d5bf65373419b,950268bb257438cf8666d50db7fb9a488f7a92802f8688fe738e5b8918ffdb64,358,100.0,ok,403.11918944120407,0.6380502496553366,44.99098099295822,15,2,1.3684210526315823,0.0007479354354692642,0,5.2125703875471885e-05,"[[18, 40], [53, 74], [137, 159], [161, 184], [203, 225], [257, 278], [363, 387], [414, 436], [441, 463], [555, 596], [626, 648], [685, 712], [757, 782], [816, 838], [855, 877]]"
179,896x4864,1,0.5,896,448,21.68421052631579,617.4473717914728,617.4477865581161,13,DP; rtol=1e-6,49d13118f7639cf7701ebdc5da2d9a8f43ebfc3e56c5c4c22a6d5bf65373419b,950268bb257438cf8666d50db7fb9a488f7a92802f8688fe738e5b8918ffdb64,448,100.0,ok,492.4253805875778,0.7975179798058676,54.958189832581134,18,0,0.0,0.0,0,6.717436717984526e-05,"[[18, 41], [47, 73], [100, 122], [137, 159], [168, 196], [202, 225], [256, 278], [363, 387], [414, 436], [441, 463], [555, 597], [619, 648], [683, 712], [757, 782], [787, 809], [815, 838], [843, 865], [867, 889]]"
179,896x4864,1,0.6,896,537,21.68421052631579,605.2197104507077,605.2201683463338,13,DP; rtol=1e-6,49d13118f7639cf7701ebdc5da2d9a8f43ebfc3e56c5c4c22a6d5bf65373419b,950268bb257438cf8666d50db7fb9a488f7a92802f8688fe738e5b8918ffdb64,537,100.0,ok,578.7882157564163,0.9563274390475356,64.59689912093148,22,1,0.6842105263157912,0.0003739677177346321,0,7.56576945204479e-05,"[[18, 41], [47, 73], [100, 126], [137, 162], [168, 196], [202, 225], [256, 278], [291, 314], [328, 351], [363, 400], [414, 436], [440, 463], [555, 582], [584, 605], [618, 648], [668, 690], [692, 714], [757, 782], [787, 809], [815, 838], [843, 865], [867, 889]]"
179,896x4864,1,0.7,896,627,21.68421052631579,595.0681870449473,595.0685535827213,17,DP; rtol=1e-6,49d13118f7639cf7701ebdc5da2d9a8f43ebfc3e56c5c4c22a6d5bf65373419b,950268bb257438cf8666d50db7fb9a488f7a92802f8688fe738e5b8918ffdb64,627,100.0,ok,664.1967447400093,1.116169136915801,74.12910102246812,24,0,0.0,0.0,0,6.159589038823299e-05,"[[18, 41], [47, 73], [100, 126], [137, 171], [172, 196], [202, 235], [256, 278], [285, 314], [328, 351], [363, 408], [414, 438], [440, 463], [497, 519], [528, 552], [555, 582], [584, 611], [618, 648], [668, 690], [697, 725], [757, 782], [787, 809], [815, 838], [843, 866], [867, 889]]"
179,896x4864,1,0.8,896,716,21.68421052631579,586.0225950989882,586.0230185446205,16,DP; rtol=1e-6,49d13118f7639cf7701ebdc5da2d9a8f43ebfc3e56c5c4c22a6d5bf65373419b,950268bb257438cf8666d50db7fb9a488f7a92802f8688fe738e5b8918ffdb64,716,100.0,ok,746.9471120834351,1.274604628439735,83.36463309790506,27,0,0.0,0.0,0,7.225750848771639e-05,"[[4, 41], [47, 73], [100, 130], [132, 166], [167, 190], [193, 219], [220, 242], [256, 278], [285, 314], [328, 351], [363, 397], [398, 429], [431, 460], [462, 485], [497, 519], [525, 552], [555, 582], [584, 611], [618, 648], [668, 690], [692, 714], [719, 748], [757, 782], [784, 808], [815, 838], [843, 866], [870, 896]]"
179,896x4864,1,0.9,896,806,21.68421052631579,577.0967906016353,577.0970797421413,15,DP; rtol=1e-6,49d13118f7639cf7701ebdc5da2d9a8f43ebfc3e56c5c4c22a6d5bf65373419b,950268bb257438cf8666d50db7fb9a488f7a92802f8688fe738e5b8918ffdb64,806,100.0,ok,828.0301867723465,1.434820294025735,92.41408340374691,28,0,0.0,0.0,0,5.010257652093841e-05,"[[0, 24], [25, 59], [62, 94], [100, 130], [132, 166], [167, 190], [193, 219], [220, 242], [247, 278], [282, 320], [327, 361], [363, 397], [398, 429], [431, 460], [462, 488], [492, 519], [520, 552], [555, 582], [584, 611], [618, 657], [667, 690], [692, 715], [719, 750], [757, 782], [783, 808], [812, 839], [843, 866], [867, 896]]"
181,4864x896,1,0.1,4864,486,117.71428571428571,3500.0214374560087,3500.0231071647277,20,DP; rtol=1e-6,49d13118f7639cf7701ebdc5da2d9a8f43ebfc3e56c5c4c22a6d5bf65373419b,950268bb257438cf8666d50db7fb9a488f7a92802f8688fe738e5b8918ffdb64,486,100.0,ok,557.8069048821926,0.15937242524081072,11.468069598515958,4,0,0.0,0.0,0,4.7705648442697424e-05,"[[671, 794], [1334, 1459], [1502, 1622], [3691, 3809]]"
181,4864x896,1,0.2,4864,972,117.71428571428571,3423.2042249138503,3423.2060983374695,14,DP; rtol=1e-6,49d13118f7639cf7701ebdc5da2d9a8f43ebfc3e56c5c4c22a6d5bf65373419b,950268bb257438cf8666d50db7fb9a488f7a92802f8688fe738e5b8918ffdb64,972,100.0,ok,1092.3104122579098,0.319090051451838,22.45703974138322,7,2,3.4285714285714164,0.0003452009702165813,0,5.472716411158984e-05,"[[22, 210], [576, 741], [822, 967], [1334, 1458], [1507, 1622], [2565, 2682], [3691, 3809]]"
181,4864x896,1,0.3,4864,1459,117.71428571428571,3358.3722212075277,3358.373932697282,19,DP; rtol=1e-6,49d13118f7639cf7701ebdc5da2d9a8f43ebfc3e56c5c4c22a6d5bf65373419b,950268bb257438cf8666d50db7fb9a488f7a92802f8688fe738e5b8918ffdb64,1459,100.0,ok,1608.5360475480556,0.478963003978664,33.07023126380767,11,3,5.142857142857125,0.000517801455324872,0,5.0961857989140213e-05,"[[24, 210], [583, 741], [822, 967], [1334, 1458], [1507, 1622], [1970, 2097], [2565, 2682], [2842, 2958], [3447, 3582], [3691, 3809], [3874, 3992]]"
181,4864x896,1,0.4,4864,1945,117.71428571428571,3299.9281543990187,3299.9299266633916,18,DP; rtol=1e-6,49d13118f7639cf7701ebdc5da2d9a8f43ebfc3e56c5c4c22a6d5bf65373419b,950268bb257438cf8666d50db7fb9a488f7a92802f8688fe738e5b8918ffdb64,1945,100.0,ok,2104.7523472309113,0.6378176277641499,43.27204664270279,14,0,0.0,0.0,0,5.370612141675224e-05,"[[7, 210], [358, 479], [576, 747], [822, 967], [1015, 1179], [1334, 1461], [1502, 1622], [1966, 2097], [2566, 2704], [2840, 2958], [3446, 3582], [3669, 3795], [3872, 3992], [4378, 4503]]"
181,4864x896,1,0.5,4864,2432,117.71428571428571,3259.7485816439903,3259.7505417362972,16,DP; rtol=1e-6,49d13118f7639cf7701ebdc5da2d9a8f43ebfc3e56c5c4c22a6d5bf65373419b,950268bb257438cf8666d50db7fb9a488f7a92802f8688fe738e5b8918ffdb64,2432,100.0,ok,2599.708103507757,0.7975179798058676,53.447946244318096,18,0,0.0,0.0,0,6.013013210681706e-05,"[[7, 131], [151, 270], [358, 479], [576, 747], [822, 967], [1015, 1179], [1334, 1461], [1502, 1622], [1970, 2097], [2566, 2704], [2840, 2958], [3228, 3401], [3447, 3582], [3662, 3795], [3872, 3992], [4177, 4312], [4378, 4503], [4689, 4826]]"
181,4864x896,1,0.6,4864,2918,117.71428571428571,3225.474019146969,3225.476068945765,18,DP; rtol=1e-6,49d13118f7639cf7701ebdc5da2d9a8f43ebfc3e56c5c4c22a6d5bf65373419b,950268bb257438cf8666d50db7fb9a488f7a92802f8688fe738e5b8918ffdb64,2918,100.0,ok,3086.4251406490803,0.9568904050466782,63.45446428464069,22,0,0.0,0.0,0,6.355027140081404e-05,"[[7, 131], [151, 270], [358, 479], [576, 715], [724, 842], [848, 967], [1015, 1179], [1334, 1461], [1507, 1631], [1751, 1869], [1901, 2020], [2032, 2196], [2566, 2704], [2840, 2958], [3228, 3401], [3447, 3600], [3662, 3795], [3872, 3992], [4000, 4119], [4177, 4312], [4378, 4503], [4678, 4826]]"
181,4864x896,1,0.7,4864,3404,117.71428571428571,3191.351565285054,3191.354035206976,17,DP; rtol=1e-6,49d13118f7639cf7701ebdc5da2d9a8f43ebfc3e56c5c4c22a6d5bf65373419b,950268bb257438cf8666d50db7fb9a488f7a92802f8688fe738e5b8918ffdb64,3404,100.0,ok,3562.3871307075024,1.1162628302874888,73.23986704761104,25,0,0.0,0.0,0,7.739416856278325e-05,"[[7, 131], [151, 270], [358, 479], [576, 715], [724, 842], [848, 972], [1015, 1187], [1234, 1367], [1425, 1543], [1554, 1683], [1751, 1869], [1901, 2020], [2032, 2196], [2406, 2547], [2563, 2704], [2810, 2957], [3124, 3249], [3269, 3401], [3446, 3600], [3662, 3817], [3872, 4024], [4031, 4159], [4177, 4312], [4378, 4512], [4676, 4838]]"
181,4864x896,1,0.8,4864,3891,117.71428571428571,3157.0179073879876,3157.020393694298,16,DP; rtol=1e-6,49d13118f7639cf7701ebdc5da2d9a8f43ebfc3e56c5c4c22a6d5bf65373419b,950268bb257438cf8666d50db7fb9a488f7a92802f8688fe738e5b8918ffdb64,3891,100.0,ok,4028.238615781069,1.2759631823292066,82.81740580992519,29,0,0.0,0.0,0,7.875483843955422e-05,"[[7, 131], [145, 270], [284, 406], [424, 544], [576, 715], [724, 842], [848, 972], [1015, 1187], [1234, 1367], [1425, 1543], [1554, 1683], [1751, 1869], [1901, 2020], [2032, 2213], [2271, 2392], [2406, 2547], [2563, 2704], [2810, 2958], [3038, 3199], [3228, 3356], [3366, 3493], [3516, 3682], [3691, 3817], [3872, 4024], [4031, 4159], [4177, 4312], [4378, 4512], [4602, 4722], [4737, 4858]]"
181,4864x896,1,0.9,4864,4377,117.71428571428571,3117.6988119703306,3117.701018568675,14,DP; rtol=1e-6,49d13118f7639cf7701ebdc5da2d9a8f43ebfc3e56c5c4c22a6d5bf65373419b,950268bb257438cf8666d50db7fb9a488f7a92802f8688fe738e5b8918ffdb64,4377,100.0,ok,4474.944118499756,1.4353356075700174,92.00131828999729,31,0,0.0,0.0,0,7.077645776121244e-05,"[[7, 134], [138, 274], [284, 406], [412, 544], [575, 715], [724, 842], [845, 972], [998, 1215], [1234, 1397], [1414, 1543], [1551, 1683], [1690, 1851], [1899, 2020], [2026, 2255], [2271, 2442], [2450, 2580], [2584, 2722], [2767, 2916], [2939, 3058], [3073, 3202], [3225, 3358], [3361, 3493], [3516, 3682], [3691, 3817], [3833, 3954], [3966, 4159], [4177, 4312], [4326, 4444], [4448, 4566], [4602, 4722], [4737, 4862]]"
191,896x128,1,0.1,896,89,824.0,6993.953386849616,6993.959232555579,21,DP; rtol=1e-6,49d13118f7639cf7701ebdc5da2d9a8f43ebfc3e56c5c4c22a6d5bf65373419b,950268bb257438cf8666d50db7fb9a488f7a92802f8688fe738e5b8918ffdb64,89,100.0,ok,103.0988093316555,0.014741134752986355,11.506563556788441,1,1,735.0,0.010571779712882841,0,8.358221385007525e-05,"[[416, 505]]"
191,896x128,1,0.2,896,179,824.0,11132.838353763653,11132.84897512662,20,DP; rtol=1e-6,49d13118f7639cf7701ebdc5da2d9a8f43ebfc3e56c5c4c22a6d5bf65373419b,950268bb257438cf8666d50db7fb9a488f7a92802f8688fe738e5b8918ffdb64,179,100.0,ok,196.6374628841877,0.01766283284062154,21.94614544038015,1,1,645.0,0.009277276074570656,0,9.540561443088791e-05,"[[40, 219]]"
191,896x128,1,0.3,896,268,824.0,13732.699074757265,13732.708228443807,20,DP; rtol=1e-6,49d13118f7639cf7701ebdc5da2d9a8f43ebfc3e56c5c4c22a6d5bf65373419b,950268bb257438cf8666d50db7fb9a488f7a92802f8688fe738e5b8918ffdb64,268,100.0,ok,282.2353599369526,0.0205520676161719,31.49948217772943,1,1,556.0,0.007997155810017496,0,6.665609135758643e-05,"[[18, 286]]"
191,896x128,1,0.4,896,358,824.0,15672.997973307536,15673.013300630497,19,DP; rtol=1e-6,49d13118f7639cf7701ebdc5da2d9a8f43ebfc3e56c5c4c22a6d5bf65373419b,950268bb257438cf8666d50db7fb9a488f7a92802f8688fe738e5b8918ffdb64,358,100.0,ok,367.90428230166435,0.023473765703807083,41.06074584722618,1,1,466.0,0.006702652171705311,0,9.779435943269021e-05,"[[416, 774]]"
191,896x128,1,0.5,896,448,824.0,17599.10470156356,17599.116426367793,19,DP; rtol=1e-6,49d13118f7639cf7701ebdc5da2d9a8f43ebfc3e56c5c4c22a6d5bf65373419b,950268bb257438cf8666d50db7fb9a488f7a92802f8688fe738e5b8918ffdb64,448,100.0,ok,464.53653091192245,0.026395463791442274,51.84559503682702,1,1,376.0,0.005408148533393127,0,6.662155047632012e-05,"[[47, 495]]"
191,896x128,1,0.6,896,537,824.0,18757.164014969352,18757.182401316648,18,DP; rtol=1e-6,49d13118f7639cf7701ebdc5da2d9a8f43ebfc3e56c5c4c22a6d5bf65373419b,950268bb257438cf8666d50db7fb9a488f7a92802f8688fe738e5b8918ffdb64,537,100.0,ok,549.2978941500187,0.029284698566992628,61.30556862509353,1,1,287.0,0.0041280282688399665,0,9.802297009642302e-05,"[[56, 593]]"
191,896x128,1,0.7,896,627,824.0,19868.30718193348,19868.320269366683,18,DP; rtol=1e-6,49d13118f7639cf7701ebdc5da2d9a8f43ebfc3e56c5c4c22a6d5bf65373419b,950268bb257438cf8666d50db7fb9a488f7a92802f8688fe738e5b8918ffdb64,627,100.0,ok,639.8865819573402,0.032206396654627815,71.41591325989779,1,1,197.0,0.002833524630527782,0,6.58708588563428e-05,"[[53, 680]]"
191,896x128,1,0.8,896,716,824.0,20712.841805578224,20712.858748440438,17,DP; rtol=1e-6,49d13118f7639cf7701ebdc5da2d9a8f43ebfc3e56c5c4c22a6d5bf65373419b,950268bb257438cf8666d50db7fb9a488f7a92802f8688fe738e5b8918ffdb64,716,100.0,ok,726.9302618801594,0.035095631430178166,81.13060969278031,1,1,108.0,0.0015534043659746217,0,8.179876288538779e-05,"[[47, 763]]"
191,896x128,1,0.9,896,806,824.0,21583.93623942227,21583.94997114666,16,DP; rtol=1e-6,49d13118f7639cf7701ebdc5da2d9a8f43ebfc3e56c5c4c22a6d5bf65373419b,950268bb257438cf8666d50db7fb9a488f7a92802f8688fe738e5b8918ffdb64,806,100.0,ok,820.5636163055897,0.03801732951781336,91.58076087023632,1,1,18.0,0.00025890072766243693,0,6.362007143323467e-05,"[[46, 852]]"
192,896x896,1,0.1,896,89,117.71428571428571,4550.73484942525,4550.738515572937,20,DP; rtol=1e-6,49d13118f7639cf7701ebdc5da2d9a8f43ebfc3e56c5c4c22a6d5bf65373419b,950268bb257438cf8666d50db7fb9a488f7a92802f8688fe738e5b8918ffdb64,89,100.0,ok,145.97184392809868,0.032076543406288474,16.29150043352695,1,1,28.714285714285708,0.0028910581255638785,0,8.056159839231469e-05,"[[636, 725]]"
192,896x896,1,0.2,896,179,117.71428571428571,4332.398958108329,4332.401692202877,20,DP; rtol=1e-6,49d13118f7639cf7701ebdc5da2d9a8f43ebfc3e56c5c4c22a6d5bf65373419b,950268bb257438cf8666d50db7fb9a488f7a92802f8688fe738e5b8918ffdb64,179,100.0,ok,278.9212746024132,0.0643803299971708,31.129606531129138,2,2,56.428571428571416,0.005681432634814587,0,6.310805743536818e-05,"[[61, 142], [638, 736]]"
192,896x896,1,0.3,896,268,117.71428571428571,4252.638304411645,4252.640933204992,18,DP; rtol=1e-6,49d13118f7639cf7701ebdc5da2d9a8f43ebfc3e56c5c4c22a6d5bf65373419b,950268bb257438cf8666d50db7fb9a488f7a92802f8688fe738e5b8918ffdb64,268,100.0,ok,410.1961945593357,0.09645687340345926,45.780825271935484,3,3,85.14285714285712,0.008572490760378465,0,6.181554916828702e-05,"[[61, 128], [445, 562], [640, 724]]"
192,896x896,1,0.4,896,358,117.71428571428571,4098.476067082571,4098.478334262257,19,DP; rtol=1e-6,49d13118f7639cf7701ebdc5da2d9a8f43ebfc3e56c5c4c22a6d5bf65373419b,950268bb257438cf8666d50db7fb9a488f7a92802f8688fe738e5b8918ffdb64,358,100.0,ok,484.21744748950005,0.11814573016018168,54.04212581970399,3,2,7.428571428571416,0.000747935435469261,0,5.531759597054986e-05,"[[27, 141], [445, 575], [636, 750]]"
192,896x896,1,0.5,896,448,117.71428571428571,3894.508947316834,3894.5121134978945,16,DP; rtol=1e-6,49d13118f7639cf7701ebdc5da2d9a8f43ebfc3e56c5c4c22a6d5bf65373419b,950268bb257438cf8666d50db7fb9a488f7a92802f8688fe738e5b8918ffdb64,448,100.0,ok,572.4270902574062,0.14698312367513916,63.88695201853215,3,1,0.7142857142857082,7.191686879512076e-05,0,8.129852900884416e-05,"[[24, 141], [408, 576], [640, 803]]"
192,896x896,1,0.6,896,537,117.71428571428571,3770.08821106021,3770.089982253662,19,DP; rtol=1e-6,49d13118f7639cf7701ebdc5da2d9a8f43ebfc3e56c5c4c22a6d5bf65373419b,950268bb257438cf8666d50db7fb9a488f7a92802f8688fe738e5b8918ffdb64,537,100.0,ok,663.9000628441572,0.17609669208706863,74.09598913453307,4,0,0.0,0.0,0,4.698013735815465e-05,"[[61, 190], [408, 576], [634, 753], [775, 896]]"
192,896x896,1,0.7,896,627,117.71428571428571,3582.946564796502,3582.9488744892906,18,DP; rtol=1e-6,49d13118f7639cf7701ebdc5da2d9a8f43ebfc3e56c5c4c22a6d5bf65373419b,950268bb257438cf8666d50db7fb9a488f7a92802f8688fe738e5b8918ffdb64,627,100.0,ok,736.6900164186954,0.20561010416870024,82.21986787925944,4,0,0.0,0.0,0,6.446345927058061e-05,"[[24, 190], [381, 588], [636, 754], [760, 896]]"
192,896x896,1,0.8,896,716,117.71428571428571,3457.7297116703094,3457.7316883664057,17,DP; rtol=1e-6,49d13118f7639cf7701ebdc5da2d9a8f43ebfc3e56c5c4c22a6d5bf65373419b,950268bb257438cf8666d50db7fb9a488f7a92802f8688fe738e5b8918ffdb64,716,100.0,ok,811.8596858084202,0.23479558944942486,90.60933990685123,5,0,0.0,0.0,0,5.7167422884418784e-05,"[[27, 161], [189, 319], [381, 588], [636, 754], [769, 896]]"
192,896x896,1,0.9,896,806,117.71428571428571,3290.0809279077826,3290.0827834715637,15,DP; rtol=1e-6,49d13118f7639cf7701ebdc5da2d9a8f43ebfc3e56c5c4c22a6d5bf65373419b,950268bb257438cf8666d50db7fb9a488f7a92802f8688fe738e5b8918ffdb64,806,100.0,ok,869.5980050116777,0.26430900153105646,97.05334874457147,5,0,0.0,0.0,0,5.6398695813530964e-05,"[[0, 146], [152, 319], [381, 596], [616, 755], [757, 896]]"
194,896x4864,1,0.1,896,89,21.68421052631579,809.556999811705,809.5575167977214,19,DP; rtol=1e-6,49d13118f7639cf7701ebdc5da2d9a8f43ebfc3e56c5c4c22a6d5bf65373419b,950268bb257438cf8666d50db7fb9a488f7a92802f8688fe738e5b8918ffdb64,89,100.0,ok,128.8680575489998,0.15918342695940277,14.382595726339128,4,2,1.3684210526315823,0.0007479354354692642,0,6.386031944360937e-05,"[[53, 74], [260, 281], [557, 579], [777, 802]]"
194,896x4864,1,0.2,896,179,21.68421052631579,712.3131064515715,712.313701819903,17,DP; rtol=1e-6,49d13118f7639cf7701ebdc5da2d9a8f43ebfc3e56c5c4c22a6d5bf65373419b,950268bb257438cf8666d50db7fb9a488f7a92802f8688fe738e5b8918ffdb64,179,100.0,ok,226.97939559536462,0.3186511571099337,25.33252186109534,8,0,0.0,0.0,0,8.358232195249116e-05,"[[52, 74], [207, 229], [257, 279], [386, 408], [482, 504], [557, 579], [628, 650], [777, 802]]"
194,896x4864,1,0.3,896,268,21.68421052631579,669.2410341938164,669.2415555977278,16,DP; rtol=1e-6,49d13118f7639cf7701ebdc5da2d9a8f43ebfc3e56c5c4c22a6d5bf65373419b,950268bb257438cf8666d50db7fb9a488f7a92802f8688fe738e5b8918ffdb64,268,100.0,ok,319.28596213179117,0.4770866486338672,35.63459403188947,11,0,0.0,0.0,0,7.790967357923506e-05,"[[16, 38], [52, 74], [208, 235], [257, 279], [363, 387], [395, 422], [441, 463], [482, 504], [559, 592], [628, 650], [777, 802]]"
194,896x4864,1,0.4,896,358,21.68421052631579,641.553299665862,641.5536036348935,15,DP; rtol=1e-6,49d13118f7639cf7701ebdc5da2d9a8f43ebfc3e56c5c4c22a6d5bf65373419b,950268bb257438cf8666d50db7fb9a488f7a92802f8688fe738e5b8918ffdb64,358,100.0,ok,408.8634025724459,0.6373023142198674,45.63207623626183,14,0,0.0,0.0,0,4.738014559579895e-05,"[[16, 38], [53, 79], [140, 175], [208, 235], [257, 279], [363, 391], [395, 422], [441, 463], [483, 508], [559, 592], [628, 650], [668, 690], [753, 775], [777, 802]]"
194,896x4864,1,0.5,896,448,21.68421052631579,622.8982902624565,622.8986275727455,13,DP; rtol=1e-6,49d13118f7639cf7701ebdc5da2d9a8f43ebfc3e56c5c4c22a6d5bf65373419b,950268bb257438cf8666d50db7fb9a488f7a92802f8688fe738e5b8918ffdb64,448,100.0,ok,496.7725860746432,0.7975179798058676,55.44336904995163,18,0,0.0,0.0,0,5.415171490108506e-05,"[[16, 38], [53, 79], [100, 123], [127, 150], [155, 182], [208, 235], [257, 280], [363, 391], [395, 422], [441, 463], [483, 509], [559, 592], [628, 650], [667, 690], [700, 725], [753, 775], [777, 802], [821, 845]]"
194,896x4864,1,0.6,896,537,21.68421052631579,609.3992035760429,609.3995285287015,14,DP; rtol=1e-6,49d13118f7639cf7701ebdc5da2d9a8f43ebfc3e56c5c4c22a6d5bf65373419b,950268bb257438cf8666d50db7fb9a488f7a92802f8688fe738e5b8918ffdb64,537,100.0,ok,582.5572840841342,0.9559534713298009,65.01755410746648,21,0,0.0,0.0,0,5.332341811437047e-05,"[[16, 38], [53, 79], [100, 123], [127, 150], [155, 182], [208, 235], [257, 279], [305, 338], [363, 391], [395, 422], [441, 463], [483, 518], [530, 552], [559, 592], [628, 650], [668, 690], [700, 729], [753, 775], [777, 802], [821, 845], [868, 891]]"
194,896x4864,1,0.7,896,627,21.68421052631579,597.6860605581013,597.6864184314529,17,DP; rtol=1e-6,49d13118f7639cf7701ebdc5da2d9a8f43ebfc3e56c5c4c22a6d5bf65373419b,950268bb257438cf8666d50db7fb9a488f7a92802f8688fe738e5b8918ffdb64,627,100.0,ok,667.1187343597412,1.116169136915801,74.45521598022762,23,0,0.0,0.0,0,5.987644031701933e-05,"[[16, 38], [53, 91], [98, 124], [127, 150], [151, 182], [208, 235], [257, 281], [305, 338], [363, 410], [413, 438], [441, 463], [465, 488], [494, 523], [530, 552], [556, 579], [580, 602], [628, 650], [667, 691], [700, 731], [753, 775], [777, 802], [821, 852], [854, 889]]"
194,896x4864,1,0.8,896,716,21.68421052631579,587.1162956281432,587.1167344057754,16,DP; rtol=1e-6,49d13118f7639cf7701ebdc5da2d9a8f43ebfc3e56c5c4c22a6d5bf65373419b,950268bb257438cf8666d50db7fb9a488f7a92802f8688fe738e5b8918ffdb64,716,100.0,ok,748.341147840023,1.274604628439735,83.52021749590786,26,0,0.0,0.0,0,7.47343086082708e-05,"[[3, 38], [52, 91], [98, 131], [134, 166], [167, 189], [192, 218], [224, 248], [257, 281], [303, 338], [352, 376], [378, 410], [413, 438], [441, 463], [465, 488], [494, 523], [529, 552], [556, 579], [580, 602], [628, 660], [667, 691], [700, 731], [737, 764], [773, 802], [806, 837], [843, 866], [868, 894]]"
194,896x4864,1,0.9,896,806,21.68421052631579,577.198162303314,577.1985006449111,15,DP; rtol=1e-6,49d13118f7639cf7701ebdc5da2d9a8f43ebfc3e56c5c4c22a6d5bf65373419b,950268bb257438cf8666d50db7fb9a488f7a92802f8688fe738e5b8918ffdb64,806,100.0,ok,828.175636947155,1.434820294025735,92.43031673760792,29,0,0.0,0.0,0,5.861789257322059e-05,"[[1, 38], [44, 69], [70, 95], [96, 131], [132, 166], [167, 190], [192, 226], [228, 258], [260, 296], [303, 326], [328, 360], [363, 410], [413, 438], [441, 463], [465, 488], [492, 523], [529, 552], [556, 579], [580, 602], [606, 630], [632, 660], [667, 691], [697, 725], [728, 750], [751, 775], [777, 802], [806, 837], [843, 867], [868, 894]]"
195,4864x896,1,0.1,4864,486,117.71428571428571,5783.05589071856,5783.060435967225,18,DP; rtol=1e-6,49d13118f7639cf7701ebdc5da2d9a8f43ebfc3e56c5c4c22a6d5bf65373419b,950268bb257438cf8666d50db7fb9a488f7a92802f8688fe738e5b8918ffdb64,486,100.0,ok,921.6596426069736,0.15937242524081072,18.948594678559203,3,0,0.0,0.0,0,7.859590464009969e-05,"[[2080, 2255], [2502, 2681], [2942, 3074]]"
195,4864x896,1,0.2,4864,972,117.71428571428571,4370.721757118342,4370.725842477967,17,DP; rtol=1e-6,49d13118f7639cf7701ebdc5da2d9a8f43ebfc3e56c5c4c22a6d5bf65373419b,950268bb257438cf8666d50db7fb9a488f7a92802f8688fe738e5b8918ffdb64,972,100.0,ok,1393.1450529694557,0.31874485048162143,28.641962517192642,7,0,0.0,0.0,0,9.347096504574992e-05,"[[96, 216], [1672, 1790], [2080, 2259], [2502, 2680], [2927, 3045], [3639, 3780], [4443, 4561]]"
195,4864x896,1,0.3,4864,1459,117.71428571428571,3868.6282234112073,3868.6316996099276,18,DP; rtol=1e-6,49d13118f7639cf7701ebdc5da2d9a8f43ebfc3e56c5c4c22a6d5bf65373419b,950268bb257438cf8666d50db7fb9a488f7a92802f8688fe738e5b8918ffdb64,1459,100.0,ok,1850.9266138374805,0.4784452025233391,38.0535900282666,10,0,0.0,0.0,0,8.985602637512358e-05,"[[96, 258], [1413, 1533], [1672, 1790], [2080, 2255], [2486, 2680], [2865, 3017], [3062, 3186], [3604, 3782], [3911, 4029], [4443, 4561]]"
195,4864x896,1,0.4,4864,1945,117.71428571428571,3610.458123218542,3610.460145332189,18,DP; rtol=1e-6,49d13118f7639cf7701ebdc5da2d9a8f43ebfc3e56c5c4c22a6d5bf65373419b,950268bb257438cf8666d50db7fb9a488f7a92802f8688fe738e5b8918ffdb64,1945,100.0,ok,2302.8138352930546,0.6378176277641497,47.34403457411006,15,0,0.0,0.0,0,5.600708955499911e-05,"[[54, 175], [195, 313], [429, 548], [664, 782], [1413, 1533], [1672, 1790], [1848, 1966], [2080, 2209], [2214, 2349], [2486, 2680], [2865, 3017], [3062, 3186], [3639, 3782], [3911, 4029], [4443, 4561]]"
195,4864x896,1,0.5,4864,2432,117.71428571428571,3450.723007454392,3450.725119778722,17,DP; rtol=1e-6,49d13118f7639cf7701ebdc5da2d9a8f43ebfc3e56c5c4c22a6d5bf65373419b,950268bb257438cf8666d50db7fb9a488f7a92802f8688fe738e5b8918ffdb64,2432,100.0,ok,2752.0136417746544,0.7975179798058676,56.579227989578655,18,0,0.0,0.0,0,6.121392625013655e-05,"[[39, 175], [195, 313], [429, 548], [717, 862], [1223, 1343], [1413, 1533], [1672, 1790], [1848, 1966], [2080, 2209], [2214, 2349], [2486, 2680], [2848, 3017], [3062, 3186], [3604, 3788], [3911, 4029], [4149, 4267], [4407, 4555], [4622, 4741]]"
195,4864x896,1,0.6,4864,2918,117.71428571428571,3341.1855963819835,3341.187863868122,16,DP; rtol=1e-6,49d13118f7639cf7701ebdc5da2d9a8f43ebfc3e56c5c4c22a6d5bf65373419b,950268bb257438cf8666d50db7fb9a488f7a92802f8688fe738e5b8918ffdb64,2918,100.0,ok,3197.3887262642384,0.9569623219154733,65.73578814019052,23,1,0.7142857142857082,7.191686879512076e-05,0,6.786467061647983e-05,"[[54, 175], [195, 313], [429, 548], [664, 782], [802, 925], [1032, 1149], [1223, 1343], [1413, 1533], [1673, 1792], [1848, 1966], [2080, 2209], [2214, 2349], [2486, 2680], [2711, 2830], [2865, 3017], [3062, 3186], [3317, 3436], [3499, 3630], [3639, 3788], [3911, 4029], [4149, 4267], [4443, 4561], [4622, 4741]]"
195,4864x896,1,0.7,4864,3404,117.71428571428571,3259.02974403447,3259.032070551827,17,DP; rtol=1e-6,49d13118f7639cf7701ebdc5da2d9a8f43ebfc3e56c5c4c22a6d5bf65373419b,950268bb257438cf8666d50db7fb9a488f7a92802f8688fe738e5b8918ffdb64,3404,100.0,ok,3637.933766067028,1.116262830287489,74.79304638495944,24,0,0.0,0.0,0,7.138675861551036e-05,"[[39, 175], [196, 357], [393, 562], [639, 778], [802, 925], [1067, 1197], [1223, 1343], [1410, 1533], [1618, 1784], [1824, 1964], [2080, 2266], [2279, 2401], [2486, 2680], [2711, 2830], [2848, 3017], [3062, 3186], [3317, 3436], [3499, 3630], [3639, 3788], [3907, 4029], [4069, 4233], [4345, 4469], [4484, 4602], [4708, 4864]]"
195,4864x896,1,0.8,4864,3891,117.71428571428571,3190.0780794388356,3190.0805241977996,16,DP; rtol=1e-6,49d13118f7639cf7701ebdc5da2d9a8f43ebfc3e56c5c4c22a6d5bf65373419b,950268bb257438cf8666d50db7fb9a488f7a92802f8688fe738e5b8918ffdb64,3891,100.0,ok,4070.422178119421,1.2759631823292068,83.68466672321607,28,0,0.0,0.0,0,7.66362775350693e-05,"[[0, 123], [125, 258], [287, 456], [472, 611], [639, 778], [801, 925], [968, 1086], [1093, 1214], [1223, 1343], [1410, 1538], [1618, 1789], [1824, 1964], [2036, 2266], [2279, 2401], [2453, 2572], [2576, 2701], [2711, 2830], [2848, 3042], [3062, 3186], [3317, 3436], [3499, 3630], [3639, 3788], [3907, 4032], [4069, 4233], [4248, 4369], [4407, 4592], [4622, 4743], [4746, 4864]]"
195,4864x896,1,0.9,4864,4377,117.71428571428571,3130.0987719819923,3130.100490326334,14,DP; rtol=1e-6,49d13118f7639cf7701ebdc5da2d9a8f43ebfc3e56c5c4c22a6d5bf65373419b,950268bb257438cf8666d50db7fb9a488f7a92802f8688fe738e5b8918ffdb64,4377,100.0,ok,4492.742222636938,1.4353356075700174,92.36723345203397,32,0,0.0,0.0,0,5.489741773390122e-05,"[[0, 123], [125, 258], [284, 456], [472, 611], [639, 782], [788, 925], [932, 1051], [1067, 1214], [1223, 1363], [1410, 1540], [1562, 1696], [1713, 1841], [1848, 1966], [1989, 2113], [2118, 2266], [2279, 2426], [2438, 2572], [2576, 2703], [2711, 2830], [2839, 3045], [3062, 3186], [3203, 3321], [3334, 3455], [3483, 3630], [3639, 3800], [3841, 3986], [3991, 4113], [4149, 4267], [4280, 4469], [4477, 4602], [4622, 4743], [4746, 4864]]"
205,896x128,1,0.1,896,89,824.0,7122.376380115783,7122.380885895285,21,DP; rtol=1e-6,49d13118f7639cf7701ebdc5da2d9a8f43ebfc3e56c5c4c22a6d5bf65373419b,950268bb257438cf8666d50db7fb9a488f7a92802f8688fe738e5b8918ffdb64,89,100.0,ok,104.99190998077393,0.014741134752986355,11.717847104643093,1,1,735.0,0.010571779712882841,0,6.326226544839386e-05,"[[28, 117]]"
205,896x128,1,0.2,896,179,824.0,11330.581730360873,11330.590015620372,20,DP; rtol=1e-6,49d13118f7639cf7701ebdc5da2d9a8f43ebfc3e56c5c4c22a6d5bf65373419b,950268bb257438cf8666d50db7fb9a488f7a92802f8688fe738e5b8918ffdb64,179,100.0,ok,200.13017109036446,0.01766283284062154,22.33595661125116,1,1,645.0,0.009277276074570656,0,7.3122930821512e-05,"[[31, 210]]"
205,896x128,1,0.3,896,268,824.0,13902.003086674411,13902.010606497119,20,DP; rtol=1e-6,49d13118f7639cf7701ebdc5da2d9a8f43ebfc3e56c5c4c22a6d5bf65373419b,950268bb257438cf8666d50db7fb9a488f7a92802f8688fe738e5b8918ffdb64,268,100.0,ok,285.71490743756294,0.0205520676161719,31.88782451413346,1,1,556.0,0.007997155810017496,0,5.4091619694496273e-05,"[[31, 299]]"
205,896x128,1,0.4,896,358,824.0,15763.885581052305,15763.898930222897,19,DP; rtol=1e-6,49d13118f7639cf7701ebdc5da2d9a8f43ebfc3e56c5c4c22a6d5bf65373419b,950268bb257438cf8666d50db7fb9a488f7a92802f8688fe738e5b8918ffdb64,358,100.0,ok,370.0377567112446,0.023473765703807083,41.29885680602913,1,1,466.0,0.006702652171705311,0,8.468190928478947e-05,"[[444, 802]]"
205,896x128,1,0.5,896,448,824.0,17534.074756563088,17534.085645495954,19,DP; rtol=1e-6,49d13118f7639cf7701ebdc5da2d9a8f43ebfc3e56c5c4c22a6d5bf65373419b,950268bb257438cf8666d50db7fb9a488f7a92802f8688fe738e5b8918ffdb64,448,100.0,ok,462.82003535330296,0.026395463791442274,51.654021840622,1,1,376.0,0.005408148533393127,0,6.210151521912621e-05,"[[48, 496]]"
205,896x128,1,0.6,896,537,824.0,18795.470995060718,18795.488446191346,18,DP; rtol=1e-6,49d13118f7639cf7701ebdc5da2d9a8f43ebfc3e56c5c4c22a6d5bf65373419b,950268bb257438cf8666d50db7fb9a488f7a92802f8688fe738e5b8918ffdb64,537,100.0,ok,550.4197025150061,0.029284698566992628,61.430770414930535,1,1,287.0,0.0041280282688399665,0,9.284744409976398e-05,"[[42, 579]]"
205,896x128,1,0.7,896,627,824.0,20049.82392076435,20049.836199506473,18,DP; rtol=1e-6,49d13118f7639cf7701ebdc5da2d9a8f43ebfc3e56c5c4c22a6d5bf65373419b,950268bb257438cf8666d50db7fb9a488f7a92802f8688fe738e5b8918ffdb64,627,100.0,ok,645.7325820475817,0.032206396654627815,72.06836858483244,1,1,197.0,0.002833524630527782,0,6.124110941696514e-05,"[[31, 658]]"
205,896x128,1,0.8,896,716,824.0,20817.942745086828,20817.959522231125,17,DP; rtol=1e-6,49d13118f7639cf7701ebdc5da2d9a8f43ebfc3e56c5c4c22a6d5bf65373419b,950268bb257438cf8666d50db7fb9a488f7a92802f8688fe738e5b8918ffdb64,716,100.0,ok,730.6188457161188,0.035095631430178166,81.54228194762854,1,1,108.0,0.0015534043659746217,0,8.058976327385281e-05,"[[23, 739]]"
205,896x128,1,0.9,896,806,824.0,21569.222959918578,21569.238780615837,16,DP; rtol=1e-6,49d13118f7639cf7701ebdc5da2d9a8f43ebfc3e56c5c4c22a6d5bf65373419b,950268bb257438cf8666d50db7fb9a488f7a92802f8688fe738e5b8918ffdb64,806,100.0,ok,820.0042567104101,0.03801732951781336,91.51833228911285,1,1,18.0,0.00025890072766243693,0,7.334842652140239e-05,"[[50, 856]]"
206,896x896,1,0.1,896,89,117.71428571428571,5348.956305816885,5348.959447424748,19,DP; rtol=1e-6,49d13118f7639cf7701ebdc5da2d9a8f43ebfc3e56c5c4c22a6d5bf65373419b,950268bb257438cf8666d50db7fb9a488f7a92802f8688fe738e5b8918ffdb64,89,100.0,ok,171.57602912187576,0.032076543406288474,19.14911040803431,1,1,28.714285714285708,0.0028910581255638785,0,5.873306563319858e-05,"[[553, 642]]"
206,896x896,1,0.2,896,179,117.71428571428571,4762.649848538393,4762.652744506643,19,DP; rtol=1e-6,49d13118f7639cf7701ebdc5da2d9a8f43ebfc3e56c5c4c22a6d5bf65373419b,950268bb257438cf8666d50db7fb9a488f7a92802f8688fe738e5b8918ffdb64,179,100.0,ok,279.5622946321964,0.05869889736235621,31.201148978874453,1,0,0.0,0.0,0,6.0805782109429884e-05,"[[512, 691]]"
206,896x896,1,0.3,896,268,117.71428571428571,4405.292858918908,4405.296724348631,18,DP; rtol=1e-6,49d13118f7639cf7701ebdc5da2d9a8f43ebfc3e56c5c4c22a6d5bf65373419b,950268bb257438cf8666d50db7fb9a488f7a92802f8688fe738e5b8918ffdb64,268,100.0,ok,387.1564432680607,0.08788438264308081,43.20942450565624,2,0,0.0,0.0,0,8.77450479497277e-05,"[[339, 462], [510, 655]]"
206,896x896,1,0.4,896,358,117.71428571428571,4125.678595592751,4125.681575255896,16,DP; rtol=1e-6,49d13118f7639cf7701ebdc5da2d9a8f43ebfc3e56c5c4c22a6d5bf65373419b,950268bb257438cf8666d50db7fb9a488f7a92802f8688fe738e5b8918ffdb64,358,100.0,ok,484.34556886553764,0.11739779472471243,54.05642513885316,3,0,0.0,0.0,0,7.22223247429099e-05,"[[344, 462], [520, 642], [778, 896]]"
206,896x896,1,0.5,896,448,117.71428571428571,3919.119613972122,3919.121933276033,18,DP; rtol=1e-6,49d13118f7639cf7701ebdc5da2d9a8f43ebfc3e56c5c4c22a6d5bf65373419b,950268bb257438cf8666d50db7fb9a488f7a92802f8688fe738e5b8918ffdb64,448,100.0,ok,575.7625921070576,0.14691120680634404,64.25921791931918,3,0,0.0,0.0,0,5.917917202946654e-05,"[[339, 462], [512, 718], [776, 895]]"
206,896x896,1,0.6,896,537,117.71428571428571,3737.1702988500288,3737.172499137224,15,DP; rtol=1e-6,49d13118f7639cf7701ebdc5da2d9a8f43ebfc3e56c5c4c22a6d5bf65373419b,950268bb257438cf8666d50db7fb9a488f7a92802f8688fe738e5b8918ffdb64,537,100.0,ok,658.1033273935318,0.17609669208706863,73.44903213258208,3,0,0.0,0.0,0,5.887571943308245e-05,"[[275, 462], [506, 719], [759, 896]]"
206,896x896,1,0.7,896,627,117.71428571428571,3541.533242105753,3541.535167559385,15,DP; rtol=1e-6,49d13118f7639cf7701ebdc5da2d9a8f43ebfc3e56c5c4c22a6d5bf65373419b,950268bb257438cf8666d50db7fb9a488f7a92802f8688fe738e5b8918ffdb64,627,100.0,ok,741.266392275691,0.20930663122476947,82.73062420257799,4,1,36.71428571428571,0.0036965270560692376,0,5.436776825407108e-05,"[[47, 128], [275, 462], [506, 719], [750, 896]]"
206,896x896,1,0.8,896,716,117.71428571428571,3413.290567340067,3413.2935784362553,14,DP; rtol=1e-6,49d13118f7639cf7701ebdc5da2d9a8f43ebfc3e56c5c4c22a6d5bf65373419b,950268bb257438cf8666d50db7fb9a488f7a92802f8688fe738e5b8918ffdb64,716,100.0,ok,802.0147063285112,0.23496818993453314,89.51056997270119,4,1,1.7142857142857082,0.00017260048510829066,0,8.821673610492908e-05,"[[12, 128], [241, 462], [506, 729], [740, 896]]"
206,896x896,1,0.9,896,806,117.71428571428571,3248.2219319641804,3248.224735546809,15,DP; rtol=1e-6,49d13118f7639cf7701ebdc5da2d9a8f43ebfc3e56c5c4c22a6d5bf65373419b,950268bb257438cf8666d50db7fb9a488f7a92802f8688fe738e5b8918ffdb64,806,100.0,ok,858.5342955887318,0.26430900153105646,95.81855985042426,5,0,0.0,0.0,0,8.631122710989203e-05,"[[12, 130], [180, 330], [339, 470], [488, 761], [762, 896]]"
208,896x4864,1,0.1,896,89,21.68421052631579,846.2877665004297,846.288367427281,18,DP; rtol=1e-6,49d13118f7639cf7701ebdc5da2d9a8f43ebfc3e56c5c4c22a6d5bf65373419b,950268bb257438cf8666d50db7fb9a488f7a92802f8688fe738e5b8918ffdb64,89,100.0,ok,134.08201825618744,0.1584354915239335,14.964511012334512,4,0,0.0,0.0,0,7.100733915299529e-05,"[[50, 72], [204, 226], [252, 274], [556, 579]]"
208,896x4864,1,0.2,896,179,21.68421052631579,736.1199446235894,736.120352563722,17,DP; rtol=1e-6,49d13118f7639cf7701ebdc5da2d9a8f43ebfc3e56c5c4c22a6d5bf65373419b,950268bb257438cf8666d50db7fb9a488f7a92802f8688fe738e5b8918ffdb64,179,100.0,ok,234.56547212600708,0.3186511571099337,26.179182237817297,7,0,0.0,0.0,0,5.5417586430905885e-05,"[[52, 81], [207, 236], [252, 274], [450, 476], [556, 579], [635, 659], [776, 802]]"
208,896x4864,1,0.3,896,268,21.68421052631579,681.0936682346587,681.0940390765386,17,DP; rtol=1e-6,49d13118f7639cf7701ebdc5da2d9a8f43ebfc3e56c5c4c22a6d5bf65373419b,950268bb257438cf8666d50db7fb9a488f7a92802f8688fe738e5b8918ffdb64,268,100.0,ok,324.94069558382034,0.4770866486338672,36.265702744188246,11,0,0.0,0.0,0,5.444797026576964e-05,"[[52, 81], [87, 109], [206, 236], [252, 274], [386, 410], [449, 471], [556, 579], [635, 659], [707, 729], [776, 802], [844, 868]]"
208,896x4864,1,0.4,896,358,21.68421052631579,649.0564762157238,649.0567964531199,16,DP; rtol=1e-6,49d13118f7639cf7701ebdc5da2d9a8f43ebfc3e56c5c4c22a6d5bf65373419b,950268bb257438cf8666d50db7fb9a488f7a92802f8688fe738e5b8918ffdb64,358,100.0,ok,413.6451943516731,0.6373023142198674,46.165758440835624,14,0,0.0,0.0,0,4.9338886487504396e-05,"[[52, 81], [85, 107], [206, 237], [252, 274], [386, 410], [441, 463], [468, 490], [550, 579], [591, 616], [632, 659], [697, 733], [757, 779], [780, 802], [844, 869]]"
208,896x4864,1,0.5,896,448,21.68421052631579,627.7993875336523,627.799945707538,14,DP; rtol=1e-6,49d13118f7639cf7701ebdc5da2d9a8f43ebfc3e56c5c4c22a6d5bf65373419b,950268bb257438cf8666d50db7fb9a488f7a92802f8688fe738e5b8918ffdb64,448,100.0,ok,500.68129926919937,0.7975179798058676,55.879609466112235,17,0,0.0,0.0,0,8.890951480600151e-05,"[[3, 32], [52, 81], [85, 107], [148, 171], [204, 226], [231, 264], [315, 338], [386, 423], [441, 463], [468, 490], [550, 579], [591, 616], [632, 659], [697, 733], [757, 779], [780, 802], [844, 869]]"
208,896x4864,1,0.6,896,537,21.68421052631579,613.1566282394543,613.157075779855,14,DP; rtol=1e-6,49d13118f7639cf7701ebdc5da2d9a8f43ebfc3e56c5c4c22a6d5bf65373419b,950268bb257438cf8666d50db7fb9a488f7a92802f8688fe738e5b8918ffdb64,537,100.0,ok,586.1492072343826,0.955953471329801,65.41843850955972,21,0,0.0,0.0,0,7.298951905099216e-05,"[[3, 32], [52, 81], [87, 109], [114, 136], [149, 171], [206, 237], [252, 274], [282, 308], [315, 338], [355, 377], [386, 423], [441, 463], [468, 490], [550, 579], [591, 616], [632, 659], [667, 689], [697, 733], [757, 779], [780, 802], [844, 869]]"
208,896x4864,1,0.7,896,627,21.68421052631579,601.5095803367275,601.5100009163962,17,DP; rtol=1e-6,49d13118f7639cf7701ebdc5da2d9a8f43ebfc3e56c5c4c22a6d5bf65373419b,950268bb257438cf8666d50db7fb9a488f7a92802f8688fe738e5b8918ffdb64,627,100.0,ok,671.386429131031,1.1161691369158013,74.93152133992153,23,0,0.0,0.0,0,6.99206443854905e-05,"[[3, 37], [48, 81], [85, 107], [114, 136], [148, 171], [206, 246], [252, 274], [282, 308], [315, 338], [355, 377], [386, 423], [441, 463], [468, 490], [538, 565], [566, 599], [607, 629], [632, 659], [667, 689], [697, 733], [744, 769], [771, 802], [818, 841], [844, 877]]"
208,896x4864,1,0.8,896,716,21.68421052631579,590.7515203770466,590.7520212082582,16,DP; rtol=1e-6,49d13118f7639cf7701ebdc5da2d9a8f43ebfc3e56c5c4c22a6d5bf65373419b,950268bb257438cf8666d50db7fb9a488f7a92802f8688fe738e5b8918ffdb64,716,100.0,ok,752.974622130394,1.2746046284397348,84.03734647959568,26,0,0.0,0.0,0,8.477858619571066e-05,"[[3, 37], [44, 69], [70, 95], [98, 136], [140, 171], [206, 247], [252, 274], [282, 314], [315, 338], [355, 377], [386, 410], [413, 438], [441, 463], [468, 490], [491, 513], [538, 579], [580, 603], [607, 629], [632, 659], [667, 689], [697, 740], [744, 769], [771, 802], [807, 830], [833, 860], [862, 886]]"
208,896x4864,1,0.9,896,806,21.68421052631579,579.7285138824553,579.728881425197,15,DP; rtol=1e-6,49d13118f7639cf7701ebdc5da2d9a8f43ebfc3e56c5c4c22a6d5bf65373419b,950268bb257438cf8666d50db7fb9a488f7a92802f8688fe738e5b8918ffdb64,806,100.0,ok,831.806236743927,1.434820294025735,92.83551778061492,29,0,0.0,0.0,0,6.339907384633747e-05,"[[1, 41], [44, 69], [70, 95], [98, 136], [140, 171], [174, 196], [199, 226], [228, 250], [252, 274], [282, 314], [315, 338], [344, 377], [386, 410], [413, 439], [441, 463], [464, 490], [494, 517], [520, 552], [553, 579], [580, 603], [607, 629], [631, 666], [667, 690], [697, 741], [744, 769], [771, 802], [807, 841], [843, 869], [870, 894]]"
209,4864x896,1,0.1,4864,486,117.71428571428571,3433.669178232688,3433.6715789193568,20,DP; rtol=1e-6,49d13118f7639cf7701ebdc5da2d9a8f43ebfc3e56c5c4c22a6d5bf65373419b,950268bb257438cf8666d50db7fb9a488f7a92802f8688fe738e5b8918ffdb64,486,100.0,ok,547.4791231453419,0.15944434210960584,11.255738540749267,4,1,0.7142857142857082,7.191686879512076e-05,0,6.991602469197389e-05,"[[934, 1053], [2458, 2590], [2630, 2747], [4025, 4143]]"
209,4864x896,1,0.2,4864,972,117.71428571428571,3350.1889475610424,3350.191467917936,17,DP; rtol=1e-6,49d13118f7639cf7701ebdc5da2d9a8f43ebfc3e56c5c4c22a6d5bf65373419b,950268bb257438cf8666d50db7fb9a488f7a92802f8688fe738e5b8918ffdb64,972,100.0,ok,1068.0964102745056,0.31881676735041653,21.95921894024642,7,1,0.7142857142857082,7.191686879512076e-05,0,7.523023437538967e-05,"[[7, 125], [932, 1053], [1272, 1458], [2447, 2598], [2630, 2747], [2861, 3022], [4025, 4143]]"
209,4864x896,1,0.3,4864,1459,117.71428571428571,3309.1513251074302,3309.1529107293927,19,DP; rtol=1e-6,49d13118f7639cf7701ebdc5da2d9a8f43ebfc3e56c5c4c22a6d5bf65373419b,950268bb257438cf8666d50db7fb9a488f7a92802f8688fe738e5b8918ffdb64,1459,100.0,ok,1583.7235435247421,0.4785890362609293,32.56010571568606,11,2,1.4285714285714164,0.00014383373759024152,0,4.791624942379613e-05,"[[8, 125], [748, 883], [932, 1050], [1274, 1458], [1523, 1643], [2225, 2343], [2447, 2598], [2630, 2747], [2861, 3022], [3803, 3923], [4025, 4143]]"
209,4864x896,1,0.4,4864,1945,117.71428571428571,3270.9623332349875,3270.9643938544496,18,DP; rtol=1e-6,49d13118f7639cf7701ebdc5da2d9a8f43ebfc3e56c5c4c22a6d5bf65373419b,950268bb257438cf8666d50db7fb9a488f7a92802f8688fe738e5b8918ffdb64,1945,100.0,ok,2086.5126732587814,0.637889544632945,42.8970532743509,15,1,0.7142857142857082,7.191686879512076e-05,0,6.299730641590173e-05,"[[6, 125], [417, 535], [748, 884], [932, 1053], [1223, 1353], [1366, 1485], [1523, 1643], [2225, 2375], [2447, 2619], [2630, 2747], [2861, 3022], [3082, 3200], [3315, 3441], [3803, 3923], [4025, 4143]]"
209,4864x896,1,0.5,4864,2432,117.71428571428571,3232.5363842586708,3232.5382167521366,17,DP; rtol=1e-6,49d13118f7639cf7701ebdc5da2d9a8f43ebfc3e56c5c4c22a6d5bf65373419b,950268bb257438cf8666d50db7fb9a488f7a92802f8688fe738e5b8918ffdb64,2432,100.0,ok,2578.005886822939,0.7975179798058676,53.001765714613505,18,0,0.0,0.0,0,5.668899616395606e-05,"[[6, 125], [417, 535], [744, 884], [932, 1053], [1223, 1353], [1364, 1485], [1523, 1643], [1929, 2047], [2225, 2375], [2439, 2619], [2679, 2801], [2861, 3022], [3082, 3200], [3281, 3441], [3803, 3923], [3991, 4140], [4245, 4379], [4638, 4789]]"
209,4864x896,1,0.6,4864,2918,117.71428571428571,3204.5250786327388,3204.5273467994894,15,DP; rtol=1e-6,49d13118f7639cf7701ebdc5da2d9a8f43ebfc3e56c5c4c22a6d5bf65373419b,950268bb257438cf8666d50db7fb9a488f7a92802f8688fe738e5b8918ffdb64,2918,100.0,ok,3066.3793004751205,0.9568904050466784,63.04233753174712,22,0,0.0,0.0,0,7.078007160377098e-05,"[[6, 125], [221, 342], [373, 492], [532, 652], [715, 884], [932, 1053], [1222, 1353], [1364, 1485], [1521, 1643], [1929, 2047], [2225, 2375], [2439, 2619], [2679, 2801], [2861, 3023], [3082, 3200], [3281, 3441], [3704, 3824], [3867, 3998], [4025, 4143], [4191, 4318], [4347, 4465], [4638, 4789]]"
209,4864x896,1,0.7,4864,3404,117.71428571428571,3176.5243774547503,3176.5271874778628,17,DP; rtol=1e-6,49d13118f7639cf7701ebdc5da2d9a8f43ebfc3e56c5c4c22a6d5bf65373419b,950268bb257438cf8666d50db7fb9a488f7a92802f8688fe738e5b8918ffdb64,3404,100.0,ok,3545.836092054844,1.116262830287489,72.8995906386847,26,0,0.0,0.0,0,8.846211433377604e-05,"[[6, 125], [221, 342], [358, 492], [532, 652], [715, 884], [932, 1053], [1223, 1353], [1364, 1485], [1521, 1643], [1668, 1790], [1929, 2047], [2225, 2375], [2390, 2508], [2525, 2666], [2679, 2804], [2861, 3023], [3063, 3186], [3247, 3404], [3421, 3564], [3704, 3824], [3867, 3998], [4025, 4143], [4191, 4318], [4347, 4465], [4496, 4646], [4678, 4802]]"
209,4864x896,1,0.8,4864,3891,117.71428571428571,3147.37809648915,3147.380996576827,16,DP; rtol=1e-6,49d13118f7639cf7701ebdc5da2d9a8f43ebfc3e56c5c4c22a6d5bf65373419b,950268bb257438cf8666d50db7fb9a488f7a92802f8688fe738e5b8918ffdb64,3891,100.0,ok,4015.9385719895363,1.2759631823292066,82.56452648336713,28,0,0.0,0.0,0,9.214288578807128e-05,"[[11, 185], [221, 342], [358, 492], [532, 652], [692, 891], [929, 1053], [1222, 1353], [1363, 1495], [1521, 1675], [1720, 1840], [1929, 2047], [2135, 2255], [2257, 2375], [2390, 2508], [2525, 2666], [2679, 2804], [2834, 2959], [2971, 3186], [3206, 3327], [3353, 3486], [3510, 3628], [3716, 3844], [3867, 3998], [4003, 4143], [4153, 4318], [4347, 4465], [4496, 4662], [4678, 4860]]"
209,4864x896,1,0.9,4864,4377,117.71428571428571,3113.9576595170715,3113.9592336316755,15,DP; rtol=1e-6,49d13118f7639cf7701ebdc5da2d9a8f43ebfc3e56c5c4c22a6d5bf65373419b,950268bb257438cf8666d50db7fb9a488f7a92802f8688fe738e5b8918ffdb64,4377,100.0,ok,4469.574309170246,1.4353356075700177,91.89091909741136,31,0,0.0,0.0,0,5.055026369715776e-05,"[[6, 195], [206, 342], [353, 492], [532, 652], [692, 905], [929, 1053], [1061, 1197], [1222, 1353], [1363, 1505], [1521, 1643], [1650, 1775], [1780, 1899], [1929, 2047], [2135, 2255], [2257, 2375], [2391, 2621], [2623, 2747], [2754, 2917], [2924, 3072], [3082, 3202], [3206, 3327], [3338, 3493], [3511, 3662], [3684, 3844], [3853, 3972], [3982, 4103], [4107, 4230], [4245, 4409], [4422, 4579], [4583, 4727], [4735, 4860]]"
224,896x896,1,0.1,896,89,117.71428571428571,3394.5836071215517,3394.5860450395335,21,DP; rtol=1e-6,49d13118f7639cf7701ebdc5da2d9a8f43ebfc3e56c5c4c22a6d5bf65373419b,950268bb257438cf8666d50db7fb9a488f7a92802f8688fe738e5b8918ffdb64,89,100.0,ok,108.88650842010975,0.032076543406288474,12.152512086109185,1,1,28.714285714285708,0.0028910581255638785,0,7.181782842868856e-05,"[[558, 647]]"
224,896x896,1,0.2,896,179,117.71428571428571,3411.6632408911314,3411.6661994772967,20,DP; rtol=1e-6,49d13118f7639cf7701ebdc5da2d9a8f43ebfc3e56c5c4c22a6d5bf65373419b,950268bb257438cf8666d50db7fb9a488f7a92802f8688fe738e5b8918ffdb64,179,100.0,ok,200.26087041199207,0.05869889736235621,22.35054354637581,1,0,0.0,0.0,0,8.671968452222956e-05,"[[483, 662]]"
224,896x896,1,0.3,896,268,117.71428571428571,3472.9752230377644,3472.9773688175087,19,DP; rtol=1e-6,49d13118f7639cf7701ebdc5da2d9a8f43ebfc3e56c5c4c22a6d5bf65373419b,950268bb257438cf8666d50db7fb9a488f7a92802f8688fe738e5b8918ffdb64,268,100.0,ok,307.5680791437626,0.08856040120975495,34.326794506762404,2,1,6.714285714285708,0.0006760185666741402,0,6.178501948950199e-05,"[[53, 210], [538, 649]]"
224,896x896,1,0.4,896,358,117.71428571428571,3403.3041772285237,3403.307102398646,16,DP; rtol=1e-6,49d13118f7639cf7701ebdc5da2d9a8f43ebfc3e56c5c4c22a6d5bf65373419b,950268bb257438cf8666d50db7fb9a488f7a92802f8688fe738e5b8918ffdb64,358,100.0,ok,399.54040518403053,0.11739779472471241,44.591563025921836,2,0,0.0,0.0,0,8.595081296691731e-05,"[[53, 211], [449, 649]]"
224,896x896,1,0.5,896,448,117.71428571428571,3347.2587794961,3347.261301714159,18,DP; rtol=1e-6,49d13118f7639cf7701ebdc5da2d9a8f43ebfc3e56c5c4c22a6d5bf65373419b,950268bb257438cf8666d50db7fb9a488f7a92802f8688fe738e5b8918ffdb64,448,100.0,ok,491.7498267889023,0.14691120680634404,54.88279310359955,3,0,0.0,0.0,0,7.535169296302158e-05,"[[53, 210], [450, 597], [709, 853]]"
224,896x896,1,0.6,896,537,117.71428571428571,3318.782447525724,3318.784034145725,10,DP; rtol=1e-6,49d13118f7639cf7701ebdc5da2d9a8f43ebfc3e56c5c4c22a6d5bf65373419b,950268bb257438cf8666d50db7fb9a488f7a92802f8688fe738e5b8918ffdb64,537,100.0,ok,588.0067573934793,0.17717544511899547,65.62575409588955,4,1,10.714285714285708,0.00107875303192682,0,4.78072687104536e-05,"[[53, 174], [207, 314], [483, 649], [709, 852]]"
224,896x896,1,0.7,896,627,117.71428571428571,3287.9046247792994,3287.9063734959664,18,DP; rtol=1e-6,49d13118f7639cf7701ebdc5da2d9a8f43ebfc3e56c5c4c22a6d5bf65373419b,950268bb257438cf8666d50db7fb9a488f7a92802f8688fe738e5b8918ffdb64,627,100.0,ok,676.0264123976231,0.20561010416870026,75.44937629457387,4,0,0.0,0.0,0,5.318632796402767e-05,"[[53, 211], [262, 388], [450, 649], [709, 853]]"
224,896x896,1,0.8,896,716,117.71428571428571,3234.7364976949452,3234.7381019844825,17,DP; rtol=1e-6,49d13118f7639cf7701ebdc5da2d9a8f43ebfc3e56c5c4c22a6d5bf65373419b,950268bb257438cf8666d50db7fb9a488f7a92802f8688fe738e5b8918ffdb64,716,100.0,ok,759.5018626898527,0.23479558944942483,84.76583278940235,4,0,0.0,0.0,0,4.959565462758775e-05,"[[5, 179], [207, 389], [449, 649], [704, 864]]"
224,896x896,1,0.9,896,806,117.71428571428571,3165.957700284018,3165.960661107784,15,DP; rtol=1e-6,49d13118f7639cf7701ebdc5da2d9a8f43ebfc3e56c5c4c22a6d5bf65373419b,950268bb257438cf8666d50db7fb9a488f7a92802f8688fe738e5b8918ffdb64,806,100.0,ok,836.7911186516285,0.26430900153105646,93.39186581066507,6,0,0.0,0.0,0,9.352054819444788e-05,"[[5, 189], [207, 338], [352, 471], [483, 604], [606, 737], [744, 864]]"
225,896x128,1,0.1,896,89,824.0,7386.575744994856,7386.5810498769615,21,DP; rtol=1e-6,49d13118f7639cf7701ebdc5da2d9a8f43ebfc3e56c5c4c22a6d5bf65373419b,950268bb257438cf8666d50db7fb9a488f7a92802f8688fe738e5b8918ffdb64,89,100.0,ok,108.88650842010975,0.014741134752986355,12.152512086109185,1,1,735.0,0.010571779712882841,0,7.181782842868856e-05,"[[558, 647]]"
225,896x128,1,0.2,896,179,824.0,11337.98141096743,11337.991243237666,20,DP; rtol=1e-6,49d13118f7639cf7701ebdc5da2d9a8f43ebfc3e56c5c4c22a6d5bf65373419b,950268bb257438cf8666d50db7fb9a488f7a92802f8688fe738e5b8918ffdb64,179,100.0,ok,200.26087041199207,0.01766283284062154,22.35054354637581,1,1,645.0,0.009277276074570656,0,8.671968451112733e-05,"[[483, 662]]"
225,896x128,1,0.3,896,268,824.0,14030.905197370843,14030.913748700801,20,DP; rtol=1e-6,49d13118f7639cf7701ebdc5da2d9a8f43ebfc3e56c5c4c22a6d5bf65373419b,950268bb257438cf8666d50db7fb9a488f7a92802f8688fe738e5b8918ffdb64,268,100.0,ok,288.36411233246326,0.0205520676161719,32.183494641960664,1,1,556.0,0.007997155810017496,0,6.094635112141589e-05,"[[451, 719]]"
225,896x128,1,0.4,896,358,824.0,16150.574035935579,16150.588227658227,19,DP; rtol=1e-6,49d13118f7639cf7701ebdc5da2d9a8f43ebfc3e56c5c4c22a6d5bf65373419b,950268bb257438cf8666d50db7fb9a488f7a92802f8688fe738e5b8918ffdb64,358,100.0,ok,379.1147909015417,0.023473765703807083,42.311918577442974,1,1,466.0,0.006702652171705311,0,8.787124312625849e-05,"[[445, 803]]"
225,896x128,1,0.5,896,448,824.0,17531.519640439343,17531.531531379114,19,DP; rtol=1e-6,49d13118f7639cf7701ebdc5da2d9a8f43ebfc3e56c5c4c22a6d5bf65373419b,950268bb257438cf8666d50db7fb9a488f7a92802f8688fe738e5b8918ffdb64,448,100.0,ok,462.75259187817574,0.026395463791442274,51.64649456827733,1,1,376.0,0.005408148533393127,0,6.782601822408196e-05,"[[208, 656]]"
225,896x128,1,0.6,896,537,824.0,18702.477973449084,18702.48755189465,19,DP; rtol=1e-6,49d13118f7639cf7701ebdc5da2d9a8f43ebfc3e56c5c4c22a6d5bf65373419b,950268bb257438cf8666d50db7fb9a488f7a92802f8688fe738e5b8918ffdb64,537,100.0,ok,547.6964299082756,0.029284698566992628,61.126833622942456,1,1,287.0,0.0041280282688399665,0,5.121482123948695e-05,"[[52, 589]]"
225,896x128,1,0.7,896,627,824.0,19914.972676789723,19914.986463973404,18,DP; rtol=1e-6,49d13118f7639cf7701ebdc5da2d9a8f43ebfc3e56c5c4c22a6d5bf65373419b,950268bb257438cf8666d50db7fb9a488f7a92802f8688fe738e5b8918ffdb64,627,100.0,ok,641.3895093947649,0.032206396654627815,71.58365051756947,1,1,197.0,0.002833524630527782,0,6.923019358895388e-05,"[[50, 677]]"
225,896x128,1,0.8,896,716,824.0,20775.184551037713,20775.2031276418,17,DP; rtol=1e-6,49d13118f7639cf7701ebdc5da2d9a8f43ebfc3e56c5c4c22a6d5bf65373419b,950268bb257438cf8666d50db7fb9a488f7a92802f8688fe738e5b8918ffdb64,716,100.0,ok,729.118219897151,0.035095631430178166,81.37480123172097,1,1,108.0,0.0015534043659746217,0,8.941719592536757e-05,"[[52, 768]]"
225,896x128,1,0.9,896,806,824.0,21598.261574317705,21598.279309570666,16,DP; rtol=1e-6,49d13118f7639cf7701ebdc5da2d9a8f43ebfc3e56c5c4c22a6d5bf65373419b,950268bb257438cf8666d50db7fb9a488f7a92802f8688fe738e5b8918ffdb64,806,100.0,ok,821.1082272827625,0.03801732951781336,91.64154311531374,1,1,18.0,0.00025890072766243693,0,8.211419394443809e-05,"[[53, 859]]"
228,896x4864,1,0.1,896,89,21.68421052631579,786.5974541721381,786.5978896959646,20,DP; rtol=1e-6,49d13118f7639cf7701ebdc5da2d9a8f43ebfc3e56c5c4c22a6d5bf65373419b,950268bb257438cf8666d50db7fb9a488f7a92802f8688fe738e5b8918ffdb64,89,100.0,ok,124.62495428323746,0.1584354915239335,13.90903508241652,4,0,0.0,0.0,0,5.5368039020287085e-05,"[[52, 74], [262, 285], [553, 575], [643, 665]]"
228,896x4864,1,0.2,896,179,21.68421052631579,719.1309615203186,719.1314872002629,18,DP; rtol=1e-6,49d13118f7639cf7701ebdc5da2d9a8f43ebfc3e56c5c4c22a6d5bf65373419b,950268bb257438cf8666d50db7fb9a488f7a92802f8688fe738e5b8918ffdb64,179,100.0,ok,230.47588476538658,0.3204922289510888,25.72275500753325,8,2,3.3684210526315823,0.001841071841155109,0,7.309928068410798e-05,"[[52, 74], [207, 226], [262, 284], [363, 387], [553, 574], [643, 665], [745, 767], [776, 803]]"
228,896x4864,1,0.3,896,268,21.68421052631579,684.1444946414862,684.145023672229,17,DP; rtol=1e-6,49d13118f7639cf7701ebdc5da2d9a8f43ebfc3e56c5c4c22a6d5bf65373419b,950268bb257438cf8666d50db7fb9a488f7a92802f8688fe738e5b8918ffdb64,268,100.0,ok,327.91161124944483,0.47930168819275687,36.59727805744695,12,3,4.0526315789473735,0.002215039558889741,0,7.732728068976513e-05,"[[52, 74], [207, 226], [262, 284], [363, 387], [483, 504], [553, 574], [591, 614], [643, 665], [704, 726], [745, 767], [777, 803], [836, 860]]"
228,896x4864,1,0.4,896,358,21.68421052631579,660.5861930124859,660.5866703593365,15,DP; rtol=1e-6,49d13118f7639cf7701ebdc5da2d9a8f43ebfc3e56c5c4c22a6d5bf65373419b,950268bb257438cf8666d50db7fb9a488f7a92802f8688fe738e5b8918ffdb64,358,100.0,ok,422.20929618716036,0.6391433860610225,47.12157325605116,14,2,3.3684210526315823,0.001841071841155109,0,7.226104795643451e-05,"[[52, 74], [96, 118], [207, 226], [262, 294], [353, 387], [445, 469], [483, 504], [541, 574], [591, 614], [643, 665], [707, 735], [745, 769], [776, 803], [836, 863]]"
228,896x4864,1,0.5,896,448,21.68421052631579,638.9117466973073,638.9121003742695,10,DP; rtol=1e-6,49d13118f7639cf7701ebdc5da2d9a8f43ebfc3e56c5c4c22a6d5bf65373419b,950268bb257438cf8666d50db7fb9a488f7a92802f8688fe738e5b8918ffdb64,448,100.0,ok,509.7825378680209,0.7978919475236022,56.8953725551203,17,1,0.6842105263157912,0.0003739677177346321,0,5.535612206397644e-05,"[[52, 74], [96, 119], [125, 149], [153, 174], [207, 233], [262, 294], [352, 387], [445, 471], [483, 505], [538, 574], [591, 614], [643, 665], [667, 690], [704, 735], [745, 769], [773, 803], [835, 863]]"
228,896x4864,1,0.6,896,537,21.68421052631579,622.7155194311576,622.7158864248102,18,DP; rtol=1e-6,49d13118f7639cf7701ebdc5da2d9a8f43ebfc3e56c5c4c22a6d5bf65373419b,950268bb257438cf8666d50db7fb9a488f7a92802f8688fe738e5b8918ffdb64,537,100.0,ok,595.5199379527548,0.9563274390475356,66.46427881881668,20,1,0.6842105263157912,0.0003739677177346321,0,5.893436485493453e-05,"[[5, 32], [52, 74], [96, 120], [125, 149], [153, 174], [207, 233], [262, 299], [324, 348], [352, 387], [445, 471], [483, 517], [538, 574], [591, 614], [643, 665], [667, 690], [702, 735], [744, 769], [773, 803], [820, 842], [843, 866]]"
228,896x4864,1,0.7,896,627,21.68421052631579,609.3110954515777,609.3116196102369,17,DP; rtol=1e-6,49d13118f7639cf7701ebdc5da2d9a8f43ebfc3e56c5c4c22a6d5bf65373419b,950268bb257438cf8666d50db7fb9a488f7a92802f8688fe738e5b8918ffdb64,627,100.0,ok,680.0942395234088,1.116169136915801,75.90337498043768,24,0,0.0,0.0,0,8.602472730823152e-05,"[[5, 32], [48, 81], [96, 121], [125, 149], [151, 174], [207, 233], [262, 286], [287, 309], [324, 348], [352, 387], [401, 423], [441, 471], [483, 517], [538, 574], [582, 604], [606, 630], [640, 666], [667, 690], [695, 717], [718, 743], [744, 769], [773, 803], [820, 842], [843, 866]]"
228,896x4864,1,0.8,896,716,21.68421052631579,596.0847625196429,596.0851206754239,17,DP; rtol=1e-6,49d13118f7639cf7701ebdc5da2d9a8f43ebfc3e56c5c4c22a6d5bf65373419b,950268bb257438cf8666d50db7fb9a488f7a92802f8688fe738e5b8918ffdb64,716,100.0,ok,759.7723972499371,1.2746046284397348,84.79602651635614,27,0,0.0,0.0,0,6.0084670550075714e-05,"[[5, 37], [48, 81], [96, 124], [125, 149], [153, 189], [207, 248], [262, 286], [287, 309], [324, 348], [352, 387], [401, 423], [435, 457], [464, 490], [491, 517], [530, 552], [553, 579], [582, 604], [606, 630], [640, 666], [667, 690], [695, 717], [718, 743], [744, 769], [770, 803], [820, 842], [843, 872], [874, 896]]"
228,896x4864,1,0.9,896,806,21.68421052631579,583.5736101123058,583.5739441741196,16,DP; rtol=1e-6,49d13118f7639cf7701ebdc5da2d9a8f43ebfc3e56c5c4c22a6d5bf65373419b,950268bb257438cf8666d50db7fb9a488f7a92802f8688fe738e5b8918ffdb64,806,100.0,ok,837.3232588469982,1.4348202940257349,93.45125660914852,29,0,0.0,0.0,0,5.7244127693589775e-05,"[[5, 40], [44, 69], [70, 95], [96, 124], [125, 150], [153, 189], [204, 226], [228, 258], [262, 299], [300, 322], [324, 350], [352, 391], [399, 423], [427, 462], [464, 490], [491, 517], [529, 552], [553, 579], [582, 604], [606, 630], [631, 666], [667, 690], [695, 717], [718, 743], [744, 769], [770, 803], [806, 831], [832, 863], [865, 896]]"
230,4864x896,1,0.1,4864,486,117.71428571428571,3354.0869438769687,3354.088782393669,20,DP; rtol=1e-6,49d13118f7639cf7701ebdc5da2d9a8f43ebfc3e56c5c4c22a6d5bf65373419b,950268bb257438cf8666d50db7fb9a488f7a92802f8688fe738e5b8918ffdb64,486,100.0,ok,534.5489707142115,0.15937242524081072,10.989904828064006,4,0,0.0,0.0,0,5.481419305120028e-05,"[[1389, 1517], [2496, 2614], [2780, 2898], [4005, 4127]]"
230,4864x896,1,0.2,4864,972,117.71428571428571,3302.8626664889416,3302.865632979645,16,DP; rtol=1e-6,49d13118f7639cf7701ebdc5da2d9a8f43ebfc3e56c5c4c22a6d5bf65373419b,950268bb257438cf8666d50db7fb9a488f7a92802f8688fe738e5b8918ffdb64,972,100.0,ok,1053.0079983323812,0.31881676735041653,21.64901312858404,8,1,0.7142857142857082,7.191686879512076e-05,0,8.981566411714326e-05,"[[0, 117], [1387, 1517], [1632, 1750], [2486, 2614], [2780, 2898], [3250, 3369], [3674, 3794], [4005, 4127]]"
230,4864x896,1,0.3,4864,1459,117.71428571428571,3265.395773638965,3265.3979632344567,19,DP; rtol=1e-6,49d13118f7639cf7701ebdc5da2d9a8f43ebfc3e56c5c4c22a6d5bf65373419b,950268bb257438cf8666d50db7fb9a488f7a92802f8688fe738e5b8918ffdb64,1459,100.0,ok,1562.547779276967,0.47851711939213426,32.12474875896359,11,1,0.7142857142857082,7.191686879512076e-05,0,6.705447594956837e-05,"[[0, 117], [1387, 1555], [1632, 1750], [2486, 2615], [2783, 2937], [3250, 3405], [3455, 3583], [3674, 3794], [4002, 4127], [4301, 4426], [4563, 4683]]"
230,4864x896,1,0.4,4864,1945,117.71428571428571,3236.199777761348,3236.202436006316,18,DP; rtol=1e-6,49d13118f7639cf7701ebdc5da2d9a8f43ebfc3e56c5c4c22a6d5bf65373419b,950268bb257438cf8666d50db7fb9a488f7a92802f8688fe738e5b8918ffdb64,1945,100.0,ok,2064.338002577424,0.637889544632945,42.441159602215066,15,1,0.7142857142857082,7.191686879512076e-05,0,8.214087409141868e-05,"[[0, 117], [192, 322], [686, 804], [1387, 1555], [1632, 1750], [2009, 2130], [2325, 2444], [2486, 2615], [2783, 2937], [3250, 3405], [3455, 3583], [3674, 3794], [4003, 4127], [4301, 4425], [4563, 4683]]"
230,4864x896,1,0.5,4864,2432,117.71428571428571,3209.1051586543877,3209.106892106648,18,DP; rtol=1e-6,49d13118f7639cf7701ebdc5da2d9a8f43ebfc3e56c5c4c22a6d5bf65373419b,950268bb257438cf8666d50db7fb9a488f7a92802f8688fe738e5b8918ffdb64,2432,100.0,ok,2559.54985190928,0.7975898966746626,52.62232427009416,17,1,0.7142857142857082,7.191686879512076e-05,0,5.401665692517099e-05,"[[0, 117], [192, 341], [686, 804], [1373, 1555], [1613, 1744], [2009, 2229], [2306, 2439], [2486, 2615], [2783, 2982], [3221, 3364], [3383, 3506], [3517, 3635], [3674, 3794], [4003, 4127], [4158, 4283], [4301, 4425], [4501, 4678]]"
230,4864x896,1,0.6,4864,2918,117.71428571428571,3184.153944016597,3184.1557618192337,17,DP; rtol=1e-6,49d13118f7639cf7701ebdc5da2d9a8f43ebfc3e56c5c4c22a6d5bf65373419b,950268bb257438cf8666d50db7fb9a488f7a92802f8688fe738e5b8918ffdb64,2918,100.0,ok,3047.115351602435,0.9569623219154734,62.646286025957274,20,1,0.7142857142857082,7.191686879512076e-05,0,5.708899855072502e-05,"[[0, 117], [192, 421], [498, 619], [686, 804], [908, 1026], [1373, 1555], [1593, 1750], [2009, 2229], [2271, 2439], [2486, 2615], [2783, 2992], [3221, 3364], [3383, 3506], [3517, 3635], [3674, 3794], [3999, 4127], [4158, 4283], [4301, 4426], [4501, 4647], [4657, 4779]]"
230,4864x896,1,0.7,4864,3404,117.71428571428571,3162.1103221146736,3162.1119566117113,16,DP; rtol=1e-6,49d13118f7639cf7701ebdc5da2d9a8f43ebfc3e56c5c4c22a6d5bf65373419b,950268bb257438cf8666d50db7fb9a488f7a92802f8688fe738e5b8918ffdb64,3404,100.0,ok,3530.201035991311,1.1164066640250792,72.57814631583953,23,2,1.4285714285714164,0.00014383373759024152,0,5.169004324567794e-05,"[[0, 117], [192, 421], [498, 619], [686, 867], [908, 1026], [1099, 1235], [1373, 1555], [1591, 1750], [1831, 1948], [2009, 2229], [2271, 2439], [2486, 2615], [2783, 2931], [2934, 3052], [3221, 3364], [3382, 3506], [3517, 3635], [3648, 3808], [3999, 4140], [4158, 4283], [4301, 4465], [4501, 4647], [4657, 4797]]"
230,4864x896,1,0.8,4864,3891,117.71428571428571,3139.7516002430802,3139.7532704851346,17,DP; rtol=1e-6,49d13118f7639cf7701ebdc5da2d9a8f43ebfc3e56c5c4c22a6d5bf65373419b,950268bb257438cf8666d50db7fb9a488f7a92802f8688fe738e5b8918ffdb64,3891,100.0,ok,4006.884846881032,1.2761789329355921,82.37838914065958,28,3,2.1428571428571246,0.00021575060638536226,0,5.319660210112431e-05,"[[0, 117], [192, 310], [311, 430], [468, 593], [617, 742], [769, 887], [908, 1026], [1099, 1233], [1373, 1555], [1591, 1755], [1831, 1948], [1991, 2109], [2111, 2229], [2271, 2439], [2486, 2719], [2755, 2872], [2876, 2994], [3022, 3162], [3174, 3364], [3383, 3506], [3517, 3635], [3648, 3808], [3848, 3983], [3999, 4140], [4158, 4283], [4301, 4465], [4501, 4647], [4657, 4797]]"
230,4864x896,1,0.9,4864,4377,117.71428571428571,3110.6322953848858,3110.635283029931,14,DP; rtol=1e-6,49d13118f7639cf7701ebdc5da2d9a8f43ebfc3e56c5c4c22a6d5bf65373419b,950268bb257438cf8666d50db7fb9a488f7a92802f8688fe738e5b8918ffdb64,4377,100.0,ok,4464.801295623183,1.4353356075700174,91.79278981597548,31,0,0.0,0.0,0,9.604613763203318e-05,"[[1, 135], [192, 345], [361, 481], [498, 619], [621, 742], [768, 887], [909, 1032], [1052, 1242], [1251, 1378], [1384, 1558], [1589, 1717], [1719, 1842], [1855, 1979], [1992, 2119], [2127, 2251], [2271, 2447], [2470, 2594], [2597, 2719], [2747, 2872], [2876, 2994], [3009, 3162], [3174, 3364], [3382, 3506], [3517, 3635], [3648, 3817], [3848, 3983], [3999, 4193], [4204, 4379], [4388, 4522], [4532, 4694], [4714, 4864]]"
240,896x128,1,0.1,896,89,824.0,7353.304619973363,7353.3094579464305,21,DP; rtol=1e-6,49d13118f7639cf7701ebdc5da2d9a8f43ebfc3e56c5c4c22a6d5bf65373419b,950268bb257438cf8666d50db7fb9a488f7a92802f8688fe738e5b8918ffdb64,89,100.0,ok,108.39605428278446,0.014741134752986355,12.097773954722397,1,1,735.0,0.010571779712882841,0,6.579313839294443e-05,"[[560, 649]]"
240,896x128,1,0.2,896,179,824.0,11641.643563464744,11641.652611289763,20,DP; rtol=1e-6,49d13118f7639cf7701ebdc5da2d9a8f43ebfc3e56c5c4c22a6d5bf65373419b,950268bb257438cf8666d50db7fb9a488f7a92802f8688fe738e5b8918ffdb64,179,100.0,ok,205.62440425157547,0.01766283284062154,22.949152334644538,1,1,645.0,0.009277276074570656,0,7.771942112100305e-05,"[[483, 662]]"
240,896x128,1,0.3,896,268,824.0,14596.85336004421,14596.861201109183,20,DP; rtol=1e-6,49d13118f7639cf7701ebdc5da2d9a8f43ebfc3e56c5c4c22a6d5bf65373419b,950268bb257438cf8666d50db7fb9a488f7a92802f8688fe738e5b8918ffdb64,268,100.0,ok,299.99551723897457,0.0205520676161719,33.48164265757361,1,1,556.0,0.007997155810017496,0,5.371747299198759e-05,"[[445, 713]]"
240,896x128,1,0.4,896,358,824.0,16309.284115963746,16309.29816549462,19,DP; rtol=1e-6,49d13118f7639cf7701ebdc5da2d9a8f43ebfc3e56c5c4c22a6d5bf65373419b,950268bb257438cf8666d50db7fb9a488f7a92802f8688fe738e5b8918ffdb64,358,100.0,ok,382.8403141349554,0.023473765703807083,42.727713769699314,1,1,466.0,0.006702652171705311,0,8.614430081488322e-05,"[[355, 713]]"
240,896x128,1,0.5,896,448,824.0,17718.00501757506,17718.017142395453,19,DP; rtol=1e-6,49d13118f7639cf7701ebdc5da2d9a8f43ebfc3e56c5c4c22a6d5bf65373419b,950268bb257438cf8666d50db7fb9a488f7a92802f8688fe738e5b8918ffdb64,448,100.0,ok,467.674959897995,0.026395463791442274,52.195866229315186,1,1,376.0,0.005408148533393127,0,6.843215184515472e-05,"[[441, 889]]"
240,896x128,1,0.6,896,537,824.0,18850.726968485033,18850.737168451145,19,DP; rtol=1e-6,49d13118f7639cf7701ebdc5da2d9a8f43ebfc3e56c5c4c22a6d5bf65373419b,950268bb257438cf8666d50db7fb9a488f7a92802f8688fe738e5b8918ffdb64,537,100.0,ok,552.0378570407629,0.029284698566992628,61.61136817310499,1,1,287.0,0.0041280282688399665,0,5.4109110014799455e-05,"[[327, 864]]"
240,896x128,1,0.7,896,627,824.0,19942.764791168785,19942.780712316315,18,DP; rtol=1e-6,49d13118f7639cf7701ebdc5da2d9a8f43ebfc3e56c5c4c22a6d5bf65373419b,950268bb257438cf8666d50db7fb9a488f7a92802f8688fe738e5b8918ffdb64,627,100.0,ok,642.2845932543278,0.032206396654627815,71.68354858674728,1,1,197.0,0.002833524630527782,0,7.983414027634694e-05,"[[38, 665]]"
240,896x128,1,0.8,896,716,824.0,20842.56330839004,20842.574773156746,18,DP; rtol=1e-6,49d13118f7639cf7701ebdc5da2d9a8f43ebfc3e56c5c4c22a6d5bf65373419b,950268bb257438cf8666d50db7fb9a488f7a92802f8688fe738e5b8918ffdb64,716,100.0,ok,731.4829199314117,0.035095631430178166,81.63871900709928,1,1,108.0,0.0015534043659746217,0,5.50064799154093e-05,"[[52, 768]]"
240,896x128,1,0.9,896,806,824.0,21643.50121301852,21643.512277211346,17,DP; rtol=1e-6,49d13118f7639cf7701ebdc5da2d9a8f43ebfc3e56c5c4c22a6d5bf65373419b,950268bb257438cf8666d50db7fb9a488f7a92802f8688fe738e5b8918ffdb64,806,100.0,ok,822.8281175345182,0.03801732951781336,91.83349555836477,1,1,18.0,0.00025890072766243693,0,5.112013560237827e-05,"[[53, 859]]"
241,896x896,1,0.1,896,89,117.71428571428571,5623.5325306861705,5623.537921718304,19,DP; rtol=1e-6,49d13118f7639cf7701ebdc5da2d9a8f43ebfc3e56c5c4c22a6d5bf65373419b,950268bb257438cf8666d50db7fb9a488f7a92802f8688fe738e5b8918ffdb64,89,100.0,ok,180.38348531723022,0.032076543406288474,20.13208541302798,1,1,28.714285714285708,0.0028910581255638785,0,9.586548909146231e-05,"[[385, 474]]"
241,896x896,1,0.2,896,179,117.71428571428571,4659.852562848644,4659.854976731707,17,DP; rtol=1e-6,49d13118f7639cf7701ebdc5da2d9a8f43ebfc3e56c5c4c22a6d5bf65373419b,950268bb257438cf8666d50db7fb9a488f7a92802f8688fe738e5b8918ffdb64,179,100.0,ok,300.00284573435783,0.0643803299971708,33.48246045836125,2,2,56.428571428571416,0.005681432634814587,0,5.180167784724077e-05,"[[129, 205], [383, 486]]"
241,896x896,1,0.3,896,268,117.71428571428571,4467.73934836764,4467.742387030614,19,DP; rtol=1e-6,49d13118f7639cf7701ebdc5da2d9a8f43ebfc3e56c5c4c22a6d5bf65373419b,950268bb257438cf8666d50db7fb9a488f7a92802f8688fe738e5b8918ffdb64,268,100.0,ok,392.6445144414902,0.08788438264308081,43.821932411336526,2,0,0.0,0.0,0,6.801338822137737e-05,"[[129, 268], [383, 512]]"
241,896x896,1,0.4,896,358,117.71428571428571,4219.561510017837,4219.563762760308,19,DP; rtol=1e-6,49d13118f7639cf7701ebdc5da2d9a8f43ebfc3e56c5c4c22a6d5bf65373419b,950268bb257438cf8666d50db7fb9a488f7a92802f8688fe738e5b8918ffdb64,358,100.0,ok,499.7976976931095,0.1184477810091212,55.78099304100373,3,2,10.428571428571416,0.0010499862844087708,0,5.338804194288116e-05,"[[132, 265], [383, 495], [655, 768]]"
241,896x896,1,0.5,896,448,117.71428571428571,4031.401887365792,4031.4053812606526,17,DP; rtol=1e-6,49d13118f7639cf7701ebdc5da2d9a8f43ebfc3e56c5c4c22a6d5bf65373419b,950268bb257438cf8666d50db7fb9a488f7a92802f8688fe738e5b8918ffdb64,448,100.0,ok,592.2581163942814,0.146911206806344,66.10023619867277,3,0,0.0,0.0,0,8.666691960756978e-05,"[[129, 265], [384, 509], [643, 830]]"
241,896x896,1,0.6,896,537,117.71428571428571,3814.14918205005,3814.15128644187,16,DP; rtol=1e-6,49d13118f7639cf7701ebdc5da2d9a8f43ebfc3e56c5c4c22a6d5bf65373419b,950268bb257438cf8666d50db7fb9a488f7a92802f8688fe738e5b8918ffdb64,537,100.0,ok,671.6590540856123,0.17609669208706863,74.96194799376967,3,0,0.0,0.0,0,5.517326561177427e-05,"[[129, 265], [324, 538], [643, 830]]"
241,896x896,1,0.7,896,627,117.71428571428571,3622.7190120768455,3622.721396269909,16,DP; rtol=1e-6,49d13118f7639cf7701ebdc5da2d9a8f43ebfc3e56c5c4c22a6d5bf65373419b,950268bb257438cf8666d50db7fb9a488f7a92802f8688fe738e5b8918ffdb64,627,100.0,ok,744.867633447051,0.20561010416870024,83.13254836818288,4,0,0.0,0.0,0,6.581221139168036e-05,"[[129, 266], [324, 548], [591, 724], [725, 858]]"
241,896x896,1,0.8,896,716,117.71428571428571,3415.939725553366,3415.941571135151,17,DP; rtol=1e-6,49d13118f7639cf7701ebdc5da2d9a8f43ebfc3e56c5c4c22a6d5bf65373419b,950268bb257438cf8666d50db7fb9a488f7a92802f8688fe738e5b8918ffdb64,716,100.0,ok,817.7700574845076,0.2393982690523126,91.26897962161907,5,1,45.71428571428571,0.004602679602887767,0,5.402849395652609e-05,"[[1, 73], [129, 266], [324, 538], [561, 680], [684, 858]]"
241,896x896,1,0.9,896,806,117.71428571428571,3240.795858215392,3240.7983047125517,13,DP; rtol=1e-6,49d13118f7639cf7701ebdc5da2d9a8f43ebfc3e56c5c4c22a6d5bf65373419b,950268bb257438cf8666d50db7fb9a488f7a92802f8688fe738e5b8918ffdb64,806,100.0,ok,857.7834704816341,0.2646829692487911,95.73476232178274,5,1,3.714285714285708,0.0003739677177346305,0,7.549057144951021e-05,"[[1, 115], [128, 268], [304, 550], [556, 680], [684, 866]]"
243,896x4864,1,0.1,896,89,21.68421052631579,777.9721581894515,777.9725893184725,20,DP; rtol=1e-6,49d13118f7639cf7701ebdc5da2d9a8f43ebfc3e56c5c4c22a6d5bf65373419b,950268bb257438cf8666d50db7fb9a488f7a92802f8688fe738e5b8918ffdb64,89,100.0,ok,123.25840127468109,0.1584354915239335,13.756517986137053,4,0,0.0,0.0,0,5.541699371613973e-05,"[[53, 76], [483, 505], [553, 575], [643, 665]]"
243,896x4864,1,0.2,896,179,21.68421052631579,715.9487056550784,715.9490104959698,19,DP; rtol=1e-6,49d13118f7639cf7701ebdc5da2d9a8f43ebfc3e56c5c4c22a6d5bf65373419b,950268bb257438cf8666d50db7fb9a488f7a92802f8688fe738e5b8918ffdb64,179,100.0,ok,229.72373819351196,0.32086619666882343,25.638810041509387,8,3,4.0526315789473735,0.002215039558889741,0,4.257857569855972e-05,"[[53, 75], [244, 266], [358, 388], [447, 469], [483, 504], [557, 576], [643, 665], [757, 778]]"
243,896x4864,1,0.3,896,268,21.68421052631579,682.4660882383769,682.4664832800936,17,DP; rtol=1e-6,49d13118f7639cf7701ebdc5da2d9a8f43ebfc3e56c5c4c22a6d5bf65373419b,950268bb257438cf8666d50db7fb9a488f7a92802f8688fe738e5b8918ffdb64,268,100.0,ok,325.8506791293621,0.4774606163516018,36.36726326060845,11,1,0.6842105263157912,0.0003739677177346321,0,5.7884412851816336e-05,"[[53, 77], [207, 229], [244, 266], [352, 389], [447, 469], [483, 505], [549, 574], [583, 604], [643, 665], [682, 711], [757, 779]]"
243,896x4864,1,0.4,896,358,21.68421052631579,659.3877900187438,659.3881028767586,17,DP; rtol=1e-6,49d13118f7639cf7701ebdc5da2d9a8f43ebfc3e56c5c4c22a6d5bf65373419b,950268bb257438cf8666d50db7fb9a488f7a92802f8688fe738e5b8918ffdb64,358,100.0,ok,420.4759542942047,0.637676281937602,46.92811985364066,14,1,0.6842105263157912,0.0003739677177346321,0,4.7446718165478075e-05,"[[53, 77], [96, 118], [207, 235], [237, 266], [352, 390], [447, 469], [483, 505], [549, 574], [583, 604], [643, 665], [676, 713], [757, 779], [780, 802], [844, 868]]"
243,896x4864,1,0.5,896,448,21.68421052631579,640.0478478938564,640.0482307041718,16,DP; rtol=1e-6,49d13118f7639cf7701ebdc5da2d9a8f43ebfc3e56c5c4c22a6d5bf65373419b,950268bb257438cf8666d50db7fb9a488f7a92802f8688fe738e5b8918ffdb64,448,100.0,ok,511.6280407011509,0.7993590516470227,57.1013437731744,18,2,3.3684210526315823,0.001841071841155109,0,5.980960450235884e-05,"[[4, 32], [53, 77], [96, 118], [207, 226], [228, 258], [262, 284], [324, 346], [352, 390], [446, 469], [483, 505], [549, 575], [584, 615], [639, 665], [669, 691], [692, 713], [753, 778], [780, 802], [844, 869]]"
243,896x4864,1,0.6,896,537,21.68421052631579,624.439439578913,624.4398286633061,14,DP; rtol=1e-6,49d13118f7639cf7701ebdc5da2d9a8f43ebfc3e56c5c4c22a6d5bf65373419b,950268bb257438cf8666d50db7fb9a488f7a92802f8688fe738e5b8918ffdb64,537,100.0,ok,598.084687769413,0.9577945431709562,66.75052312416406,21,2,3.3684210526315823,0.001841071841155109,0,6.230934914697173e-05,"[[4, 32], [53, 81], [96, 118], [125, 147], [153, 179], [207, 226], [228, 258], [262, 284], [324, 346], [352, 390], [445, 469], [483, 507], [549, 576], [584, 615], [639, 666], [669, 691], [692, 713], [718, 741], [745, 769], [770, 802], [844, 869]]"
243,896x4864,1,0.7,896,627,21.68421052631579,610.984466364811,610.9848888899892,12,DP; rtol=1e-6,49d13118f7639cf7701ebdc5da2d9a8f43ebfc3e56c5c4c22a6d5bf65373419b,950268bb257438cf8666d50db7fb9a488f7a92802f8688fe738e5b8918ffdb64,627,100.0,ok,682.1904929578304,1.1165431046335361,76.13733172988843,23,1,0.6842105263157912,0.0003739677177346321,0,6.915476729041359e-05,"[[3, 32], [53, 81], [96, 124], [125, 147], [153, 179], [207, 235], [237, 266], [272, 297], [325, 348], [352, 377], [378, 411], [427, 469], [483, 519], [548, 576], [582, 604], [606, 628], [634, 666], [669, 691], [692, 713], [718, 743], [745, 769], [770, 802], [844, 869]]"
243,896x4864,1,0.8,896,716,21.68421052631579,598.4655138139352,598.4658610957626,12,DP; rtol=1e-6,49d13118f7639cf7701ebdc5da2d9a8f43ebfc3e56c5c4c22a6d5bf65373419b,950268bb257438cf8666d50db7fb9a488f7a92802f8688fe738e5b8918ffdb64,716,100.0,ok,763.0307206511497,1.2749785961574693,85.15967856195786,25,1,0.6842105263157912,0.0003739677177346321,0,5.802867799609146e-05,"[[3, 32], [44, 81], [96, 124], [125, 147], [153, 189], [207, 235], [237, 266], [269, 305], [324, 348], [352, 377], [378, 416], [427, 470], [483, 519], [548, 576], [582, 604], [606, 628], [634, 666], [669, 691], [692, 713], [718, 743], [745, 769], [770, 802], [808, 831], [838, 863], [865, 894]]"
243,896x4864,1,0.9,896,806,21.68421052631579,585.3645126056122,585.3649185352751,16,DP; rtol=1e-6,49d13118f7639cf7701ebdc5da2d9a8f43ebfc3e56c5c4c22a6d5bf65373419b,950268bb257438cf8666d50db7fb9a488f7a92802f8688fe738e5b8918ffdb64,806,100.0,ok,840.6506385803223,1.4361147976640471,93.82261582248259,30,2,2.3684210526315823,0.0012945036383121865,0,6.934642821088133e-05,"[[3, 27], [28, 50], [53, 89], [96, 124], [125, 149], [153, 179], [181, 203], [206, 226], [228, 258], [259, 285], [286, 309], [324, 350], [352, 396], [399, 423], [427, 470], [473, 502], [503, 527], [530, 552], [553, 576], [582, 604], [606, 628], [634, 666], [667, 691], [692, 713], [714, 743], [745, 769], [770, 802], [805, 831], [836, 863], [865, 896]]"
244,4864x896,1,0.1,4864,486,117.71428571428571,3443.3441767564086,3443.346420382056,20,DP; rtol=1e-6,49d13118f7639cf7701ebdc5da2d9a8f43ebfc3e56c5c4c22a6d5bf65373419b,950268bb257438cf8666d50db7fb9a488f7a92802f8688fe738e5b8918ffdb64,486,100.0,ok,548.7741123884916,0.15937242524081072,11.282362493297294,4,0,0.0,0.0,0,6.515829003017615e-05,"[[1515, 1638], [1756, 1874], [2541, 2668], [3701, 3819]]"
244,4864x896,1,0.2,4864,972,117.71428571428571,3359.3979536452716,3359.400290549438,17,DP; rtol=1e-6,49d13118f7639cf7701ebdc5da2d9a8f43ebfc3e56c5c4c22a6d5bf65373419b,950268bb257438cf8666d50db7fb9a488f7a92802f8688fe738e5b8918ffdb64,972,100.0,ok,1071.03239582479,0.31881676735041653,22.019580477596453,8,1,0.7142857142857082,7.191686879512076e-05,0,6.95631352076731e-05,"[[197, 323], [1521, 1638], [1756, 1874], [2541, 2668], [2776, 2894], [2951, 3081], [3701, 3819], [4016, 4134]]"
244,4864x896,1,0.3,4864,1459,117.71428571428571,3309.976362115192,3309.978856333987,19,DP; rtol=1e-6,49d13118f7639cf7701ebdc5da2d9a8f43ebfc3e56c5c4c22a6d5bf65373419b,950268bb257438cf8666d50db7fb9a488f7a92802f8688fe738e5b8918ffdb64,1459,100.0,ok,1584.1183971911669,0.4785890362609294,32.56822358405887,11,2,1.4285714285714164,0.00014383373759024152,0,7.535452349882732e-05,"[[178, 323], [602, 724], [833, 950], [1521, 1638], [1756, 1874], [2514, 2668], [2776, 2894], [2948, 3081], [3701, 3819], [3897, 4095], [4174, 4293]]"
244,4864x896,1,0.4,4864,1945,117.71428571428571,3278.613941510224,3278.6169011321927,18,DP; rtol=1e-6,49d13118f7639cf7701ebdc5da2d9a8f43ebfc3e56c5c4c22a6d5bf65373419b,950268bb257438cf8666d50db7fb9a488f7a92802f8688fe738e5b8918ffdb64,1945,100.0,ok,2091.629341825843,0.63796146150174,43.00224792562733,15,2,1.4285714285714164,0.00014383373759024152,0,9.027044202136736e-05,"[[178, 323], [602, 724], [833, 950], [1269, 1387], [1521, 1638], [1756, 1874], [2291, 2409], [2514, 2668], [2776, 2894], [2948, 3081], [3141, 3262], [3701, 3819], [3897, 4104], [4175, 4293], [4561, 4682]]"
244,4864x896,1,0.5,4864,2432,117.71428571428571,3247.9512437345998,3247.954176333209,17,DP; rtol=1e-6,49d13118f7639cf7701ebdc5da2d9a8f43ebfc3e56c5c4c22a6d5bf65373419b,950268bb257438cf8666d50db7fb9a488f7a92802f8688fe738e5b8918ffdb64,2432,100.0,ok,2590.533096894622,0.7975898966746627,53.25931524510101,19,1,0.7142857142857082,7.191686879512076e-05,0,9.029063989807184e-05,"[[154, 323], [441, 565], [602, 724], [833, 950], [1269, 1387], [1521, 1698], [1756, 1874], [2291, 2410], [2514, 2668], [2776, 2894], [2948, 3081], [3141, 3262], [3292, 3410], [3701, 3819], [3834, 3952], [4007, 4134], [4175, 4297], [4345, 4463], [4561, 4682]]"
244,4864x896,1,0.6,4864,2918,117.71428571428571,3217.8980996795735,3217.9005264681487,16,DP; rtol=1e-6,49d13118f7639cf7701ebdc5da2d9a8f43ebfc3e56c5c4c22a6d5bf65373419b,950268bb257438cf8666d50db7fb9a488f7a92802f8688fe738e5b8918ffdb64,2918,100.0,ok,3079.9626479297876,0.9571349224005816,63.32160040953197,23,2,2.4285714285714164,0.00024451735390341144,0,7.54152763682292e-05,"[[14, 132], [154, 323], [441, 565], [602, 724], [833, 950], [1100, 1219], [1269, 1399], [1521, 1698], [1756, 1874], [1953, 2074], [2291, 2410], [2514, 2668], [2776, 2894], [2948, 3081], [3141, 3262], [3292, 3410], [3496, 3612], [3701, 3819], [3834, 3952], [4007, 4134], [4175, 4297], [4345, 4463], [4561, 4682]]"
244,4864x896,1,0.7,4864,3404,117.71428571428571,3191.731044290676,3191.7327351844515,18,DP; rtol=1e-6,49d13118f7639cf7701ebdc5da2d9a8f43ebfc3e56c5c4c22a6d5bf65373419b,950268bb257438cf8666d50db7fb9a488f7a92802f8688fe738e5b8918ffdb64,3404,100.0,ok,3563.2698076218367,1.1164066640250794,73.25801404157919,26,2,1.4285714285714164,0.00014383373759024152,0,5.2977298403700246e-05,"[[14, 132], [154, 290], [294, 416], [441, 565], [602, 812], [833, 950], [1100, 1246], [1269, 1399], [1521, 1698], [1756, 1874], [1953, 2074], [2115, 2237], [2291, 2410], [2514, 2668], [2776, 2894], [2935, 3081], [3141, 3262], [3292, 3410], [3494, 3611], [3701, 3819], [3835, 3979], [4007, 4134], [4174, 4297], [4345, 4463], [4561, 4682], [4732, 4851]]"
244,4864x896,1,0.8,4864,3891,117.71428571428571,3159.9221023371506,3159.9238167417407,17,DP; rtol=1e-6,49d13118f7639cf7701ebdc5da2d9a8f43ebfc3e56c5c4c22a6d5bf65373419b,950268bb257438cf8666d50db7fb9a488f7a92802f8688fe738e5b8918ffdb64,3891,100.0,ok,4031.944261610508,1.2759631823292068,82.89359079689272,29,0,0.0,0.0,0,5.425461782060381e-05,"[[14, 132], [154, 290], [294, 416], [441, 565], [602, 812], [833, 964], [1004, 1122], [1128, 1246], [1263, 1416], [1455, 1583], [1599, 1720], [1744, 1874], [1953, 2074], [2114, 2249], [2291, 2410], [2514, 2633], [2637, 2760], [2776, 2924], [2935, 3081], [3124, 3262], [3277, 3410], [3507, 3637], [3701, 3819], [3835, 3979], [4007, 4134], [4165, 4306], [4345, 4463], [4484, 4682], [4732, 4856]]"
244,4864x896,1,0.9,4864,4377,117.71428571428571,3124.519941972063,3124.5227284494035,14,DP; rtol=1e-6,49d13118f7639cf7701ebdc5da2d9a8f43ebfc3e56c5c4c22a6d5bf65373419b,950268bb257438cf8666d50db7fb9a488f7a92802f8688fe738e5b8918ffdb64,4377,100.0,ok,4484.734729275107,1.4353356075700177,92.20260533379775,32,0,0.0,0.0,0,8.918089522413908e-05,"[[14, 132], [154, 290], [294, 416], [441, 574], [582, 812], [833, 970], [978, 1120], [1128, 1246], [1263, 1393], [1398, 1524], [1531, 1700], [1709, 1828], [1846, 1991], [2011, 2145], [2156, 2274], [2291, 2410], [2447, 2598], [2604, 2760], [2776, 2894], [2897, 3017], [3026, 3197], [3202, 3333], [3361, 3481], [3501, 3637], [3701, 3819], [3826, 3979], [3999, 4117], [4122, 4258], [4269, 4398], [4414, 4551], [4560, 4682], [4692, 4857]]"
254,896x128,1,0.1,896,89,824.0,7462.0954456090885,7462.099705459541,21,DP; rtol=1e-6,49d13118f7639cf7701ebdc5da2d9a8f43ebfc3e56c5c4c22a6d5bf65373419b,950268bb257438cf8666d50db7fb9a488f7a92802f8688fe738e5b8918ffdb64,89,100.0,ok,109.99975450336933,0.014741134752986355,12.276758312862293,1,1,735.0,0.010571779712882841,0,5.708648531665972e-05,"[[28, 117]]"
254,896x128,1,0.2,896,179,824.0,11266.500918788643,11266.50943793351,20,DP; rtol=1e-6,49d13118f7639cf7701ebdc5da2d9a8f43ebfc3e56c5c4c22a6d5bf65373419b,950268bb257438cf8666d50db7fb9a488f7a92802f8688fe738e5b8918ffdb64,179,100.0,ok,198.9983224272728,0.01766283284062154,22.209634195409418,1,1,645.0,0.009277276074570656,0,7.56147670588625e-05,"[[483, 662]]"
254,896x128,1,0.3,896,268,824.0,14366.10131387079,14366.108700088407,20,DP; rtol=1e-6,49d13118f7639cf7701ebdc5da2d9a8f43ebfc3e56c5c4c22a6d5bf65373419b,950268bb257438cf8666d50db7fb9a488f7a92802f8688fe738e5b8918ffdb64,268,100.0,ok,295.2530855834484,0.0205520676161719,32.9523532956959,1,1,556.0,0.007997155810017496,0,5.141418439880141e-05,"[[445, 713]]"
254,896x128,1,0.4,896,358,824.0,16125.413553102822,16125.426934314208,19,DP; rtol=1e-6,49d13118f7639cf7701ebdc5da2d9a8f43ebfc3e56c5c4c22a6d5bf65373419b,950268bb257438cf8666d50db7fb9a488f7a92802f8688fe738e5b8918ffdb64,358,100.0,ok,378.52417962253094,0.023473765703807083,42.2460021822862,1,1,466.0,0.006702652171705311,0,8.298205957935068e-05,"[[444, 802]]"
254,896x128,1,0.5,896,448,824.0,17517.139302114283,17517.151103406293,19,DP; rtol=1e-6,49d13118f7639cf7701ebdc5da2d9a8f43ebfc3e56c5c4c22a6d5bf65373419b,950268bb257438cf8666d50db7fb9a488f7a92802f8688fe738e5b8918ffdb64,448,100.0,ok,462.37301617860794,0.026395463791442274,51.604131260493546,1,1,376.0,0.005408148533393127,0,6.736992756994908e-05,"[[354, 802]]"
254,896x128,1,0.6,896,537,824.0,18660.306581537792,18660.31669821113,19,DP; rtol=1e-6,49d13118f7639cf7701ebdc5da2d9a8f43ebfc3e56c5c4c22a6d5bf65373419b,950268bb257438cf8666d50db7fb9a488f7a92802f8688fe738e5b8918ffdb64,537,100.0,ok,546.4614534080029,0.029284698566992628,60.989001485271665,1,1,287.0,0.0041280282688399665,0,5.421490696377873e-05,"[[208, 745]]"
254,896x128,1,0.7,896,627,824.0,19977.75171302037,19977.76696525987,18,DP; rtol=1e-6,49d13118f7639cf7701ebdc5da2d9a8f43ebfc3e56c5c4c22a6d5bf65373419b,950268bb257438cf8666d50db7fb9a488f7a92802f8688fe738e5b8918ffdb64,627,100.0,ok,643.4113959372044,0.032206396654627815,71.8093075691406,1,1,197.0,0.002833524630527782,0,7.634606773443409e-05,"[[28, 655]]"
254,896x128,1,0.8,896,716,824.0,20921.229356182783,20921.240124009324,18,DP; rtol=1e-6,49d13118f7639cf7701ebdc5da2d9a8f43ebfc3e56c5c4c22a6d5bf65373419b,950268bb257438cf8666d50db7fb9a488f7a92802f8688fe738e5b8918ffdb64,716,100.0,ok,734.2437545508146,0.035095631430178166,81.94684759112648,1,1,108.0,0.0015534043659746217,0,5.1468395168008385e-05,"[[4, 720]]"
254,896x128,1,0.9,896,806,824.0,21561.20944459983,21561.22109166437,17,DP; rtol=1e-6,49d13118f7639cf7701ebdc5da2d9a8f43ebfc3e56c5c4c22a6d5bf65373419b,950268bb257438cf8666d50db7fb9a488f7a92802f8688fe738e5b8918ffdb64,806,100.0,ok,819.6996042579412,0.03801732951781336,91.48433081562352,1,1,18.0,0.00025890072766243693,0,5.401857571252222e-05,"[[52, 858]]"
255,896x896,1,0.1,896,89,117.71428571428571,5495.17870043983,5495.183632402643,19,DP; rtol=1e-6,49d13118f7639cf7701ebdc5da2d9a8f43ebfc3e56c5c4c22a6d5bf65373419b,950268bb257438cf8666d50db7fb9a488f7a92802f8688fe738e5b8918ffdb64,89,100.0,ok,176.2663381099701,0.032076543406288474,19.67258237196506,1,1,28.714285714285708,0.0028910581255638785,0,8.975064605953875e-05,"[[0, 89]]"
255,896x896,1,0.2,896,179,117.71428571428571,4554.609554590936,4554.613885609464,19,DP; rtol=1e-6,49d13118f7639cf7701ebdc5da2d9a8f43ebfc3e56c5c4c22a6d5bf65373419b,950268bb257438cf8666d50db7fb9a488f7a92802f8688fe738e5b8918ffdb64,179,100.0,ok,293.2272661328316,0.0643803299971708,32.726257370283264,2,2,56.428571428571416,0.005681432634814587,0,9.509079446079483e-05,"[[0, 89], [512, 602]]"
255,896x896,1,0.3,896,268,117.71428571428571,4317.182082798501,4317.184826071378,19,DP; rtol=1e-6,49d13118f7639cf7701ebdc5da2d9a8f43ebfc3e56c5c4c22a6d5bf65373419b,950268bb257438cf8666d50db7fb9a488f7a92802f8688fe738e5b8918ffdb64,268,100.0,ok,379.41288210451603,0.08788438264308081,42.34518772114649,2,0,0.0,0.0,0,6.354309549649884e-05,"[[0, 139], [512, 641]]"
255,896x896,1,0.4,896,358,117.71428571428571,4127.011379601036,4127.012999392871,16,DP; rtol=1e-6,49d13118f7639cf7701ebdc5da2d9a8f43ebfc3e56c5c4c22a6d5bf65373419b,950268bb257438cf8666d50db7fb9a488f7a92802f8688fe738e5b8918ffdb64,358,100.0,ok,487.17325039207935,0.11804504654386852,54.372014535054596,3,2,6.428571428571416,0.0006472518191560911,0,3.924852757242192e-05,"[[0, 114], [512, 641], [768, 883]]"
255,896x896,1,0.5,896,448,117.71428571428571,3911.08996181634,3911.092841718729,19,DP; rtol=1e-6,49d13118f7639cf7701ebdc5da2d9a8f43ebfc3e56c5c4c22a6d5bf65373419b,950268bb257438cf8666d50db7fb9a488f7a92802f8688fe738e5b8918ffdb64,448,100.0,ok,584.5962772518396,0.14947144733545037,65.24512020784098,4,2,25.428571428571416,0.0025602405291063196,0,7.363421185013763e-05,"[[0, 114], [383, 479], [512, 631], [768, 887]]"
255,896x896,1,0.6,896,537,117.71428571428571,3766.7810896410606,3766.7828962412013,19,DP; rtol=1e-6,49d13118f7639cf7701ebdc5da2d9a8f43ebfc3e56c5c4c22a6d5bf65373419b,950268bb257438cf8666d50db7fb9a488f7a92802f8688fe738e5b8918ffdb64,537,100.0,ok,663.3176897019148,0.17609669208706866,74.03099213022332,4,0,0.0,0.0,0,4.7961355631453984e-05,"[[0, 167], [328, 449], [512, 641], [768, 888]]"
255,896x896,1,0.7,896,627,117.71428571428571,3581.3594935151664,3581.3617991423616,18,DP; rtol=1e-6,49d13118f7639cf7701ebdc5da2d9a8f43ebfc3e56c5c4c22a6d5bf65373419b,950268bb257438cf8666d50db7fb9a488f7a92802f8688fe738e5b8918ffdb64,627,100.0,ok,736.3636985272169,0.20561010416870024,82.1834484696891,4,0,0.0,0.0,0,6.437850529339428e-05,"[[0, 192], [328, 498], [512, 641], [752, 888]]"
255,896x896,1,0.8,896,716,117.71428571428571,3422.1093234763034,3422.1117220721153,17,DP; rtol=1e-6,49d13118f7639cf7701ebdc5da2d9a8f43ebfc3e56c5c4c22a6d5bf65373419b,950268bb257438cf8666d50db7fb9a488f7a92802f8688fe738e5b8918ffdb64,716,100.0,ok,803.4961757659912,0.23479558944942486,89.67591244480107,5,0,0.0,0.0,0,7.009110183364697e-05,"[[0, 192], [328, 475], [485, 607], [613, 732], [752, 888]]"
255,896x896,1,0.9,896,806,117.71428571428571,3252.02991697907,3252.031581967205,16,DP; rtol=1e-6,49d13118f7639cf7701ebdc5da2d9a8f43ebfc3e56c5c4c22a6d5bf65373419b,950268bb257438cf8666d50db7fb9a488f7a92802f8688fe738e5b8918ffdb64,806,100.0,ok,859.5407803058624,0.26430900153105646,95.93089062802606,5,0,0.0,0.0,0,5.119839991962749e-05,"[[0, 192], [265, 504], [510, 632], [635, 759], [766, 895]]"
257,896x4864,1,0.1,896,89,21.68421052631579,805.9440821120887,805.944518558292,20,DP; rtol=1e-6,49d13118f7639cf7701ebdc5da2d9a8f43ebfc3e56c5c4c22a6d5bf65373419b,950268bb257438cf8666d50db7fb9a488f7a92802f8688fe738e5b8918ffdb64,89,100.0,ok,127.9915438592434,0.15880945924166814,14.284770547562568,4,1,0.6842105263157912,0.0003739677177346321,0,5.4153380690813435e-05,"[[53, 77], [483, 504], [553, 575], [638, 660]]"
257,896x4864,1,0.2,896,179,21.68421052631579,732.3179989406555,732.3185657252614,18,DP; rtol=1e-6,49d13118f7639cf7701ebdc5da2d9a8f43ebfc3e56c5c4c22a6d5bf65373419b,950268bb257438cf8666d50db7fb9a488f7a92802f8688fe738e5b8918ffdb64,179,100.0,ok,233.6278410255909,0.3190251248276683,26.074535879051147,8,1,0.6842105263157912,0.0003739677177346321,0,7.739590833777399e-05,"[[53, 75], [205, 226], [256, 278], [363, 389], [483, 505], [553, 575], [638, 660], [757, 779]]"
257,896x4864,1,0.3,896,268,21.68421052631579,692.1177780966563,692.1181541570784,17,DP; rtol=1e-6,49d13118f7639cf7701ebdc5da2d9a8f43ebfc3e56c5c4c22a6d5bf65373419b,950268bb257438cf8666d50db7fb9a488f7a92802f8688fe738e5b8918ffdb64,268,100.0,ok,330.4589809179306,0.47746061635160175,36.8815827628841,11,1,0.6842105263157912,0.0003739677177346321,0,5.433471436111503e-05,"[[53, 75], [205, 226], [256, 278], [363, 389], [435, 457], [483, 505], [553, 575], [591, 614], [638, 660], [676, 698], [757, 801]]"
257,896x4864,1,0.4,896,358,21.68421052631579,664.704985582622,664.7054432860996,16,DP; rtol=1e-6,49d13118f7639cf7701ebdc5da2d9a8f43ebfc3e56c5c4c22a6d5bf65373419b,950268bb257438cf8666d50db7fb9a488f7a92802f8688fe738e5b8918ffdb64,358,100.0,ok,423.8666037917137,0.637676281937602,47.30654069301604,15,1,0.6842105263157912,0.0003739677177346321,0,6.885809077372684e-05,"[[29, 51], [53, 77], [97, 119], [204, 226], [256, 278], [363, 389], [435, 458], [483, 505], [553, 575], [591, 614], [638, 660], [676, 713], [747, 769], [773, 801], [843, 864]]"
257,896x4864,1,0.5,896,448,21.68421052631579,642.9698008899861,642.9701611617686,15,DP; rtol=1e-6,49d13118f7639cf7701ebdc5da2d9a8f43ebfc3e56c5c4c22a6d5bf65373419b,950268bb257438cf8666d50db7fb9a488f7a92802f8688fe738e5b8918ffdb64,448,100.0,ok,513.0204266309738,0.7978919475236023,57.25674415409336,18,1,0.6842105263157912,0.0003739677177346321,0,5.603242642093775e-05,"[[5, 38], [53, 77], [97, 119], [162, 185], [204, 226], [256, 278], [324, 346], [352, 390], [435, 458], [483, 505], [548, 575], [591, 617], [638, 666], [676, 698], [701, 723], [744, 767], [773, 801], [843, 864]]"
257,896x4864,1,0.6,896,537,21.68421052631579,625.4953443159415,625.495738837293,18,DP; rtol=1e-6,49d13118f7639cf7701ebdc5da2d9a8f43ebfc3e56c5c4c22a6d5bf65373419b,950268bb257438cf8666d50db7fb9a488f7a92802f8688fe738e5b8918ffdb64,537,100.0,ok,597.9444456994534,0.955953471329801,66.73487130055678,21,0,0.0,0.0,0,6.307338755728864e-05,"[[4, 26], [29, 51], [53, 77], [97, 119], [162, 185], [204, 226], [231, 254], [256, 278], [324, 346], [352, 390], [435, 458], [483, 510], [537, 579], [582, 604], [606, 628], [638, 666], [676, 698], [701, 723], [744, 767], [773, 801], [821, 859]]"
257,896x4864,1,0.7,896,627,21.68421052631579,610.9136885034605,610.9139784449794,18,DP; rtol=1e-6,49d13118f7639cf7701ebdc5da2d9a8f43ebfc3e56c5c4c22a6d5bf65373419b,950268bb257438cf8666d50db7fb9a488f7a92802f8688fe738e5b8918ffdb64,627,100.0,ok,681.8830044269562,1.116169136915801,76.10301403375259,25,0,0.0,0.0,0,4.7460285590439355e-05,"[[4, 26], [29, 51], [53, 77], [97, 119], [125, 149], [162, 186], [204, 226], [231, 264], [267, 289], [324, 346], [352, 374], [378, 410], [435, 458], [483, 510], [534, 556], [557, 579], [582, 604], [606, 628], [638, 673], [676, 698], [701, 733], [744, 767], [772, 801], [818, 841], [844, 878]]"
257,896x4864,1,0.8,896,716,21.68421052631579,598.3279802538252,598.3283601051144,17,DP; rtol=1e-6,49d13118f7639cf7701ebdc5da2d9a8f43ebfc3e56c5c4c22a6d5bf65373419b,950268bb257438cf8666d50db7fb9a488f7a92802f8688fe738e5b8918ffdb64,716,100.0,ok,762.6316129565239,1.2746046284397348,85.11513553881345,26,0,0.0,0.0,0,6.348542279654978e-05,"[[4, 26], [29, 51], [53, 89], [97, 124], [125, 150], [162, 189], [204, 226], [230, 254], [256, 278], [283, 309], [324, 346], [352, 394], [401, 424], [427, 461], [483, 519], [529, 552], [553, 579], [582, 604], [606, 629], [635, 674], [676, 698], [701, 733], [744, 769], [772, 802], [818, 841], [844, 885]]"
257,896x4864,1,0.9,896,806,21.68421052631579,585.04551504984,585.0458684782093,16,DP; rtol=1e-6,49d13118f7639cf7701ebdc5da2d9a8f43ebfc3e56c5c4c22a6d5bf65373419b,950268bb257438cf8666d50db7fb9a488f7a92802f8688fe738e5b8918ffdb64,806,100.0,ok,839.4351779222488,1.4348202940257349,93.68696200241746,28,0,0.0,0.0,0,6.04103692292135e-05,"[[3, 26], [28, 69], [70, 95], [96, 124], [125, 150], [161, 189], [204, 226], [228, 254], [256, 299], [300, 322], [324, 350], [352, 395], [400, 424], [427, 461], [464, 492], [493, 519], [528, 552], [553, 579], [582, 604], [606, 629], [635, 674], [676, 698], [701, 742], [744, 769], [770, 803], [805, 831], [832, 864], [865, 894]]"
258,4864x896,1,0.1,4864,486,117.71428571428571,3488.4385606873734,3488.4416142321033,17,DP; rtol=1e-6,49d13118f7639cf7701ebdc5da2d9a8f43ebfc3e56c5c4c22a6d5bf65373419b,950268bb257438cf8666d50db7fb9a488f7a92802f8688fe738e5b8918ffdb64,486,100.0,ok,557.4160036742687,0.1597895430798224,11.46003297350689,4,3,4.142857142857125,0.0004171178390117021,0,8.753320444032653e-05,"[[1195, 1312], [1734, 1871], [3290, 3406], [4127, 4243]]"
258,4864x896,1,0.2,4864,972,117.71428571428571,3398.077246708612,3398.0791028134945,19,DP; rtol=1e-6,49d13118f7639cf7701ebdc5da2d9a8f43ebfc3e56c5c4c22a6d5bf65373419b,950268bb257438cf8666d50db7fb9a488f7a92802f8688fe738e5b8918ffdb64,972,100.0,ok,1083.3640030026436,0.31881676735041653,22.27310862064118,8,1,0.7142857142857082,7.191686879512076e-05,0,5.4622179945784666e-05,"[[634, 766], [1197, 1315], [1670, 1789], [1815, 1944], [2402, 2522], [2927, 3046], [3290, 3408], [4127, 4244]]"
258,4864x896,1,0.3,4864,1459,117.71428571428571,3340.5510748506813,3340.5538641058774,19,DP; rtol=1e-6,49d13118f7639cf7701ebdc5da2d9a8f43ebfc3e56c5c4c22a6d5bf65373419b,950268bb257438cf8666d50db7fb9a488f7a92802f8688fe738e5b8918ffdb64,1459,100.0,ok,1598.510877519846,0.47851711939213426,32.86412166879898,11,1,0.7142857142857082,7.191686879512076e-05,0,8.349678854990827e-05,"[[47, 203], [618, 770], [1197, 1316], [1450, 1605], [1670, 1789], [1815, 1944], [2402, 2527], [2575, 2725], [2927, 3046], [3290, 3408], [4127, 4244]]"
258,4864x896,1,0.4,4864,1945,117.71428571428571,3299.191371795124,3299.1931169304316,19,DP; rtol=1e-6,49d13118f7639cf7701ebdc5da2d9a8f43ebfc3e56c5c4c22a6d5bf65373419b,950268bb257438cf8666d50db7fb9a488f7a92802f8688fe738e5b8918ffdb64,1945,100.0,ok,2104.5196818113327,0.637889544632945,43.26726320732908,14,1,0.7142857142857082,7.191686879512076e-05,0,5.289582167833373e-05,"[[48, 203], [618, 770], [1076, 1200], [1243, 1364], [1450, 1605], [1670, 1789], [1815, 2005], [2402, 2527], [2594, 2725], [2927, 3046], [3290, 3408], [4127, 4244], [4258, 4377], [4454, 4654]]"
258,4864x896,1,0.5,4864,2432,117.71428571428571,3264.32603007479,3264.3282074708386,18,DP; rtol=1e-6,49d13118f7639cf7701ebdc5da2d9a8f43ebfc3e56c5c4c22a6d5bf65373419b,950268bb257438cf8666d50db7fb9a488f7a92802f8688fe738e5b8918ffdb64,2432,100.0,ok,2604.1568852961063,0.797762497159771,53.53940966344741,19,2,2.4285714285714164,0.00024451735390341144,0,6.670273055009446e-05,"[[48, 203], [377, 493], [618, 770], [1076, 1200], [1243, 1364], [1404, 1530], [1548, 1672], [1722, 1851], [1861, 2005], [2387, 2527], [2581, 2725], [2760, 2881], [2927, 3046], [3226, 3345], [3363, 3489], [4127, 4244], [4258, 4377], [4454, 4572], [4598, 4716]]"
258,4864x896,1,0.6,4864,2918,117.71428571428571,3232.962387521981,3232.964366868857,17,DP; rtol=1e-6,49d13118f7639cf7701ebdc5da2d9a8f43ebfc3e56c5c4c22a6d5bf65373419b,950268bb257438cf8666d50db7fb9a488f7a92802f8688fe738e5b8918ffdb64,2918,100.0,ok,3094.148699373007,0.9570630055317864,63.61325452806508,23,1,1.7142857142857082,0.00017260048510829066,0,6.122390014962065e-05,"[[47, 203], [377, 493], [618, 770], [1076, 1200], [1243, 1364], [1404, 1530], [1548, 1672], [1722, 1851], [1861, 2005], [2087, 2208], [2238, 2359], [2386, 2527], [2581, 2726], [2760, 2881], [2927, 3046], [3226, 3345], [3363, 3489], [3778, 3900], [3956, 4074], [4127, 4245], [4258, 4377], [4454, 4572], [4598, 4716]]"
258,4864x896,1,0.7,4864,3404,117.71428571428571,3204.9281824268996,3204.929909377145,18,DP; rtol=1e-6,49d13118f7639cf7701ebdc5da2d9a8f43ebfc3e56c5c4c22a6d5bf65373419b,950268bb257438cf8666d50db7fb9a488f7a92802f8688fe738e5b8918ffdb64,3404,100.0,ok,3577.542203783989,1.116262830287489,73.55144335510508,26,0,0.0,0.0,0,5.3884181383523355e-05,"[[47, 203], [377, 555], [610, 770], [828, 954], [1076, 1200], [1243, 1364], [1404, 1530], [1548, 1674], [1702, 1851], [1861, 2027], [2085, 2208], [2237, 2359], [2386, 2527], [2575, 2726], [2760, 2881], [2927, 3046], [3095, 3213], [3226, 3345], [3363, 3489], [3616, 3734], [3778, 3900], [3956, 4074], [4127, 4245], [4258, 4378], [4454, 4572], [4598, 4716]]"
258,4864x896,1,0.8,4864,3891,117.71428571428571,3170.6334315113604,3170.6351457346855,17,DP; rtol=1e-6,49d13118f7639cf7701ebdc5da2d9a8f43ebfc3e56c5c4c22a6d5bf65373419b,950268bb257438cf8666d50db7fb9a488f7a92802f8688fe738e5b8918ffdb64,3891,100.0,ok,4045.611523270607,1.2759631823292064,83.17457903805207,29,0,0.0,0.0,0,5.4065612919984574e-05,"[[44, 203], [326, 452], [459, 587], [601, 722], [734, 872], [929, 1050], [1076, 1212], [1243, 1364], [1389, 1530], [1548, 1688], [1702, 1852], [1861, 2027], [2085, 2215], [2237, 2359], [2386, 2527], [2575, 2751], [2760, 2881], [2906, 3046], [3056, 3213], [3226, 3345], [3362, 3480], [3484, 3603], [3618, 3743], [3778, 3922], [3954, 4074], [4122, 4243], [4258, 4395], [4454, 4574], [4605, 4739]]"
258,4864x896,1,0.9,4864,4377,117.71428571428571,3129.6806044240357,3129.682153825203,15,DP; rtol=1e-6,49d13118f7639cf7701ebdc5da2d9a8f43ebfc3e56c5c4c22a6d5bf65373419b,950268bb257438cf8666d50db7fb9a488f7a92802f8688fe738e5b8918ffdb64,4377,100.0,ok,4492.142011851072,1.4353356075700174,92.35489336178397,31,0,0.0,0.0,0,4.950666205871812e-05,"[[19, 203], [242, 360], [377, 587], [601, 722], [734, 872], [878, 1054], [1076, 1212], [1240, 1364], [1373, 1530], [1548, 1688], [1702, 1825], [1829, 1961], [1969, 2094], [2096, 2215], [2237, 2359], [2380, 2546], [2575, 2756], [2760, 2890], [2899, 3046], [3056, 3214], [3223, 3345], [3362, 3480], [3484, 3603], [3616, 3743], [3778, 3926], [3944, 4074], [4094, 4243], [4258, 4412], [4437, 4574], [4586, 4716], [4725, 4861]]"
272,4864x896,1,0.1,4864,486,117.71428571428571,3468.058742165256,3468.0617795810667,20,DP; rtol=1e-6,49d13118f7639cf7701ebdc5da2d9a8f43ebfc3e56c5c4c22a6d5bf65373419b,950268bb257438cf8666d50db7fb9a488f7a92802f8688fe738e5b8918ffdb64,486,100.0,ok,552.7129326164722,0.15937242524081072,11.363341531975008,4,0,0.0,0.0,0,8.758251738294476e-05,"[[402, 525], [1836, 1958], [2608, 2731], [3318, 3436]]"
272,4864x896,1,0.2,4864,972,117.71428571428571,3385.0447999924295,3385.046408570236,19,DP; rtol=1e-6,49d13118f7639cf7701ebdc5da2d9a8f43ebfc3e56c5c4c22a6d5bf65373419b,950268bb257438cf8666d50db7fb9a488f7a92802f8688fe738e5b8918ffdb64,972,100.0,ok,1080.2314961254597,0.31911881819935606,22.208706725861237,8,1,3.714285714285708,0.0003739677177346305,0,4.752011087960639e-05,"[[402, 520], [1836, 1958], [2013, 2132], [2608, 2731], [3318, 3436], [3884, 3998], [4221, 4339], [4648, 4788]]"
272,4864x896,1,0.3,4864,1459,117.71428571428571,3344.4494293127404,3344.4523153935816,19,DP; rtol=1e-6,49d13118f7639cf7701ebdc5da2d9a8f43ebfc3e56c5c4c22a6d5bf65373419b,950268bb257438cf8666d50db7fb9a488f7a92802f8688fe738e5b8918ffdb64,1459,100.0,ok,1600.1357845366,0.4784452025233391,32.8975284351475,11,0,0.0,0.0,0,8.629457288744646e-05,"[[402, 524], [1403, 1526], [1836, 1958], [2000, 2132], [2608, 2756], [3318, 3436], [3519, 3637], [3874, 3998], [4168, 4339], [4384, 4502], [4625, 4788]]"
272,4864x896,1,0.4,4864,1945,117.71428571428571,3313.960566352546,3313.962258481806,19,DP; rtol=1e-6,49d13118f7639cf7701ebdc5da2d9a8f43ebfc3e56c5c4c22a6d5bf65373419b,950268bb257438cf8666d50db7fb9a488f7a92802f8688fe738e5b8918ffdb64,1945,100.0,ok,2113.7024669349194,0.6378176277641499,43.45605396830148,14,0,0.0,0.0,0,5.106060746440377e-05,"[[402, 605], [655, 781], [1261, 1387], [1403, 1526], [1836, 1958], [2000, 2163], [2306, 2455], [2608, 2746], [3318, 3436], [3519, 3637], [3880, 3998], [4171, 4339], [4384, 4502], [4633, 4788]]"
272,4864x896,1,0.5,4864,2432,117.71428571428571,3282.399767509689,3282.402750479845,17,DP; rtol=1e-6,49d13118f7639cf7701ebdc5da2d9a8f43ebfc3e56c5c4c22a6d5bf65373419b,950268bb257438cf8666d50db7fb9a488f7a92802f8688fe738e5b8918ffdb64,2432,100.0,ok,2617.7728314995766,0.7975179798058676,53.81934270406545,18,0,0.0,0.0,0,9.087764003545828e-05,"[[0, 118], [196, 328], [402, 605], [656, 781], [884, 1005], [1118, 1236], [1261, 1387], [1403, 1525], [1836, 1958], [2000, 2163], [2306, 2455], [2608, 2746], [3318, 3436], [3519, 3637], [3880, 3998], [4171, 4339], [4384, 4502], [4633, 4788]]"
272,4864x896,1,0.6,4864,2918,117.71428571428571,3249.779922835678,3249.781697698125,13,DP; rtol=1e-6,49d13118f7639cf7701ebdc5da2d9a8f43ebfc3e56c5c4c22a6d5bf65373419b,950268bb257438cf8666d50db7fb9a488f7a92802f8688fe738e5b8918ffdb64,2918,100.0,ok,3109.683226674795,0.9568904050466783,63.932632069385086,22,0,0.0,0.0,0,5.4614820688136945e-05,"[[0, 118], [195, 328], [402, 606], [655, 785], [884, 1005], [1118, 1236], [1261, 1387], [1403, 1526], [1654, 1790], [1836, 1958], [1970, 2092], [2101, 2260], [2306, 2455], [2608, 2758], [3318, 3436], [3519, 3637], [3703, 3823], [3874, 3998], [4083, 4211], [4221, 4339], [4384, 4502], [4625, 4788]]"
272,4864x896,1,0.7,4864,3404,117.71428571428571,3213.5181062224005,3213.5198246455147,18,DP; rtol=1e-6,49d13118f7639cf7701ebdc5da2d9a8f43ebfc3e56c5c4c22a6d5bf65373419b,950268bb257438cf8666d50db7fb9a488f7a92802f8688fe738e5b8918ffdb64,3404,100.0,ok,3587.3619225919247,1.1163347471562841,73.75332893377579,26,1,0.7142857142857082,7.191686879512076e-05,0,5.347479424822055e-05,"[[0, 118], [165, 328], [402, 525], [540, 661], [671, 833], [884, 1005], [1118, 1236], [1261, 1387], [1403, 1526], [1654, 1790], [1836, 1958], [1970, 2092], [2101, 2260], [2306, 2455], [2546, 2664], [2687, 2805], [2964, 3093], [3148, 3267], [3316, 3436], [3513, 3637], [3703, 3823], [3874, 3998], [4024, 4141], [4168, 4339], [4384, 4502], [4625, 4788]]"
272,4864x896,1,0.8,4864,3891,117.71428571428571,3176.1071077702677,3176.1086820096034,17,DP; rtol=1e-6,49d13118f7639cf7701ebdc5da2d9a8f43ebfc3e56c5c4c22a6d5bf65373419b,950268bb257438cf8666d50db7fb9a488f7a92802f8688fe738e5b8918ffdb64,3891,100.0,ok,4052.824148327112,1.2760350991980018,83.32286481603525,29,1,0.7142857142857082,7.191686879512076e-05,0,4.956503361075448e-05,"[[8, 147], [165, 328], [402, 530], [540, 661], [671, 789], [819, 951], [969, 1087], [1118, 1236], [1261, 1387], [1398, 1526], [1654, 1822], [1836, 1958], [1970, 2094], [2101, 2260], [2306, 2455], [2498, 2630], [2638, 2758], [2772, 2893], [2964, 3093], [3147, 3267], [3316, 3436], [3513, 3683], [3700, 3823], [3874, 3998], [4024, 4141], [4168, 4339], [4384, 4513], [4535, 4715], [4736, 4858]]"
272,4864x896,1,0.9,4864,4377,117.71428571428571,3136.514301576648,3136.516633506539,13,DP; rtol=1e-6,49d13118f7639cf7701ebdc5da2d9a8f43ebfc3e56c5c4c22a6d5bf65373419b,950268bb257438cf8666d50db7fb9a488f7a92802f8688fe738e5b8918ffdb64,4377,100.0,ok,4501.950660705566,1.4353356075700172,92.55655132860062,31,0,0.0,0.0,0,7.43477610254395e-05,"[[0, 223], [238, 382], [402, 530], [540, 661], [671, 800], [814, 951], [957, 1083], [1118, 1236], [1261, 1392], [1398, 1526], [1547, 1677], [1696, 1874], [1882, 2021], [2027, 2145], [2149, 2271], [2283, 2416], [2432, 2563], [2573, 2758], [2772, 2917], [2924, 3042], [3083, 3267], [3290, 3417], [3424, 3547], [3554, 3683], [3700, 3832], [3874, 3998], [4027, 4153], [4168, 4339], [4348, 4513], [4535, 4715], [4730, 4862]]"
273,896x896,1,0.1,896,89,117.71428571428571,3363.1695466842293,3363.171829440532,21,DP; rtol=1e-6,49d13118f7639cf7701ebdc5da2d9a8f43ebfc3e56c5c4c22a6d5bf65373419b,950268bb257438cf8666d50db7fb9a488f7a92802f8688fe738e5b8918ffdb64,89,100.0,ok,107.87885394692421,0.032076543406288474,12.04005060825407,1,1,28.714285714285708,0.0028910581255638785,0,6.787510178352107e-05,"[[559, 648]]"
273,896x896,1,0.2,896,179,117.71428571428571,3465.421961609935,3465.4246679908683,20,DP; rtol=1e-6,49d13118f7639cf7701ebdc5da2d9a8f43ebfc3e56c5c4c22a6d5bf65373419b,950268bb257438cf8666d50db7fb9a488f7a92802f8688fe738e5b8918ffdb64,179,100.0,ok,203.41644804179668,0.05869889736235621,22.70272847150825,1,0,0.0,0.0,0,7.809666037195129e-05,"[[483, 662]]"
273,896x896,1,0.3,896,268,117.71428571428571,3508.4863254616084,3508.4896942992777,19,DP; rtol=1e-6,49d13118f7639cf7701ebdc5da2d9a8f43ebfc3e56c5c4c22a6d5bf65373419b,950268bb257438cf8666d50db7fb9a488f7a92802f8688fe738e5b8918ffdb64,268,100.0,ok,309.65321534872055,0.08825835036081543,34.55951048239227,2,1,3.714285714285708,0.0003739677177346305,0,9.601959711780239e-05,"[[31, 145], [559, 713]]"
273,896x896,1,0.4,896,358,117.71428571428571,3455.4544123760397,3455.4567429228,19,DP; rtol=1e-6,49d13118f7639cf7701ebdc5da2d9a8f43ebfc3e56c5c4c22a6d5bf65373419b,950268bb257438cf8666d50db7fb9a488f7a92802f8688fe738e5b8918ffdb64,358,100.0,ok,405.91123324632645,0.11746971159350754,45.30259278754541,3,1,0.7142857142857082,7.191686879512076e-05,0,6.744540399505894e-05,"[[53, 174], [483, 600], [643, 763]]"
273,896x896,1,0.5,896,448,117.71428571428571,3408.536573761841,3408.539271455551,17,DP; rtol=1e-6,49d13118f7639cf7701ebdc5da2d9a8f43ebfc3e56c5c4c22a6d5bf65373419b,950268bb257438cf8666d50db7fb9a488f7a92802f8688fe738e5b8918ffdb64,448,100.0,ok,500.7522214949131,0.14691120680634404,55.8875244629562,3,0,0.0,0.0,0,7.914515560702995e-05,"[[42, 211], [379, 504], [559, 713]]"
273,896x896,1,0.6,896,537,117.71428571428571,3337.323957842722,3337.32700917729,18,DP; rtol=1e-6,49d13118f7639cf7701ebdc5da2d9a8f43ebfc3e56c5c4c22a6d5bf65373419b,950268bb257438cf8666d50db7fb9a488f7a92802f8688fe738e5b8918ffdb64,537,100.0,ok,587.9317192882299,0.17616860895586373,65.61737908256616,4,1,0.7142857142857082,7.191686879512076e-05,0,9.143049392035252e-05,"[[31, 174], [381, 504], [559, 713], [744, 861]]"
273,896x896,1,0.7,896,627,117.71428571428571,3282.9099937405676,3282.9123561017923,12,DP; rtol=1e-6,49d13118f7639cf7701ebdc5da2d9a8f43ebfc3e56c5c4c22a6d5bf65373419b,950268bb257438cf8666d50db7fb9a488f7a92802f8688fe738e5b8918ffdb64,627,100.0,ok,675.5660976469517,0.20578270465380855,75.39800162218833,5,1,1.7142857142857082,0.00017260048510829066,0,7.195931442938175e-05,"[[31, 149], [169, 290], [386, 504], [559, 713], [756, 872]]"
273,896x896,1,0.8,896,716,117.71428571428571,3230.679431021888,3230.6822476389416,17,DP; rtol=1e-6,49d13118f7639cf7701ebdc5da2d9a8f43ebfc3e56c5c4c22a6d5bf65373419b,950268bb257438cf8666d50db7fb9a488f7a92802f8688fe738e5b8918ffdb64,716,100.0,ok,758.5492813289165,0.23479558944942483,84.65951761545669,5,0,0.0,0.0,0,8.718335130497579e-05,"[[31, 149], [166, 290], [334, 460], [483, 713], [744, 862]]"
273,896x896,1,0.9,896,806,117.71428571428571,3160.5726051053816,3160.575370298483,16,DP; rtol=1e-6,49d13118f7639cf7701ebdc5da2d9a8f43ebfc3e56c5c4c22a6d5bf65373419b,950268bb257438cf8666d50db7fb9a488f7a92802f8688fe738e5b8918ffdb64,806,100.0,ok,835.3677895218134,0.26430900153105646,93.23301179391824,6,0,0.0,0.0,0,8.74901806557915e-05,"[[28, 150], [153, 305], [325, 460], [483, 604], [608, 750], [757, 891]]"
274,896x128,1,0.1,896,89,824.0,7318.219102845485,7318.224070097522,21,DP; rtol=1e-6,49d13118f7639cf7701ebdc5da2d9a8f43ebfc3e56c5c4c22a6d5bf65373419b,950268bb257438cf8666d50db7fb9a488f7a92802f8688fe738e5b8918ffdb64,89,100.0,ok,107.87885394692421,0.014741134752986355,12.04005060825407,1,1,735.0,0.010571779712882841,0,6.787510178352107e-05,"[[559, 648]]"
274,896x128,1,0.2,896,179,824.0,11516.637782698883,11516.646776815402,20,DP; rtol=1e-6,49d13118f7639cf7701ebdc5da2d9a8f43ebfc3e56c5c4c22a6d5bf65373419b,950268bb257438cf8666d50db7fb9a488f7a92802f8688fe738e5b8918ffdb64,179,100.0,ok,203.41644804179668,0.01766283284062154,22.70272847150825,1,1,645.0,0.009277276074570656,0,7.809666036084906e-05,"[[483, 662]]"
274,896x128,1,0.3,896,268,824.0,14475.260164386807,14475.267791600347,20,DP; rtol=1e-6,49d13118f7639cf7701ebdc5da2d9a8f43ebfc3e56c5c4c22a6d5bf65373419b,950268bb257438cf8666d50db7fb9a488f7a92802f8688fe738e5b8918ffdb64,268,100.0,ok,297.4965256601572,0.0205520676161719,33.2027370859011,1,1,556.0,0.007997155810017496,0,5.269134670804476e-05,"[[445, 713]]"
274,896x128,1,0.4,896,358,824.0,16308.858056826723,16308.871305575562,19,DP; rtol=1e-6,49d13118f7639cf7701ebdc5da2d9a8f43ebfc3e56c5c4c22a6d5bf65373419b,950268bb257438cf8666d50db7fb9a488f7a92802f8688fe738e5b8918ffdb64,358,100.0,ok,382.83031292259693,0.023473765703807083,42.72659722756748,1,1,466.0,0.006702652171705311,0,8.123645462987383e-05,"[[444, 802]]"
274,896x128,1,0.5,896,448,824.0,17751.64915166389,17751.66033253791,19,DP; rtol=1e-6,49d13118f7639cf7701ebdc5da2d9a8f43ebfc3e56c5c4c22a6d5bf65373419b,950268bb257438cf8666d50db7fb9a488f7a92802f8688fe738e5b8918ffdb64,448,100.0,ok,468.56301242113113,0.026395463791442274,52.29497882395003,1,1,376.0,0.005408148533393127,0,6.298494795720089e-05,"[[332, 780]]"
274,896x128,1,0.6,896,537,824.0,18798.236538097648,18798.2459698136,19,DP; rtol=1e-6,49d13118f7639cf7701ebdc5da2d9a8f43ebfc3e56c5c4c22a6d5bf65373419b,950268bb257438cf8666d50db7fb9a488f7a92802f8688fe738e5b8918ffdb64,537,100.0,ok,550.5006906092167,0.029284698566992628,61.439808936742615,1,1,287.0,0.0041280282688399665,0,5.017338302604202e-05,"[[325, 862]]"
274,896x128,1,0.7,896,627,824.0,20054.398494999383,20054.412409125005,18,DP; rtol=1e-6,49d13118f7639cf7701ebdc5da2d9a8f43ebfc3e56c5c4c22a6d5bf65373419b,950268bb257438cf8666d50db7fb9a488f7a92802f8688fe738e5b8918ffdb64,627,100.0,ok,645.8799125999212,0.032206396654627815,72.08481134202377,1,1,197.0,0.002833524630527782,0,6.938186638549837e-05,"[[31, 658]]"
274,896x128,1,0.8,896,716,824.0,20980.484293101494,20980.503378255205,17,DP; rtol=1e-6,49d13118f7639cf7701ebdc5da2d9a8f43ebfc3e56c5c4c22a6d5bf65373419b,950268bb257438cf8666d50db7fb9a488f7a92802f8688fe738e5b8918ffdb64,716,100.0,ok,736.3233439773321,0.035095631430178166,82.17894426175181,1,1,108.0,0.0015534043659746217,0,9.096613826642397e-05,"[[52, 768]]"
274,896x128,1,0.9,896,806,824.0,21636.53592456983,21636.55581534723,16,DP; rtol=1e-6,49d13118f7639cf7701ebdc5da2d9a8f43ebfc3e56c5c4c22a6d5bf65373419b,950268bb257438cf8666d50db7fb9a488f7a92802f8688fe738e5b8918ffdb64,806,100.0,ok,822.5633158683777,0.03801732951781336,91.80394108025205,1,1,18.0,0.00025890072766243693,0,9.193134790086432e-05,"[[53, 859]]"
277,896x4864,1,0.1,896,89,21.68421052631579,817.5902426986613,817.5907892272257,16,DP; rtol=1e-6,49d13118f7639cf7701ebdc5da2d9a8f43ebfc3e56c5c4c22a6d5bf65373419b,950268bb257438cf8666d50db7fb9a488f7a92802f8688fe738e5b8918ffdb64,89,100.0,ok,129.53531196713448,0.1584354915239335,14.457066051411168,4,0,0.0,0.0,0,6.684622326780243e-05,"[[53, 75], [483, 505], [548, 571], [641, 663]]"
277,896x4864,1,0.2,896,179,21.68421052631579,748.1129421191487,748.1133145036515,19,DP; rtol=1e-6,49d13118f7639cf7701ebdc5da2d9a8f43ebfc3e56c5c4c22a6d5bf65373419b,950268bb257438cf8666d50db7fb9a488f7a92802f8688fe738e5b8918ffdb64,179,100.0,ok,238.9465948343277,0.319399092545403,26.66814671474386,8,2,1.3684210526315823,0.0007479354354692642,0,4.9776483801444726e-05,"[[53, 74], [256, 278], [379, 400], [437, 459], [483, 505], [544, 571], [641, 663], [757, 779]]"
277,896x4864,1,0.3,896,268,21.68421052631579,701.0053107121403,701.0057162561762,18,DP; rtol=1e-6,49d13118f7639cf7701ebdc5da2d9a8f43ebfc3e56c5c4c22a6d5bf65373419b,950268bb257438cf8666d50db7fb9a488f7a92802f8688fe738e5b8918ffdb64,268,100.0,ok,335.48888778686523,0.4785825195048057,37.44295618386871,12,4,2.7368421052631646,0.0014958708709385284,0,5.785174450601005e-05,"[[53, 74], [188, 210], [256, 278], [325, 346], [379, 400], [437, 459], [483, 505], [544, 571], [591, 616], [641, 663], [757, 779], [843, 864]]"
277,896x4864,1,0.4,896,358,21.68421052631579,668.6073666841969,668.6077863305018,17,DP; rtol=1e-6,49d13118f7639cf7701ebdc5da2d9a8f43ebfc3e56c5c4c22a6d5bf65373419b,950268bb257438cf8666d50db7fb9a488f7a92802f8688fe738e5b8918ffdb64,358,100.0,ok,426.6050972342491,0.6380502496553367,47.61217597676394,15,2,1.3684210526315823,0.0007479354354692642,0,6.276419650674825e-05,"[[53, 78], [153, 174], [188, 210], [256, 278], [325, 350], [379, 404], [437, 459], [483, 505], [544, 571], [591, 617], [643, 666], [692, 713], [720, 742], [757, 787], [844, 869]]"
277,896x4864,1,0.5,896,448,21.68421052631579,644.5150408460158,644.5155904773538,16,DP; rtol=1e-6,49d13118f7639cf7701ebdc5da2d9a8f43ebfc3e56c5c4c22a6d5bf65373419b,950268bb257438cf8666d50db7fb9a488f7a92802f8688fe738e5b8918ffdb64,448,100.0,ok,514.4943889677525,0.7982659152413368,57.42124870378516,18,2,1.3684210526315823,0.0007479354354692642,0,8.527820678505549e-05,"[[18, 40], [53, 78], [100, 123], [153, 174], [188, 210], [256, 281], [325, 350], [379, 404], [437, 459], [483, 517], [533, 555], [557, 579], [591, 617], [643, 678], [692, 713], [720, 742], [757, 788], [844, 869]]"
277,896x4864,1,0.6,896,537,21.68421052631579,627.0442146641259,627.0445742915847,15,DP; rtol=1e-6,49d13118f7639cf7701ebdc5da2d9a8f43ebfc3e56c5c4c22a6d5bf65373419b,950268bb257438cf8666d50db7fb9a488f7a92802f8688fe738e5b8918ffdb64,537,100.0,ok,599.6595879793167,0.9563274390475357,66.92629322557664,21,1,0.6842105263157912,0.0003739677177346321,0,5.7352774196495204e-05,"[[4, 40], [53, 78], [100, 124], [132, 156], [161, 183], [186, 210], [256, 281], [325, 350], [379, 404], [408, 430], [437, 459], [483, 517], [533, 555], [557, 579], [591, 617], [643, 666], [668, 690], [692, 713], [720, 743], [757, 801], [843, 869]]"
277,896x4864,1,0.7,896,627,21.68421052631579,612.4282697753769,612.4288272036381,17,DP; rtol=1e-6,49d13118f7639cf7701ebdc5da2d9a8f43ebfc3e56c5c4c22a6d5bf65373419b,950268bb257438cf8666d50db7fb9a488f7a92802f8688fe738e5b8918ffdb64,627,100.0,ok,683.8025617003441,1.1165431046335361,76.317250103464,25,1,0.6842105263157912,0.0003739677177346321,0,9.101927219701267e-05,"[[4, 40], [53, 78], [99, 124], [132, 156], [160, 183], [186, 210], [251, 281], [325, 350], [353, 375], [379, 404], [408, 430], [435, 459], [483, 517], [533, 555], [557, 579], [582, 604], [610, 632], [638, 666], [668, 690], [692, 713], [720, 743], [757, 788], [795, 822], [843, 869], [874, 896]]"
277,896x4864,1,0.8,896,716,21.68421052631579,598.5390665024843,598.539391556479,17,DP; rtol=1e-6,49d13118f7639cf7701ebdc5da2d9a8f43ebfc3e56c5c4c22a6d5bf65373419b,950268bb257438cf8666d50db7fb9a488f7a92802f8688fe738e5b8918ffdb64,716,100.0,ok,763.1244987547398,1.2749785961574696,85.17014485398757,27,1,0.6842105263157912,0.0003739677177346321,0,5.4307870012149095e-05,"[[4, 40], [53, 87], [99, 124], [125, 148], [153, 183], [186, 211], [250, 281], [297, 319], [325, 350], [353, 375], [379, 410], [417, 440], [441, 476], [483, 517], [526, 555], [556, 579], [582, 604], [610, 634], [638, 666], [668, 690], [692, 713], [720, 743], [744, 767], [770, 802], [807, 831], [843, 869], [873, 896]]"
277,896x4864,1,0.9,896,806,21.68421052631579,584.5601705311885,584.5606405107128,15,DP; rtol=1e-6,49d13118f7639cf7701ebdc5da2d9a8f43ebfc3e56c5c4c22a6d5bf65373419b,950268bb257438cf8666d50db7fb9a488f7a92802f8688fe738e5b8918ffdb64,806,100.0,ok,838.7387957572937,1.434820294025735,93.60924049205033,30,0,0.0,0.0,0,8.039876305820925e-05,"[[3, 43], [44, 69], [70, 94], [99, 124], [125, 149], [153, 175], [177, 199], [207, 234], [240, 266], [267, 299], [300, 322], [325, 350], [353, 375], [379, 410], [412, 440], [441, 476], [483, 527], [528, 555], [556, 579], [582, 604], [610, 636], [638, 666], [668, 691], [694, 718], [720, 743], [744, 768], [770, 802], [806, 836], [843, 870], [873, 896]]"
289,896x128,1,0.1,896,89,824.0,7296.056918882223,7296.061643804155,21,DP; rtol=1e-6,49d13118f7639cf7701ebdc5da2d9a8f43ebfc3e56c5c4c22a6d5bf65373419b,950268bb257438cf8666d50db7fb9a488f7a92802f8688fe738e5b8918ffdb64,89,100.0,ok,107.55215820670128,0.014741134752986355,12.003589109924054,1,1,735.0,0.010571779712882841,0,6.47598960012985e-05,"[[559, 648]]"
289,896x128,1,0.2,896,179,824.0,11092.780040916254,11092.789327634822,20,DP; rtol=1e-6,49d13118f7639cf7701ebdc5da2d9a8f43ebfc3e56c5c4c22a6d5bf65373419b,950268bb257438cf8666d50db7fb9a488f7a92802f8688fe738e5b8918ffdb64,179,100.0,ok,195.92991960048676,0.01766283284062154,21.86717857120751,1,1,645.0,0.009277276074570656,0,8.371851564215049e-05,"[[30, 209]]"
289,896x128,1,0.3,896,268,824.0,13909.20090678778,13909.208885620488,20,DP; rtol=1e-6,49d13118f7639cf7701ebdc5da2d9a8f43ebfc3e56c5c4c22a6d5bf65373419b,950268bb257438cf8666d50db7fb9a488f7a92802f8688fe738e5b8918ffdb64,268,100.0,ok,285.86283752322197,0.0205520676161719,31.90433460973484,1,1,556.0,0.007997155810017496,0,5.736367015840571e-05,"[[381, 649]]"
289,896x128,1,0.4,896,358,824.0,15858.171850414774,15858.185267905526,19,DP; rtol=1e-6,49d13118f7639cf7701ebdc5da2d9a8f43ebfc3e56c5c4c22a6d5bf65373419b,950268bb257438cf8666d50db7fb9a488f7a92802f8688fe738e5b8918ffdb64,358,100.0,ok,372.2510105073452,0.023473765703807083,41.54587179270367,1,1,466.0,0.006702652171705311,0,8.460924453279617e-05,"[[479, 837]]"
289,896x128,1,0.5,896,448,824.0,17515.475724949487,17515.48642335182,19,DP; rtol=1e-6,49d13118f7639cf7701ebdc5da2d9a8f43ebfc3e56c5c4c22a6d5bf65373419b,950268bb257438cf8666d50db7fb9a488f7a92802f8688fe738e5b8918ffdb64,448,100.0,ok,462.3291052877903,0.026395463791442274,51.59923060556186,1,1,376.0,0.005408148533393127,0,6.107967586155283e-05,"[[379, 827]]"
289,896x128,1,0.6,896,537,824.0,18538.588981480098,18538.60648346269,18,DP; rtol=1e-6,49d13118f7639cf7701ebdc5da2d9a8f43ebfc3e56c5c4c22a6d5bf65373419b,950268bb257438cf8666d50db7fb9a488f7a92802f8688fe738e5b8918ffdb64,537,100.0,ok,542.8969901800156,0.029284698566992628,60.591182062670526,1,1,287.0,0.0041280282688399665,0,9.440829658036165e-05,"[[55, 592]]"
289,896x128,1,0.7,896,627,824.0,19907.026968494098,19907.0387047307,18,DP; rtol=1e-6,49d13118f7639cf7701ebdc5da2d9a8f43ebfc3e56c5c4c22a6d5bf65373419b,950268bb257438cf8666d50db7fb9a488f7a92802f8688fe738e5b8918ffdb64,627,100.0,ok,641.133606761694,0.032206396654627815,71.55509018554953,1,1,197.0,0.002833524630527782,0,5.8955210657796187e-05,"[[22, 649]]"
289,896x128,1,0.8,896,716,824.0,20717.0983735982,20717.1138931796,17,DP; rtol=1e-6,49d13118f7639cf7701ebdc5da2d9a8f43ebfc3e56c5c4c22a6d5bf65373419b,950268bb257438cf8666d50db7fb9a488f7a92802f8688fe738e5b8918ffdb64,716,100.0,ok,727.079648822546,0.035095631430178166,81.14728239930315,1,1,108.0,0.0015534043659746217,0,7.491188918073988e-05,"[[18, 734]]"
289,896x128,1,0.9,896,806,824.0,21508.75583754178,21508.76987814786,16,DP; rtol=1e-6,49d13118f7639cf7701ebdc5da2d9a8f43ebfc3e56c5c4c22a6d5bf65373419b,950268bb257438cf8666d50db7fb9a488f7a92802f8688fe738e5b8918ffdb64,806,100.0,ok,817.7054581940174,0.03801732951781336,91.26177007289098,1,1,18.0,0.00025890072766243693,0,6.527851736937151e-05,"[[30, 836]]"
290,896x896,1,0.1,896,89,117.71428571428571,5469.901723469358,5469.906301577973,20,DP; rtol=1e-6,49d13118f7639cf7701ebdc5da2d9a8f43ebfc3e56c5c4c22a6d5bf65373419b,950268bb257438cf8666d50db7fb9a488f7a92802f8688fe738e5b8918ffdb64,89,100.0,ok,175.455540060997,0.032076543406288474,19.58209146653363,1,1,28.714285714285708,0.0028910581255638785,0,8.369628952120678e-05,"[[4, 93]]"
290,896x896,1,0.2,896,179,117.71428571428571,5035.5213089178515,5035.52385908651,20,DP; rtol=1e-6,49d13118f7639cf7701ebdc5da2d9a8f43ebfc3e56c5c4c22a6d5bf65373419b,950268bb257438cf8666d50db7fb9a488f7a92802f8688fe738e5b8918ffdb64,179,100.0,ok,295.5795484781265,0.05869889736235621,32.98878879471784,1,0,0.0,0.0,0,5.0643562221619476e-05,"[[0, 179]]"
290,896x896,1,0.3,896,268,117.71428571428571,4765.3655810797445,4765.369148917505,18,DP; rtol=1e-6,49d13118f7639cf7701ebdc5da2d9a8f43ebfc3e56c5c4c22a6d5bf65373419b,950268bb257438cf8666d50db7fb9a488f7a92802f8688fe738e5b8918ffdb64,268,100.0,ok,418.8012121617794,0.08788438264308081,46.741206575728796,2,0,0.0,0.0,0,7.48701233677096e-05,"[[0, 129], [146, 285]]"
290,896x896,1,0.4,896,358,117.71428571428571,4368.105129968358,4368.107954172647,15,DP; rtol=1e-6,49d13118f7639cf7701ebdc5da2d9a8f43ebfc3e56c5c4c22a6d5bf65373419b,950268bb257438cf8666d50db7fb9a488f7a92802f8688fe738e5b8918ffdb64,358,100.0,ok,518.3976092785597,0.11867791498926558,57.856875863800155,3,1,12.714285714285708,0.0012801202645531598,0,6.465509365671807e-05,"[[0, 123], [155, 285], [348, 453]]"
290,896x896,1,0.5,896,448,117.71428571428571,4015.5770437683345,4015.580714338952,17,DP; rtol=1e-6,49d13118f7639cf7701ebdc5da2d9a8f43ebfc3e56c5c4c22a6d5bf65373419b,950268bb257438cf8666d50db7fb9a488f7a92802f8688fe738e5b8918ffdb64,448,100.0,ok,604.6614436209202,0.1505789671148952,67.48453591807231,4,2,36.428571428571416,0.0036677603085511884,0,9.140821412012556e-05,"[[0, 119], [155, 285], [348, 433], [570, 684]]"
290,896x896,1,0.6,896,537,117.71428571428571,3845.690064357154,3845.6918429388006,17,DP; rtol=1e-6,49d13118f7639cf7701ebdc5da2d9a8f43ebfc3e56c5c4c22a6d5bf65373419b,950268bb257438cf8666d50db7fb9a488f7a92802f8688fe738e5b8918ffdb64,537,100.0,ok,682.1362449079752,0.17737681235162178,76.13127710747678,4,1,12.714285714285708,0.0012801202645531598,0,4.624867824265522e-05,"[[0, 160], [164, 285], [348, 453], [576, 727]]"
290,896x896,1,0.7,896,627,117.71428571428571,3616.8882050766692,3616.889884486047,15,DP; rtol=1e-6,49d13118f7639cf7701ebdc5da2d9a8f43ebfc3e56c5c4c22a6d5bf65373419b,950268bb257438cf8666d50db7fb9a488f7a92802f8688fe738e5b8918ffdb64,627,100.0,ok,745.021360039711,0.20598407188643486,83.14970511473744,4,1,3.714285714285708,0.0003739677177346305,0,4.643241655610808e-05,"[[0, 183], [188, 321], [339, 453], [576, 773]]"
290,896x896,1,0.8,896,716,117.71428571428571,3436.0066303400286,3436.0085374570217,11,DP; rtol=1e-6,49d13118f7639cf7701ebdc5da2d9a8f43ebfc3e56c5c4c22a6d5bf65373419b,950268bb257438cf8666d50db7fb9a488f7a92802f8688fe738e5b8918ffdb64,716,100.0,ok,813.1345585435629,0.23665104466433895,90.75162456804678,5,2,18.428571428571416,0.00185545521491413,0,5.550384908348249e-05,"[[0, 183], [186, 305], [339, 453], [576, 773], [793, 896]]"
290,896x896,1,0.9,896,806,117.71428571428571,3264.7166461422953,3264.7183901206745,16,DP; rtol=1e-6,49d13118f7639cf7701ebdc5da2d9a8f43ebfc3e56c5c4c22a6d5bf65373419b,950268bb257438cf8666d50db7fb9a488f7a92802f8688fe738e5b8918ffdb64,806,100.0,ok,863.7861921787262,0.26458228563247793,96.40470866233242,6,1,2.714285714285708,0.0002732841014214606,0,5.3418952905559536e-05,"[[0, 182], [189, 321], [333, 453], [514, 632], [634, 773], [781, 896]]"
292,896x4864,1,0.1,896,89,21.68421052631579,801.3022188426525,801.3027197215181,17,DP; rtol=1e-6,49d13118f7639cf7701ebdc5da2d9a8f43ebfc3e56c5c4c22a6d5bf65373419b,950268bb257438cf8666d50db7fb9a488f7a92802f8688fe738e5b8918ffdb64,89,100.0,ok,127.69233837723732,0.15935602744451105,14.251377038706366,4,1,1.6842105263157912,0.0009205359205775545,0,6.250807008667536e-05,"[[49, 71], [257, 277], [483, 508], [549, 571]]"
292,896x4864,1,0.2,896,179,21.68421052631579,731.1783927731786,731.1789734182676,18,DP; rtol=1e-6,49d13118f7639cf7701ebdc5da2d9a8f43ebfc3e56c5c4c22a6d5bf65373419b,950268bb257438cf8666d50db7fb9a488f7a92802f8688fe738e5b8918ffdb64,179,100.0,ok,233.6639168858528,0.31957169303051125,26.0785621298862,8,1,1.6842105263157912,0.0009205359205775545,0,7.941216993989642e-05,"[[48, 71], [187, 209], [257, 277], [437, 459], [483, 508], [549, 571], [640, 663], [757, 779]]"
292,896x4864,1,0.3,896,268,21.68421052631579,690.0143243996868,690.0147053476505,18,DP; rtol=1e-6,49d13118f7639cf7701ebdc5da2d9a8f43ebfc3e56c5c4c22a6d5bf65373419b,950268bb257438cf8666d50db7fb9a488f7a92802f8688fe738e5b8918ffdb64,268,100.0,ok,329.19662153720856,0.4770866486338671,36.74069433621869,11,0,0.0,0.0,0,5.520867321084921e-05,"[[53, 79], [187, 209], [257, 279], [362, 387], [434, 459], [483, 508], [549, 571], [578, 602], [640, 663], [757, 787], [798, 822]]"
292,896x4864,1,0.4,896,358,21.68421052631579,660.4342103800677,660.4345343765794,17,DP; rtol=1e-6,49d13118f7639cf7701ebdc5da2d9a8f43ebfc3e56c5c4c22a6d5bf65373419b,950268bb257438cf8666d50db7fb9a488f7a92802f8688fe738e5b8918ffdb64,358,100.0,ok,420.89625066518784,0.6373023142198673,46.97502793540144,14,0,0.0,0.0,0,4.905808144162194e-05,"[[13, 36], [53, 86], [169, 209], [257, 279], [363, 387], [408, 430], [437, 459], [483, 508], [549, 571], [578, 602], [640, 663], [757, 787], [798, 822], [858, 882]]"
292,896x4864,1,0.5,896,448,21.68421052631579,639.9907659226585,639.9911662490949,15,DP; rtol=1e-6,49d13118f7639cf7701ebdc5da2d9a8f43ebfc3e56c5c4c22a6d5bf65373419b,950268bb257438cf8666d50db7fb9a488f7a92802f8688fe738e5b8918ffdb64,448,100.0,ok,510.9932772219181,0.798438515726445,57.03049964062627,18,1,1.6842105263157912,0.0009205359205775545,0,6.25518690733351e-05,"[[13, 36], [53, 79], [137, 159], [169, 209], [257, 277], [319, 341], [363, 387], [407, 430], [437, 459], [469, 491], [503, 527], [549, 571], [578, 602], [640, 663], [697, 730], [757, 787], [798, 822], [858, 882]]"
292,896x4864,1,0.6,896,537,21.68421052631579,623.2676631155699,623.2680158638582,18,DP; rtol=1e-6,49d13118f7639cf7701ebdc5da2d9a8f43ebfc3e56c5c4c22a6d5bf65373419b,950268bb257438cf8666d50db7fb9a488f7a92802f8688fe738e5b8918ffdb64,537,100.0,ok,595.814886122942,0.9559534713298009,66.49719705442874,21,0,0.0,0.0,0,5.659656509005018e-05,"[[13, 36], [53, 86], [137, 159], [168, 190], [202, 233], [257, 279], [313, 338], [362, 387], [406, 430], [434, 459], [469, 491], [503, 535], [549, 571], [573, 596], [601, 624], [640, 663], [670, 706], [720, 742], [757, 787], [798, 822], [850, 878]]"
292,896x4864,1,0.7,896,627,21.68421052631579,608.2332609841272,608.2337247576675,17,DP; rtol=1e-6,49d13118f7639cf7701ebdc5da2d9a8f43ebfc3e56c5c4c22a6d5bf65373419b,950268bb257438cf8666d50db7fb9a488f7a92802f8688fe738e5b8918ffdb64,627,100.0,ok,678.8911939561367,1.1161691369158013,75.76910640279374,23,0,0.0,0.0,0,7.624923139548656e-05,"[[0, 36], [47, 71], [75, 106], [132, 159], [169, 195], [202, 233], [257, 285], [313, 338], [362, 399], [405, 431], [434, 459], [469, 494], [503, 535], [549, 571], [573, 596], [598, 624], [640, 663], [670, 706], [720, 742], [757, 787], [798, 822], [844, 868], [871, 895]]"
292,896x4864,1,0.8,896,716,21.68421052631579,594.83068399135,594.8312200783377,16,DP; rtol=1e-6,49d13118f7639cf7701ebdc5da2d9a8f43ebfc3e56c5c4c22a6d5bf65373419b,950268bb257438cf8666d50db7fb9a488f7a92802f8688fe738e5b8918ffdb64,716,100.0,ok,758.1739429533482,1.274604628439735,84.61762748858033,27,0,0.0,0.0,0,9.012421835485895e-05,"[[0, 36], [46, 68], [69, 93], [99, 127], [132, 159], [161, 183], [187, 209], [211, 233], [257, 285], [294, 317], [325, 349], [362, 387], [389, 421], [426, 459], [462, 494], [503, 535], [549, 571], [573, 596], [598, 624], [630, 663], [670, 693], [696, 718], [720, 742], [753, 787], [793, 822], [844, 870], [871, 895]]"
292,896x4864,1,0.9,896,806,21.68421052631579,581.7800549079332,581.7804456384491,15,DP; rtol=1e-6,49d13118f7639cf7701ebdc5da2d9a8f43ebfc3e56c5c4c22a6d5bf65373419b,950268bb257438cf8666d50db7fb9a488f7a92802f8688fe738e5b8918ffdb64,806,100.0,ok,834.749829441309,1.434820294025735,93.16404338386359,28,0,0.0,0.0,0,6.716116344174239e-05,"[[0, 36], [39, 64], [67, 93], [99, 127], [132, 159], [161, 183], [187, 209], [211, 234], [237, 260], [262, 285], [290, 317], [319, 349], [359, 388], [389, 422], [424, 459], [461, 501], [503, 527], [530, 567], [568, 596], [598, 624], [630, 663], [670, 693], [696, 719], [720, 742], [747, 779], [781, 822], [826, 870], [871, 895]]"
293,4864x896,1,0.1,4864,486,117.71428571428571,3533.818692974895,3533.8210828609144,20,DP; rtol=1e-6,49d13118f7639cf7701ebdc5da2d9a8f43ebfc3e56c5c4c22a6d5bf65373419b,950268bb257438cf8666d50db7fb9a488f7a92802f8688fe738e5b8918ffdb64,486,100.0,ok,563.4473966360092,0.1594443421096058,11.584033667214467,4,1,0.7142857142857082,7.191686879512076e-05,0,6.762894790846019e-05,"[[2813, 2930], [4045, 4165], [4412, 4536], [4663, 4788]]"
293,4864x896,1,0.2,4864,972,117.71428571428571,3447.013435230133,3447.0152973443132,20,DP; rtol=1e-6,49d13118f7639cf7701ebdc5da2d9a8f43ebfc3e56c5c4c22a6d5bf65373419b,950268bb257438cf8666d50db7fb9a488f7a92802f8688fe738e5b8918ffdb64,972,100.0,ok,1098.7177820205688,0.3187448504816214,22.588770227144344,7,0,0.0,0.0,0,5.402105937024615e-05,"[[708, 837], [925, 1069], [2837, 2986], [3522, 3688], [4045, 4165], [4412, 4551], [4663, 4788]]"
293,4864x896,1,0.3,4864,1459,117.71428571428571,3376.3318592058913,3376.333911701404,19,DP; rtol=1e-6,49d13118f7639cf7701ebdc5da2d9a8f43ebfc3e56c5c4c22a6d5bf65373419b,950268bb257438cf8666d50db7fb9a488f7a92802f8688fe738e5b8918ffdb64,1459,100.0,ok,1615.389780163765,0.47844520252333916,33.21113862769301,10,0,0.0,0.0,0,6.079065537623052e-05,"[[28, 200], [379, 498], [708, 837], [925, 1069], [2837, 3007], [3522, 3699], [4045, 4165], [4255, 4439], [4483, 4602], [4663, 4788]]"
293,4864x896,1,0.4,4864,1945,117.71428571428571,3323.8651835705555,3323.8676674148983,18,DP; rtol=1e-6,49d13118f7639cf7701ebdc5da2d9a8f43ebfc3e56c5c4c22a6d5bf65373419b,950268bb257438cf8666d50db7fb9a488f7a92802f8688fe738e5b8918ffdb64,1945,100.0,ok,2120.2588483691216,0.6378895446329449,43.59084810641861,14,1,0.7142857142857082,7.191686879512076e-05,0,7.472753404957899e-05,"[[22, 200], [379, 498], [676, 837], [898, 1069], [1266, 1387], [2256, 2424], [2813, 2931], [2964, 3084], [3443, 3560], [3574, 3699], [4045, 4165], [4255, 4439], [4485, 4603], [4663, 4788]]"
293,4864x896,1,0.5,4864,2432,117.71428571428571,3270.7610712570095,3270.763303623523,17,DP; rtol=1e-6,49d13118f7639cf7701ebdc5da2d9a8f43ebfc3e56c5c4c22a6d5bf65373419b,950268bb257438cf8666d50db7fb9a488f7a92802f8688fe738e5b8918ffdb64,2432,100.0,ok,2608.7259848713875,0.7975898966746627,53.63334681766116,18,1,0.7142857142857082,7.191686879512076e-05,0,6.825215725925204e-05,"[[0, 118], [136, 257], [379, 498], [676, 837], [898, 1069], [1266, 1387], [2055, 2173], [2225, 2424], [2506, 2664], [2811, 2930], [2964, 3084], [3227, 3345], [3443, 3560], [3574, 3699], [4045, 4165], [4255, 4439], [4485, 4603], [4663, 4788]]"
293,4864x896,1,0.6,4864,2918,117.71428571428571,3229.055055582447,3229.056989515464,14,DP; rtol=1e-6,49d13118f7639cf7701ebdc5da2d9a8f43ebfc3e56c5c4c22a6d5bf65373419b,950268bb257438cf8666d50db7fb9a488f7a92802f8688fe738e5b8918ffdb64,2918,100.0,ok,3089.8518000543118,0.9568904050466782,63.52491375810696,21,0,0.0,0.0,0,5.9891572778969504e-05,"[[0, 118], [136, 257], [379, 503], [538, 660], [676, 837], [898, 1069], [1166, 1286], [1338, 1456], [2055, 2173], [2221, 2424], [2503, 2664], [2811, 2930], [2964, 3084], [3227, 3345], [3445, 3609], [3628, 3805], [4030, 4165], [4246, 4439], [4453, 4571], [4582, 4700], [4725, 4844]]"
293,4864x896,1,0.7,4864,3404,117.71428571428571,3194.641662273567,3194.6441312753022,17,DP; rtol=1e-6,49d13118f7639cf7701ebdc5da2d9a8f43ebfc3e56c5c4c22a6d5bf65373419b,950268bb257438cf8666d50db7fb9a488f7a92802f8688fe738e5b8918ffdb64,3404,100.0,ok,3566.2894923090935,1.1163347471562841,73.32009659213949,25,1,0.7142857142857082,7.191686879512076e-05,0,7.728565792897157e-05,"[[0, 118], [136, 257], [379, 503], [539, 660], [676, 837], [898, 1069], [1170, 1287], [1338, 1456], [1693, 1811], [1882, 2009], [2055, 2173], [2221, 2400], [2410, 2529], [2564, 2711], [2811, 2930], [2964, 3084], [3121, 3306], [3324, 3464], [3482, 3609], [3628, 3805], [4036, 4165], [4246, 4439], [4453, 4571], [4582, 4700], [4725, 4844]]"
293,4864x896,1,0.8,4864,3891,117.71428571428571,3162.8230632505533,3162.8252095210337,16,DP; rtol=1e-6,49d13118f7639cf7701ebdc5da2d9a8f43ebfc3e56c5c4c22a6d5bf65373419b,950268bb257438cf8666d50db7fb9a488f7a92802f8688fe738e5b8918ffdb64,3891,100.0,ok,4035.873241260648,1.2760350991980018,82.97436776263113,29,1,0.7142857142857082,7.191686879512076e-05,0,6.78592820713142e-05,"[[0, 118], [136, 257], [379, 512], [536, 660], [676, 850], [881, 1009], [1016, 1146], [1159, 1286], [1338, 1466], [1506, 1632], [1693, 1811], [1882, 2009], [2055, 2173], [2221, 2400], [2410, 2529], [2564, 2714], [2783, 2930], [2964, 3084], [3121, 3308], [3324, 3464], [3482, 3609], [3628, 3805], [3831, 3960], [4030, 4165], [4185, 4303], [4322, 4439], [4453, 4571], [4582, 4700], [4711, 4849]]"
293,4864x896,1,0.9,4864,4377,117.71428571428571,3122.6357624948578,3122.6374474926242,13,DP; rtol=1e-6,49d13118f7639cf7701ebdc5da2d9a8f43ebfc3e56c5c4c22a6d5bf65373419b,950268bb257438cf8666d50db7fb9a488f7a92802f8688fe738e5b8918ffdb64,4377,100.0,ok,4482.030299380422,1.4353356075700174,92.14700466357607,32,0,0.0,0.0,0,5.396072374486138e-05,"[[2, 131], [136, 257], [304, 423], [444, 574], [585, 704], [708, 850], [872, 1011], [1016, 1153], [1159, 1286], [1294, 1422], [1446, 1564], [1575, 1725], [1743, 1958], [1982, 2173], [2186, 2324], [2337, 2529], [2544, 2664], [2685, 2803], [2811, 2930], [2964, 3084], [3121, 3278], [3285, 3429], [3441, 3560], [3567, 3685], [3686, 3805], [3831, 3966], [3984, 4107], [4121, 4303], [4321, 4439], [4453, 4573], [4581, 4700], [4711, 4862]]"
303,896x128,1,0.1,896,89,824.0,7583.864516116833,7583.870861939646,21,DP; rtol=1e-6,49d13118f7639cf7701ebdc5da2d9a8f43ebfc3e56c5c4c22a6d5bf65373419b,950268bb257438cf8666d50db7fb9a488f7a92802f8688fe738e5b8918ffdb64,89,100.0,ok,111.7947687804699,0.014741134752986355,12.477094727680619,1,1,735.0,0.010571779712882841,0,8.367524879648869e-05,"[[559, 648]]"
303,896x128,1,0.2,896,179,824.0,11751.400737819218,11751.411934149277,20,DP; rtol=1e-6,49d13118f7639cf7701ebdc5da2d9a8f43ebfc3e56c5c4c22a6d5bf65373419b,950268bb257438cf8666d50db7fb9a488f7a92802f8688fe738e5b8918ffdb64,179,100.0,ok,207.5630268752575,0.01766283284062154,23.165516388089983,1,1,645.0,0.009277276074570656,0,9.527646653850752e-05,"[[481, 660]]"
303,896x128,1,0.3,896,268,824.0,14817.714648731544,14817.72357532673,20,DP; rtol=1e-6,49d13118f7639cf7701ebdc5da2d9a8f43ebfc3e56c5c4c22a6d5bf65373419b,950268bb257438cf8666d50db7fb9a488f7a92802f8688fe738e5b8918ffdb64,268,100.0,ok,304.5346733778715,0.0205520676161719,33.98824479041969,1,1,556.0,0.007997155810017496,0,6.024268938142896e-05,"[[449, 717]]"
303,896x128,1,0.4,896,358,824.0,16680.79571237871,16680.81029118879,19,DP; rtol=1e-6,49d13118f7639cf7701ebdc5da2d9a8f43ebfc3e56c5c4c22a6d5bf65373419b,950268bb257438cf8666d50db7fb9a488f7a92802f8688fe738e5b8918ffdb64,358,100.0,ok,391.5610903054476,0.023473765703807083,43.70101453502411,1,1,466.0,0.006702652171705311,0,8.739869242768705e-05,"[[444, 802]]"
303,896x128,1,0.5,896,448,824.0,18023.321454142108,18023.333285686676,19,DP; rtol=1e-6,49d13118f7639cf7701ebdc5da2d9a8f43ebfc3e56c5c4c22a6d5bf65373419b,950268bb257438cf8666d50db7fb9a488f7a92802f8688fe738e5b8918ffdb64,448,100.0,ok,475.7339288443327,0.026395463791442274,53.095304548806105,1,1,376.0,0.005408148533393127,0,6.56457070480343e-05,"[[375, 823]]"
303,896x128,1,0.6,896,537,824.0,18842.807514874556,18842.817331157767,19,DP; rtol=1e-6,49d13118f7639cf7701ebdc5da2d9a8f43ebfc3e56c5c4c22a6d5bf65373419b,950268bb257438cf8666d50db7fb9a488f7a92802f8688fe738e5b8918ffdb64,537,100.0,ok,551.8059382289648,0.029284698566992628,61.58548416607348,1,1,287.0,0.0041280282688399665,0,5.2095623692682835e-05,"[[332, 869]]"
303,896x128,1,0.7,896,627,824.0,20054.842750580483,20054.85649878547,18,DP; rtol=1e-6,49d13118f7639cf7701ebdc5da2d9a8f43ebfc3e56c5c4c22a6d5bf65373419b,950268bb257438cf8666d50db7fb9a488f7a92802f8688fe738e5b8918ffdb64,627,100.0,ok,645.8942204713821,0.032206396654627815,72.0864085215651,1,1,197.0,0.002833524630527782,0,6.855299606867149e-05,"[[30, 657]]"
303,896x128,1,0.8,896,716,824.0,21007.987295015737,21008.004465499296,17,DP; rtol=1e-6,49d13118f7639cf7701ebdc5da2d9a8f43ebfc3e56c5c4c22a6d5bf65373419b,950268bb257438cf8666d50db7fb9a488f7a92802f8688fe738e5b8918ffdb64,716,100.0,ok,737.2885791957378,0.035095631430178166,82.28667177018521,1,1,108.0,0.0015534043659746217,0,8.173305364733707e-05,"[[17, 733]]"
303,896x128,1,0.9,896,806,824.0,21700.569737546204,21700.585331168695,16,DP; rtol=1e-6,49d13118f7639cf7701ebdc5da2d9a8f43ebfc3e56c5c4c22a6d5bf65373419b,950268bb257438cf8666d50db7fb9a488f7a92802f8688fe738e5b8918ffdb64,806,100.0,ok,824.9977104365826,0.03801732951781336,92.07563730866728,1,1,18.0,0.00025890072766243693,0,7.185807319176618e-05,"[[17, 823]]"
304,896x896,1,0.1,896,89,117.71428571428571,4193.312483681443,4193.3146942952135,20,DP; rtol=1e-6,49d13118f7639cf7701ebdc5da2d9a8f43ebfc3e56c5c4c22a6d5bf65373419b,950268bb257438cf8666d50db7fb9a488f7a92802f8688fe738e5b8918ffdb64,89,100.0,ok,134.50696989893913,0.032076543406288474,15.011938622643001,1,1,28.714285714285708,0.0028910581255638785,0,5.271757383962239e-05,"[[685, 774]]"
304,896x896,1,0.2,896,179,117.71428571428571,4034.893254564224,4034.8965975310357,19,DP; rtol=1e-6,49d13118f7639cf7701ebdc5da2d9a8f43ebfc3e56c5c4c22a6d5bf65373419b,950268bb257438cf8666d50db7fb9a488f7a92802f8688fe738e5b8918ffdb64,179,100.0,ok,236.8437850177288,0.05869889736235621,26.4334581807321,1,0,0.0,0.0,0,8.285136262609072e-05,"[[663, 842]]"
304,896x896,1,0.3,896,268,117.71428571428571,4076.7786397027753,4076.7808066656153,19,DP; rtol=1e-6,49d13118f7639cf7701ebdc5da2d9a8f43ebfc3e56c5c4c22a6d5bf65373419b,950268bb257438cf8666d50db7fb9a488f7a92802f8688fe738e5b8918ffdb64,268,100.0,ok,358.2851739227772,0.08788438264308081,39.9871846371444,2,0,0.0,0.0,0,5.315377359371709e-05,"[[514, 637], [685, 830]]"
304,896x896,1,0.4,896,358,117.71428571428571,3830.942853335236,3830.945241563517,18,DP; rtol=1e-6,49d13118f7639cf7701ebdc5da2d9a8f43ebfc3e56c5c4c22a6d5bf65373419b,950268bb257438cf8666d50db7fb9a488f7a92802f8688fe738e5b8918ffdb64,358,100.0,ok,449.7442426979542,0.11739779472471243,50.19467000365455,2,0,0.0,0.0,0,6.234044420683205e-05,"[[483, 687], [688, 842]]"
304,896x896,1,0.5,896,448,117.71428571428571,3749.38366427427,3749.385468430336,14,DP; rtol=1e-6,49d13118f7639cf7701ebdc5da2d9a8f43ebfc3e56c5c4c22a6d5bf65373419b,950268bb257438cf8666d50db7fb9a488f7a92802f8688fe738e5b8918ffdb64,448,100.0,ok,550.8264788985252,0.14691120680634404,61.476169593025965,3,0,0.0,0.0,0,4.811871389120981e-05,"[[256, 385], [493, 658], [678, 832]]"
304,896x896,1,0.6,896,537,117.71428571428571,3593.785608568735,3593.787466659619,18,DP; rtol=1e-6,49d13118f7639cf7701ebdc5da2d9a8f43ebfc3e56c5c4c22a6d5bf65373419b,950268bb257438cf8666d50db7fb9a488f7a92802f8688fe738e5b8918ffdb64,537,100.0,ok,632.8537577390671,0.17609669208706863,70.63099983165101,4,0,0.0,0.0,0,5.170285948263853e-05,"[[0, 120], [267, 385], [497, 650], [685, 831]]"
304,896x896,1,0.7,896,627,117.71428571428571,3489.494129226999,3489.4967866690104,16,DP; rtol=1e-6,49d13118f7639cf7701ebdc5da2d9a8f43ebfc3e56c5c4c22a6d5bf65373419b,950268bb257438cf8666d50db7fb9a488f7a92802f8688fe738e5b8918ffdb64,627,100.0,ok,717.4752514064312,0.20561010416870024,80.07536297539961,4,0,0.0,0.0,0,7.615545087880093e-05,"[[0, 120], [256, 385], [493, 658], [680, 893]]"
304,896x896,1,0.8,896,716,117.71428571428571,3368.089753538641,3368.0917936819465,17,DP; rtol=1e-6,49d13118f7639cf7701ebdc5da2d9a8f43ebfc3e56c5c4c22a6d5bf65373419b,950268bb257438cf8666d50db7fb9a488f7a92802f8688fe738e5b8918ffdb64,716,100.0,ok,790.8126190006733,0.23479558944942483,88.26033704698975,5,0,0.0,0.0,0,6.057267527559418e-05,"[[0, 129], [205, 385], [483, 606], [610, 768], [770, 896]]"
304,896x896,1,0.9,896,806,117.71428571428571,3231.3301375595343,3231.3316730049874,16,DP; rtol=1e-6,49d13118f7639cf7701ebdc5da2d9a8f43ebfc3e56c5c4c22a6d5bf65373419b,950268bb257438cf8666d50db7fb9a488f7a92802f8688fe738e5b8918ffdb64,806,100.0,ok,854.0696422755718,0.26430900153105646,95.32027268874391,4,0,0.0,0.0,0,4.7517420320719594e-05,"[[0, 129], [192, 406], [432, 687], [688, 896]]"
306,896x4864,1,0.1,896,89,21.68421052631579,825.0774736545408,825.0780272760398,18,DP; rtol=1e-6,49d13118f7639cf7701ebdc5da2d9a8f43ebfc3e56c5c4c22a6d5bf65373419b,950268bb257438cf8666d50db7fb9a488f7a92802f8688fe738e5b8918ffdb64,89,100.0,ok,131.33865976333618,0.1591834269594028,14.65833258822538,4,2,1.3684210526315823,0.0007479354354692642,0,6.709929010195737e-05,"[[50, 71], [205, 226], [483, 508], [570, 592]]"
306,896x4864,1,0.2,896,179,21.68421052631579,734.0229153075709,734.0233292478656,19,DP; rtol=1e-6,49d13118f7639cf7701ebdc5da2d9a8f43ebfc3e56c5c4c22a6d5bf65373419b,950268bb257438cf8666d50db7fb9a488f7a92802f8688fe738e5b8918ffdb64,179,100.0,ok,233.89725130796432,0.3186511571099337,26.10460398577152,8,0,0.0,0.0,0,5.639334312856903e-05,"[[50, 72], [204, 226], [256, 278], [437, 459], [483, 508], [570, 592], [641, 663], [757, 779]]"
306,896x4864,1,0.3,896,268,21.68421052631579,688.4212005658571,688.4216029854106,18,DP; rtol=1e-6,49d13118f7639cf7701ebdc5da2d9a8f43ebfc3e56c5c4c22a6d5bf65373419b,950268bb257438cf8666d50db7fb9a488f7a92802f8688fe738e5b8918ffdb64,268,100.0,ok,328.95145803689957,0.47783458406933643,36.71333243368903,12,2,1.3684210526315823,0.0007479354354692642,0,5.8455392992762256e-05,"[[13, 36], [50, 72], [204, 226], [257, 278], [373, 395], [437, 459], [483, 508], [554, 575], [590, 612], [641, 663], [757, 779], [798, 822]]"
306,896x4864,1,0.4,896,358,21.68421052631579,660.695572136554,660.6958858729679,17,DP; rtol=1e-6,49d13118f7639cf7701ebdc5da2d9a8f43ebfc3e56c5c4c22a6d5bf65373419b,950268bb257438cf8666d50db7fb9a488f7a92802f8688fe738e5b8918ffdb64,358,100.0,ok,421.3098959326744,0.637676281937602,47.021193823813796,15,1,0.6842105263157912,0.0003739677177346321,0,4.748575260782317e-05,"[[13, 36], [50, 72], [169, 191], [204, 226], [257, 278], [372, 395], [437, 459], [483, 508], [554, 579], [590, 612], [641, 663], [670, 699], [709, 733], [757, 789], [798, 822]]"
306,896x4864,1,0.5,896,448,21.68421052631579,639.9444174998011,639.9447757015572,15,DP; rtol=1e-6,49d13118f7639cf7701ebdc5da2d9a8f43ebfc3e56c5c4c22a6d5bf65373419b,950268bb257438cf8666d50db7fb9a488f7a92802f8688fe738e5b8918ffdb64,448,100.0,ok,510.60649758577347,0.7978919475236022,56.98733241840603,19,1,0.6842105263157912,0.0003739677177346321,0,5.597385425160084e-05,"[[13, 36], [50, 72], [140, 164], [169, 191], [204, 226], [257, 278], [327, 349], [373, 395], [408, 430], [437, 459], [483, 508], [554, 579], [590, 612], [641, 663], [670, 699], [709, 733], [757, 789], [798, 822], [858, 881]]"
306,896x4864,1,0.6,896,537,21.68421052631579,623.0759818645456,623.0762805621032,18,DP; rtol=1e-6,49d13118f7639cf7701ebdc5da2d9a8f43ebfc3e56c5c4c22a6d5bf65373419b,950268bb257438cf8666d50db7fb9a488f7a92802f8688fe738e5b8918ffdb64,537,100.0,ok,595.6316477656364,0.9559534713298009,66.4767465173929,21,0,0.0,0.0,0,4.7939163616561586e-05,"[[13, 40], [53, 86], [140, 164], [169, 191], [204, 226], [256, 278], [327, 349], [372, 395], [404, 430], [433, 459], [477, 499], [503, 534], [554, 585], [590, 612], [641, 663], [670, 693], [694, 717], [720, 742], [757, 789], [798, 822], [850, 888]]"
306,896x4864,1,0.7,896,627,21.68421052631579,607.7742177939949,607.7745946464215,17,DP; rtol=1e-6,49d13118f7639cf7701ebdc5da2d9a8f43ebfc3e56c5c4c22a6d5bf65373419b,950268bb257438cf8666d50db7fb9a488f7a92802f8688fe738e5b8918ffdb64,627,100.0,ok,678.3788241147995,1.116169136915801,75.71192246519229,24,0,0.0,0.0,0,6.200529438782354e-05,"[[13, 40], [53, 86], [88, 110], [140, 164], [169, 191], [204, 233], [257, 281], [327, 349], [372, 399], [404, 430], [433, 459], [469, 491], [493, 517], [531, 567], [570, 596], [598, 624], [641, 663], [670, 693], [694, 718], [720, 742], [757, 789], [794, 822], [826, 856], [858, 888]]"
306,896x4864,1,0.8,896,716,21.68421052631579,593.0791033255119,593.079545084141,16,DP; rtol=1e-6,49d13118f7639cf7701ebdc5da2d9a8f43ebfc3e56c5c4c22a6d5bf65373419b,950268bb257438cf8666d50db7fb9a488f7a92802f8688fe738e5b8918ffdb64,716,100.0,ok,755.9413701295853,1.2746046284397348,84.36845663360053,26,0,0.0,0.0,0,7.448556146316676e-05,"[[3, 43], [45, 68], [70, 92], [96, 133], [140, 164], [169, 195], [202, 241], [257, 281], [327, 351], [361, 388], [390, 421], [424, 447], [450, 491], [493, 517], [521, 544], [547, 572], [573, 596], [598, 624], [639, 663], [670, 693], [694, 718], [720, 742], [757, 790], [794, 822], [826, 856], [858, 888]]"
306,896x4864,1,0.9,896,806,21.68421052631579,579.7553037724142,579.7556246905426,15,DP; rtol=1e-6,49d13118f7639cf7701ebdc5da2d9a8f43ebfc3e56c5c4c22a6d5bf65373419b,950268bb257438cf8666d50db7fb9a488f7a92802f8688fe738e5b8918ffdb64,806,100.0,ok,831.8446754217148,1.434820294025735,92.8398076853206,30,0,0.0,0.0,0,5.535403447831655e-05,"[[0, 43], [44, 68], [70, 94], [96, 118], [122, 144], [146, 168], [169, 195], [202, 242], [257, 285], [290, 317], [319, 351], [352, 374], [375, 399], [400, 423], [424, 463], [464, 491], [493, 519], [521, 544], [547, 572], [573, 596], [598, 624], [630, 665], [670, 693], [694, 718], [720, 742], [744, 768], [769, 791], [794, 822], [826, 856], [858, 888]]"
307,4864x896,1,0.1,4864,486,117.71428571428571,3795.496044214048,3795.499350818406,18,DP; rtol=1e-6,49d13118f7639cf7701ebdc5da2d9a8f43ebfc3e56c5c4c22a6d5bf65373419b,950268bb257438cf8666d50db7fb9a488f7a92802f8688fe738e5b8918ffdb64,486,100.0,ok,604.8974095582962,0.15937242524081072,12.436213181245481,4,0,0.0,0.0,0,8.711908637826227e-05,"[[602, 723], [1333, 1457], [2694, 2817], [4240, 4358]]"
307,4864x896,1,0.2,4864,972,117.71428571428571,3580.848466308494,3580.8507383247625,20,DP; rtol=1e-6,49d13118f7639cf7701ebdc5da2d9a8f43ebfc3e56c5c4c22a6d5bf65373419b,950268bb257438cf8666d50db7fb9a488f7a92802f8688fe738e5b8918ffdb64,972,100.0,ok,1141.8920558094978,0.3188886842192117,23.47639915731693,8,2,1.4285714285714164,0.00014383373759024152,0,6.344906376964943e-05,"[[602, 723], [1327, 1457], [1933, 2050], [2515, 2633], [2694, 2817], [3171, 3292], [3520, 3637], [4240, 4365]]"
307,4864x896,1,0.3,4864,1459,117.71428571428571,3477.6852906579297,3477.6874409457178,19,DP; rtol=1e-6,49d13118f7639cf7701ebdc5da2d9a8f43ebfc3e56c5c4c22a6d5bf65373419b,950268bb257438cf8666d50db7fb9a488f7a92802f8688fe738e5b8918ffdb64,1459,100.0,ok,1665.2324060797691,0.47883355361483276,34.23586358792389,12,4,3.857142857142833,0.00038835109149365293,0,6.183096740164373e-05,"[[305, 431], [602, 723], [750, 867], [1327, 1457], [1607, 1727], [1934, 2050], [2515, 2633], [2694, 2825], [3171, 3292], [3520, 3637], [4240, 4365], [4678, 4795]]"
307,4864x896,1,0.4,4864,1945,117.71428571428571,3405.876091927,3405.8791260763383,17,DP; rtol=1e-6,49d13118f7639cf7701ebdc5da2d9a8f43ebfc3e56c5c4c22a6d5bf65373419b,950268bb257438cf8666d50db7fb9a488f7a92802f8688fe738e5b8918ffdb64,1945,100.0,ok,2172.8176892995834,0.63796146150174,44.671416278410526,15,2,1.4285714285714164,0.00014383373759024152,0,8.908564356202575e-05,"[[305, 431], [568, 723], [749, 867], [969, 1136], [1327, 1466], [1607, 1728], [1933, 2050], [2515, 2633], [2694, 2826], [2975, 3092], [3150, 3292], [3519, 3637], [4028, 4149], [4240, 4365], [4678, 4807]]"
307,4864x896,1,0.5,4864,2432,117.71428571428571,3338.4516810230125,3338.4537573179273,15,DP; rtol=1e-6,49d13118f7639cf7701ebdc5da2d9a8f43ebfc3e56c5c4c22a6d5bf65373419b,950268bb257438cf8666d50db7fb9a488f7a92802f8688fe738e5b8918ffdb64,2432,100.0,ok,2662.9554223120213,0.7976618135434578,54.7482611112658,19,2,1.4285714285714164,0.00014383373759024152,0,6.219331061263489e-05,"[[48, 168], [305, 431], [568, 691], [705, 831], [838, 976], [1022, 1140], [1273, 1466], [1606, 1728], [1933, 2050], [2075, 2193], [2515, 2633], [2694, 2826], [2975, 3092], [3150, 3292], [3506, 3631], [3659, 3781], [4028, 4149], [4240, 4365], [4678, 4807]]"
307,4864x896,1,0.6,4864,2918,117.71428571428571,3286.478609953724,3286.4808826783524,18,DP; rtol=1e-6,49d13118f7639cf7701ebdc5da2d9a8f43ebfc3e56c5c4c22a6d5bf65373419b,950268bb257438cf8666d50db7fb9a488f7a92802f8688fe738e5b8918ffdb64,2918,100.0,ok,3145.036201506853,0.9569623219154734,64.65946133449981,22,1,0.7142857142857082,7.191686879512076e-05,0,6.915374558547072e-05,"[[48, 168], [305, 431], [468, 586], [602, 723], [749, 867], [877, 998], [1022, 1140], [1184, 1308], [1327, 1466], [1607, 1728], [1934, 2057], [2075, 2193], [2515, 2633], [2694, 2900], [2975, 3092], [3150, 3292], [3418, 3631], [3749, 3909], [4028, 4149], [4240, 4365], [4502, 4622], [4678, 4807]]"
307,4864x896,1,0.7,4864,3404,117.71428571428571,3236.67740178289,3236.6799676264445,17,DP; rtol=1e-6,49d13118f7639cf7701ebdc5da2d9a8f43ebfc3e56c5c4c22a6d5bf65373419b,950268bb257438cf8666d50db7fb9a488f7a92802f8688fe738e5b8918ffdb64,3404,100.0,ok,3613.2154489457607,1.1163347471562841,74.28485703992514,25,1,0.7142857142857082,7.191686879512076e-05,0,7.927393441686803e-05,"[[48, 168], [239, 359], [383, 502], [535, 723], [749, 867], [877, 998], [1022, 1140], [1184, 1308], [1327, 1470], [1518, 1670], [1709, 1827], [1934, 2057], [2132, 2294], [2515, 2633], [2694, 2900], [2975, 3092], [3150, 3292], [3418, 3631], [3659, 3781], [3805, 3923], [4028, 4180], [4198, 4320], [4322, 4441], [4502, 4622], [4678, 4807]]"
307,4864x896,1,0.8,4864,3891,117.71428571428571,3190.5722521335997,3190.574312397979,16,DP; rtol=1e-6,49d13118f7639cf7701ebdc5da2d9a8f43ebfc3e56c5c4c22a6d5bf65373419b,950268bb257438cf8666d50db7fb9a488f7a92802f8688fe738e5b8918ffdb64,3891,100.0,ok,4071.282180249691,1.276035099198002,83.70234739732594,28,1,0.7142857142857082,7.191686879512076e-05,0,6.45734647641838e-05,"[[48, 203], [239, 359], [383, 586], [602, 726], [749, 867], [877, 1007], [1022, 1146], [1184, 1308], [1320, 1489], [1508, 1670], [1698, 1826], [1926, 2057], [2075, 2194], [2242, 2361], [2515, 2647], [2663, 2782], [2785, 2903], [2975, 3092], [3150, 3347], [3418, 3565], [3580, 3701], [3707, 3826], [3865, 3993], [4028, 4180], [4198, 4372], [4388, 4538], [4549, 4722], [4735, 4853]]"
307,4864x896,1,0.9,4864,4377,117.71428571428571,3135.0226024701433,3135.0244237055285,13,DP; rtol=1e-6,49d13118f7639cf7701ebdc5da2d9a8f43ebfc3e56c5c4c22a6d5bf65373419b,950268bb257438cf8666d50db7fb9a488f7a92802f8688fe738e5b8918ffdb64,4377,100.0,ok,4499.809571862221,1.4353356075700177,92.51253225162706,29,0,0.0,0.0,0,5.809318012195419e-05,"[[16, 203], [224, 359], [367, 572], [578, 696], [705, 831], [838, 1029], [1036, 1157], [1177, 1308], [1320, 1490], [1505, 1649], [1655, 1826], [1880, 2057], [2075, 2214], [2237, 2361], [2378, 2496], [2503, 2653], [2663, 2782], [2785, 2920], [2975, 3104], [3135, 3292], [3303, 3487], [3506, 3637], [3651, 3828], [3845, 3966], [3979, 4180], [4198, 4372], [4388, 4538], [4549, 4723], [4735, 4853]]"
321,4864x896,1,0.1,4864,486,117.71428571428571,5395.918747654974,5395.921209195247,21,DP; rtol=1e-6,49d13118f7639cf7701ebdc5da2d9a8f43ebfc3e56c5c4c22a6d5bf65373419b,950268bb257438cf8666d50db7fb9a488f7a92802f8688fe738e5b8918ffdb64,486,100.0,ok,864.9277942478657,0.16029296116138828,17.782232609116537,4,3,9.142857142857125,0.0009205359205775517,0,4.5618536248515085e-05,"[[426, 568], [2889, 3006], [3393, 3503], [4662, 4779]]"
321,4864x896,1,0.2,4864,972,117.71428571428571,4341.641916640484,4341.644301688959,20,DP; rtol=1e-6,49d13118f7639cf7701ebdc5da2d9a8f43ebfc3e56c5c4c22a6d5bf65373419b,950268bb257438cf8666d50db7fb9a488f7a92802f8688fe738e5b8918ffdb64,972,100.0,ok,1384.5004781484604,0.3188886842192117,28.464236799417368,8,2,1.4285714285714164,0.00014383373759024152,0,5.493422098323819e-05,"[[426, 568], [1083, 1203], [1506, 1624], [2888, 3006], [3367, 3487], [3823, 3940], [4379, 4496], [4573, 4693]]"
321,4864x896,1,0.3,4864,1459,117.71428571428571,3934.320488279494,3934.323198295504,19,DP; rtol=1e-6,49d13118f7639cf7701ebdc5da2d9a8f43ebfc3e56c5c4c22a6d5bf65373419b,950268bb257438cf8666d50db7fb9a488f7a92802f8688fe738e5b8918ffdb64,1459,100.0,ok,1883.2055948376656,0.47866095312972445,38.71722028231685,11,3,2.1428571428571246,0.00021575060638536226,0,6.888137739080591e-05,"[[426, 568], [1088, 1205], [1506, 1624], [2152, 2269], [2288, 2413], [2889, 3006], [3435, 3569], [3636, 3754], [3936, 4092], [4351, 4493], [4662, 4835]]"
321,4864x896,1,0.4,4864,1945,117.71428571428571,3699.926298012247,3699.9289477786424,18,DP; rtol=1e-6,49d13118f7639cf7701ebdc5da2d9a8f43ebfc3e56c5c4c22a6d5bf65373419b,950268bb257438cf8666d50db7fb9a488f7a92802f8688fe738e5b8918ffdb64,1945,100.0,ok,2360.1443014144897,0.6378895446329449,48.522703557386436,15,1,0.7142857142857082,7.191686879512076e-05,0,7.16166832614995e-05,"[[354, 571], [1081, 1203], [1506, 1624], [1675, 1793], [2152, 2269], [2288, 2413], [2690, 2812], [2886, 3006], [3429, 3575], [3636, 3754], [3822, 3940], [3980, 4098], [4349, 4496], [4573, 4693], [4725, 4844]]"
321,4864x896,1,0.5,4864,2432,117.71428571428571,3538.316458353928,3538.3187556926496,17,DP; rtol=1e-6,49d13118f7639cf7701ebdc5da2d9a8f43ebfc3e56c5c4c22a6d5bf65373419b,950268bb257438cf8666d50db7fb9a488f7a92802f8688fe738e5b8918ffdb64,2432,100.0,ok,2822.63438770175,0.7977337304122529,58.03113460615629,19,3,2.1428571428571246,0.00021575060638536226,0,6.492740989294532e-05,"[[318, 443], [452, 571], [1081, 1203], [1335, 1456], [1506, 1624], [1676, 1793], [2143, 2269], [2288, 2413], [2690, 2812], [2924, 3104], [3150, 3276], [3429, 3575], [3636, 3754], [3823, 3940], [3980, 4098], [4228, 4404], [4424, 4541], [4573, 4693], [4725, 4844]]"
321,4864x896,1,0.6,4864,2918,117.71428571428571,3418.913334962016,3418.9151849314335,17,DP; rtol=1e-6,49d13118f7639cf7701ebdc5da2d9a8f43ebfc3e56c5c4c22a6d5bf65373419b,950268bb257438cf8666d50db7fb9a488f7a92802f8688fe738e5b8918ffdb64,2918,100.0,ok,3271.771243453026,0.9569623219154735,67.265033777175,22,1,0.7142857142857082,7.191686879512076e-05,0,5.410983652254231e-05,"[[92, 235], [318, 487], [497, 615], [890, 1011], [1047, 1242], [1335, 1456], [1506, 1624], [1675, 1793], [2143, 2269], [2288, 2413], [2689, 2812], [2862, 2979], [2986, 3104], [3221, 3375], [3429, 3575], [3636, 3754], [3822, 3940], [3980, 4098], [4228, 4404], [4425, 4544], [4573, 4696], [4725, 4859]]"
321,4864x896,1,0.7,4864,3404,117.71428571428571,3321.850285847557,3321.8531841467366,16,DP; rtol=1e-6,49d13118f7639cf7701ebdc5da2d9a8f43ebfc3e56c5c4c22a6d5bf65373419b,950268bb257438cf8666d50db7fb9a488f7a92802f8688fe738e5b8918ffdb64,3404,100.0,ok,3709.2524872273207,1.1166224146314647,76.25930276778483,26,5,3.571428571428541,0.0003595843439756038,0,8.724946645166654e-05,"[[92, 235], [301, 418], [423, 542], [566, 684], [895, 1013], [1047, 1260], [1335, 1456], [1506, 1624], [1676, 1793], [1929, 2071], [2143, 2269], [2288, 2413], [2573, 2699], [2724, 2842], [2862, 2979], [2986, 3104], [3150, 3276], [3350, 3503], [3543, 3664], [3685, 3804], [3823, 3940], [3971, 4097], [4228, 4404], [4425, 4584], [4597, 4714], [4725, 4859]]"
321,4864x896,1,0.8,4864,3891,117.71428571428571,3239.5121252971653,3239.513967018718,14,DP; rtol=1e-6,49d13118f7639cf7701ebdc5da2d9a8f43ebfc3e56c5c4c22a6d5bf65373419b,950268bb257438cf8666d50db7fb9a488f7a92802f8688fe738e5b8918ffdb64,3891,100.0,ok,4133.964151725173,1.2761070160667969,84.99103928976041,29,2,1.4285714285714164,0.00014383373759024152,0,5.6851786156553175e-05,"[[66, 235], [301, 418], [423, 542], [566, 684], [720, 849], [890, 1011], [1036, 1155], [1162, 1289], [1335, 1456], [1494, 1640], [1675, 1793], [1878, 2006], [2067, 2213], [2230, 2359], [2375, 2493], [2546, 2700], [2724, 2842], [2861, 2979], [2996, 3153], [3215, 3333], [3350, 3503], [3543, 3664], [3685, 3804], [3824, 3952], [3971, 4164], [4228, 4404], [4425, 4584], [4597, 4714], [4725, 4860]]"
321,4864x896,1,0.9,4864,4377,117.71428571428571,3159.5550261063568,3159.5570300365325,16,DP; rtol=1e-6,49d13118f7639cf7701ebdc5da2d9a8f43ebfc3e56c5c4c22a6d5bf65373419b,950268bb257438cf8666d50db7fb9a488f7a92802f8688fe738e5b8918ffdb64,4377,100.0,ok,4535.021833047271,1.4353356075700177,93.2364685919187,31,0,0.0,0.0,0,6.342440275197703e-05,"[[4, 235], [265, 388], [400, 542], [564, 700], [720, 856], [890, 1025], [1036, 1155], [1162, 1302], [1309, 1461], [1494, 1658], [1675, 1793], [1803, 1947], [1954, 2072], [2106, 2224], [2230, 2363], [2375, 2493], [2506, 2647], [2668, 2837], [2861, 2979], [2996, 3139], [3150, 3331], [3350, 3503], [3519, 3664], [3676, 3806], [3824, 3963], [3971, 4164], [4182, 4321], [4335, 4453], [4456, 4584], [4596, 4714], [4725, 4860]]"
322,896x896,1,0.1,896,89,117.71428571428571,3501.1698274174737,3501.171845649247,22,DP; rtol=1e-6,49d13118f7639cf7701ebdc5da2d9a8f43ebfc3e56c5c4c22a6d5bf65373419b,950268bb257438cf8666d50db7fb9a488f7a92802f8688fe738e5b8918ffdb64,89,100.0,ok,112.30542594194412,0.032076543406288474,12.534087715067225,1,1,28.714285714285708,0.0028910581255638785,0,5.764446483480512e-05,"[[416, 505]]"
322,896x896,1,0.2,896,179,117.71428571428571,3632.502703952428,3632.50524346941,21,DP; rtol=1e-6,49d13118f7639cf7701ebdc5da2d9a8f43ebfc3e56c5c4c22a6d5bf65373419b,950268bb257438cf8666d50db7fb9a488f7a92802f8688fe738e5b8918ffdb64,179,100.0,ok,213.22390338778496,0.05869889736235621,23.797310642792002,1,0,0.0,0.0,0,6.9910896516312e-05,"[[470, 649]]"
322,896x896,1,0.3,896,268,117.71428571428571,3618.294437797261,3618.29690726647,18,DP; rtol=1e-6,49d13118f7639cf7701ebdc5da2d9a8f43ebfc3e56c5c4c22a6d5bf65373419b,950268bb257438cf8666d50db7fb9a488f7a92802f8688fe738e5b8918ffdb64,268,100.0,ok,317.9915728867054,0.08788438264308081,35.490130897812264,2,0,0.0,0.0,0,6.824949064787589e-05,"[[386, 509], [554, 699]]"
322,896x896,1,0.4,896,358,117.71428571428571,3612.6683479150315,3612.6712218548455,17,DP; rtol=1e-6,49d13118f7639cf7701ebdc5da2d9a8f43ebfc3e56c5c4c22a6d5bf65373419b,950268bb257438cf8666d50db7fb9a488f7a92802f8688fe738e5b8918ffdb64,358,100.0,ok,424.11929711699486,0.11739779472471243,47.33474297550976,3,0,0.0,0.0,0,7.955165686190924e-05,"[[41, 159], [386, 508], [531, 649]]"
322,896x896,1,0.5,896,448,117.71428571428571,3526.3667865808225,3526.3691548008483,19,DP; rtol=1e-6,49d13118f7639cf7701ebdc5da2d9a8f43ebfc3e56c5c4c22a6d5bf65373419b,950268bb257438cf8666d50db7fb9a488f7a92802f8688fe738e5b8918ffdb64,448,100.0,ok,518.062800258398,0.14691120680634404,57.819508949717836,3,0,0.0,0.0,0,6.715746202479167e-05,"[[42, 209], [386, 508], [554, 713]]"
322,896x896,1,0.6,896,537,117.71428571428571,3486.0787182815684,3486.0803983142823,19,DP; rtol=1e-6,49d13118f7639cf7701ebdc5da2d9a8f43ebfc3e56c5c4c22a6d5bf65373419b,950268bb257438cf8666d50db7fb9a488f7a92802f8688fe738e5b8918ffdb64,537,100.0,ok,613.8869306445122,0.17609669208706863,68.51416635745947,4,0,0.0,0.0,0,4.8192598045559976e-05,"[[31, 182], [386, 508], [527, 649], [690, 832]]"
322,896x896,1,0.7,896,627,117.71428571428571,3407.693128981098,3407.6959053290157,17,DP; rtol=1e-6,49d13118f7639cf7701ebdc5da2d9a8f43ebfc3e56c5c4c22a6d5bf65373419b,950268bb257438cf8666d50db7fb9a488f7a92802f8688fe738e5b8918ffdb64,627,100.0,ok,700.6561392247677,0.20561010416870024,78.19822981378886,5,0,0.0,0.0,0,8.14728776998841e-05,"[[31, 158], [169, 292], [386, 508], [527, 649], [690, 823]]"
322,896x896,1,0.8,896,716,117.71428571428571,3334.4031878060337,3334.4060583159153,17,DP; rtol=1e-6,49d13118f7639cf7701ebdc5da2d9a8f43ebfc3e56c5c4c22a6d5bf65373419b,950268bb257438cf8666d50db7fb9a488f7a92802f8688fe738e5b8918ffdb64,716,100.0,ok,782.9031619429588,0.23479558944942483,87.37758502665142,5,0,0.0,0.0,0,8.6087591955053e-05,"[[18, 182], [205, 338], [386, 508], [527, 649], [670, 845]]"
322,896x896,1,0.9,896,806,117.71428571428571,3212.9815539939273,3212.9832511838604,16,DP; rtol=1e-6,49d13118f7639cf7701ebdc5da2d9a8f43ebfc3e56c5c4c22a6d5bf65373419b,950268bb257438cf8666d50db7fb9a488f7a92802f8688fe738e5b8918ffdb64,806,100.0,ok,849.2199464738369,0.2643090015310564,94.77901187063075,5,0,0.0,0.0,0,5.2822868978896764e-05,"[[0, 194], [205, 351], [373, 508], [527, 649], [670, 879]]"
323,896x128,1,0.1,896,89,824.0,7618.506161419667,7618.510553069304,22,DP; rtol=1e-6,49d13118f7639cf7701ebdc5da2d9a8f43ebfc3e56c5c4c22a6d5bf65373419b,950268bb257438cf8666d50db7fb9a488f7a92802f8688fe738e5b8918ffdb64,89,100.0,ok,112.30542594194412,0.014741134752986355,12.534087715067225,1,1,735.0,0.010571779712882841,0,5.764446483480512e-05,"[[416, 505]]"
323,896x128,1,0.2,896,179,824.0,12071.897260863268,12071.90570044077,21,DP; rtol=1e-6,49d13118f7639cf7701ebdc5da2d9a8f43ebfc3e56c5c4c22a6d5bf65373419b,950268bb257438cf8666d50db7fb9a488f7a92802f8688fe738e5b8918ffdb64,179,100.0,ok,213.22390338778496,0.01766283284062154,23.797310642792002,1,1,645.0,0.009277276074570656,0,6.9910896516312e-05,"[[470, 649]]"
323,896x128,1,0.3,896,268,824.0,15084.842100569418,15084.855250501612,20,DP; rtol=1e-6,49d13118f7639cf7701ebdc5da2d9a8f43ebfc3e56c5c4c22a6d5bf65373419b,950268bb257438cf8666d50db7fb9a488f7a92802f8688fe738e5b8918ffdb64,268,100.0,ok,310.0246948301792,0.0205520676161719,34.60097040055041,1,1,556.0,0.007997155810017496,0,8.717307509176209e-05,"[[381, 649]]"
323,896x128,1,0.4,896,358,824.0,16835.838479989703,16835.848777435796,20,DP; rtol=1e-6,49d13118f7639cf7701ebdc5da2d9a8f43ebfc3e56c5c4c22a6d5bf65373419b,950268bb257438cf8666d50db7fb9a488f7a92802f8688fe738e5b8918ffdb64,358,100.0,ok,395.20052790641785,0.023473765703807083,44.107201769401556,1,1,466.0,0.006702652171705311,0,6.116380724119352e-05,"[[372, 730]]"
323,896x128,1,0.5,896,448,824.0,18501.11775812917,18501.132938138973,19,DP; rtol=1e-6,49d13118f7639cf7701ebdc5da2d9a8f43ebfc3e56c5c4c22a6d5bf65373419b,950268bb257438cf8666d50db7fb9a488f7a92802f8688fe738e5b8918ffdb64,448,100.0,ok,488.3455838859081,0.026395463791442274,54.502855337157996,1,1,376.0,0.005408148533393127,0,8.204908236164599e-05,"[[385, 833]]"
323,896x128,1,0.6,896,537,824.0,19163.351772812308,19163.363688098703,19,DP; rtol=1e-6,49d13118f7639cf7701ebdc5da2d9a8f43ebfc3e56c5c4c22a6d5bf65373419b,950268bb257438cf8666d50db7fb9a488f7a92802f8688fe738e5b8918ffdb64,537,100.0,ok,561.1929802000523,0.029284698566992628,62.63314510327988,1,1,287.0,0.0041280282688399665,0,6.217742661851489e-05,"[[287, 824]]"
323,896x128,1,0.7,896,627,824.0,20226.628232578307,20226.644325693684,18,DP; rtol=1e-6,49d13118f7639cf7701ebdc5da2d9a8f43ebfc3e56c5c4c22a6d5bf65373419b,950268bb257438cf8666d50db7fb9a488f7a92802f8688fe738e5b8918ffdb64,627,100.0,ok,651.4268118441105,0.032206396654627815,72.7038852407858,1,1,197.0,0.002833524630527782,0,7.956394109109866e-05,"[[27, 654]]"
323,896x128,1,0.8,896,716,824.0,21035.346905714257,21035.366215166297,17,DP; rtol=1e-6,49d13118f7639cf7701ebdc5da2d9a8f43ebfc3e56c5c4c22a6d5bf65373419b,950268bb257438cf8666d50db7fb9a488f7a92802f8688fe738e5b8918ffdb64,716,100.0,ok,738.2487820088863,0.035095631430178166,82.39383726681531,1,1,108.0,0.0015534043659746217,0,9.179517885815613e-05,"[[42, 758]]"
323,896x128,1,0.9,896,806,824.0,21825.419986218538,21825.433702801325,16,DP; rtol=1e-6,49d13118f7639cf7701ebdc5da2d9a8f43ebfc3e56c5c4c22a6d5bf65373419b,950268bb257438cf8666d50db7fb9a488f7a92802f8688fe738e5b8918ffdb64,806,100.0,ok,829.7441834807396,0.03801732951781336,92.60537760829747,1,1,18.0,0.00025890072766243693,0,6.284678222279183e-05,"[[27, 833]]"
326,896x4864,1,0.1,896,89,21.68421052631579,732.6743829940702,732.67476644111,20,DP; rtol=1e-6,49d13118f7639cf7701ebdc5da2d9a8f43ebfc3e56c5c4c22a6d5bf65373419b,950268bb257438cf8666d50db7fb9a488f7a92802f8688fe738e5b8918ffdb64,89,100.0,ok,116.35562256351113,0.15880945924166812,12.986118603013669,4,1,0.6842105263157912,0.0003739677177346321,0,5.233523212577751e-05,"[[53, 77], [433, 455], [483, 504], [557, 579]]"
326,896x4864,1,0.2,896,179,21.68421052631579,690.5020089428683,690.5023585953638,16,DP; rtol=1e-6,49d13118f7639cf7701ebdc5da2d9a8f43ebfc3e56c5c4c22a6d5bf65373419b,950268bb257438cf8666d50db7fb9a488f7a92802f8688fe738e5b8918ffdb64,179,100.0,ok,220.2874895967543,0.3190251248276683,24.585657346314555,8,1,0.6842105263157912,0.0003739677177346321,0,5.063740784461146e-05,"[[53, 79], [327, 349], [433, 455], [482, 504], [530, 552], [557, 579], [686, 707], [757, 779]]"
326,896x4864,1,0.3,896,268,21.68421052631579,665.7737822061905,665.7742467006676,18,DP; rtol=1e-6,49d13118f7639cf7701ebdc5da2d9a8f43ebfc3e56c5c4c22a6d5bf65373419b,950268bb257438cf8666d50db7fb9a488f7a92802f8688fe738e5b8918ffdb64,268,100.0,ok,318.12973830476403,0.47783458406933643,35.50555118654768,12,2,1.3684210526315823,0.0007479354354692642,0,6.976756451448907e-05,"[[14, 36], [53, 78], [327, 349], [433, 455], [482, 504], [530, 552], [557, 579], [640, 663], [686, 707], [720, 742], [755, 779], [780, 801]]"
326,896x4864,1,0.4,896,358,21.68421052631579,649.5102860109714,649.5105865104514,18,DP; rtol=1e-6,49d13118f7639cf7701ebdc5da2d9a8f43ebfc3e56c5c4c22a6d5bf65373419b,950268bb257438cf8666d50db7fb9a488f7a92802f8688fe738e5b8918ffdb64,358,100.0,ok,414.4202001430094,0.6380502496553366,46.252254527745315,16,2,1.3684210526315823,0.0007479354354692642,0,4.6265524566990734e-05,"[[14, 36], [53, 78], [153, 176], [208, 233], [327, 349], [366, 388], [433, 455], [482, 504], [530, 552], [557, 579], [589, 612], [641, 663], [686, 707], [720, 742], [757, 779], [780, 801]]"
326,896x4864,1,0.5,896,448,21.68421052631579,635.8157521730088,635.8160465924223,16,DP; rtol=1e-6,49d13118f7639cf7701ebdc5da2d9a8f43ebfc3e56c5c4c22a6d5bf65373419b,950268bb257438cf8666d50db7fb9a488f7a92802f8688fe738e5b8918ffdb64,448,100.0,ok,507.3122687675059,0.797891947523602,56.61967291166182,19,1,0.6842105263157912,0.0003739677177346321,0,4.6305753842457165e-05,"[[14, 36], [53, 86], [153, 176], [208, 233], [239, 264], [327, 349], [363, 388], [407, 430], [433, 455], [482, 504], [530, 552], [557, 579], [584, 612], [640, 663], [686, 707], [720, 742], [755, 779], [780, 802], [856, 878]]"
326,896x4864,1,0.6,896,537,21.68421052631579,621.8559101777007,621.8562356336978,18,DP; rtol=1e-6,49d13118f7639cf7701ebdc5da2d9a8f43ebfc3e56c5c4c22a6d5bf65373419b,950268bb257438cf8666d50db7fb9a488f7a92802f8688fe738e5b8918ffdb64,537,100.0,ok,594.4653160013258,0.9559534713298009,66.34657551471112,22,0,0.0,0.0,0,5.233621188649451e-05,"[[13, 36], [53, 86], [121, 143], [153, 176], [208, 233], [239, 264], [327, 349], [363, 388], [407, 430], [433, 455], [483, 509], [530, 552], [557, 579], [584, 612], [640, 663], [669, 691], [695, 717], [720, 742], [754, 779], [780, 802], [815, 837], [858, 896]]"
326,896x4864,1,0.7,896,627,21.68421052631579,607.2986045670874,607.2990192881084,17,DP; rtol=1e-6,49d13118f7639cf7701ebdc5da2d9a8f43ebfc3e56c5c4c22a6d5bf65373419b,950268bb257438cf8666d50db7fb9a488f7a92802f8688fe738e5b8918ffdb64,627,100.0,ok,677.8479593098164,1.116169136915801,75.6526741078049,25,0,0.0,0.0,0,6.828942709091734e-05,"[[13, 36], [45, 68], [70, 92], [121, 143], [152, 177], [205, 242], [250, 274], [323, 349], [363, 388], [392, 421], [424, 455], [468, 490], [493, 518], [530, 552], [554, 579], [584, 617], [640, 663], [669, 691], [695, 718], [720, 742], [754, 779], [781, 811], [814, 837], [850, 872], [873, 896]]"
326,896x4864,1,0.8,896,716,21.68421052631579,593.8698388149264,593.8703074620294,16,DP; rtol=1e-6,49d13118f7639cf7701ebdc5da2d9a8f43ebfc3e56c5c4c22a6d5bf65373419b,950268bb257438cf8666d50db7fb9a488f7a92802f8688fe738e5b8918ffdb64,716,100.0,ok,756.9492452442646,1.274604628439735,84.48094263634076,26,0,0.0,0.0,0,7.891404858462181e-05,"[[3, 36], [45, 68], [70, 107], [117, 143], [152, 182], [205, 244], [250, 274], [280, 314], [323, 349], [363, 388], [392, 421], [424, 455], [458, 490], [493, 518], [528, 552], [554, 579], [584, 617], [635, 663], [669, 691], [695, 718], [720, 742], [754, 779], [781, 811], [814, 839], [850, 872], [873, 896]]"
326,896x4864,1,0.9,896,806,21.68421052631579,580.8262000397144,580.826528229178,15,DP; rtol=1e-6,49d13118f7639cf7701ebdc5da2d9a8f43ebfc3e56c5c4c22a6d5bf65373419b,950268bb257438cf8666d50db7fb9a488f7a92802f8688fe738e5b8918ffdb64,806,100.0,ok,833.3812191188335,1.4348202940257353,93.01129687217343,29,0,0.0,0.0,0,5.6503869516610905e-05,"[[0, 40], [45, 79], [80, 107], [117, 143], [145, 184], [188, 210], [212, 246], [249, 274], [280, 316], [320, 351], [353, 390], [392, 421], [424, 463], [465, 490], [493, 518], [526, 552], [553, 579], [584, 607], [609, 633], [635, 663], [669, 691], [695, 718], [719, 743], [745, 770], [771, 796], [798, 822], [823, 845], [850, 872], [873, 896]]"
336,896x896,2,0.1,896,89,117.71428571428571,3761.910402419462,3761.9139161354874,21,DP; rtol=1e-6,49d13118f7639cf7701ebdc5da2d9a8f43ebfc3e56c5c4c22a6d5bf65373419b,950268bb257438cf8666d50db7fb9a488f7a92802f8688fe738e5b8918ffdb64,89,100.0,ok,120.66908231377602,0.032076543406288474,13.467531508905855,1,1,28.714285714285708,0.0028910581255638785,0,9.340235059829283e-05,"[[483, 572]]"
336,896x896,2,0.2,896,179,117.71428571428571,3776.4761968771154,3776.478300594308,21,DP; rtol=1e-6,49d13118f7639cf7701ebdc5da2d9a8f43ebfc3e56c5c4c22a6d5bf65373419b,950268bb257438cf8666d50db7fb9a488f7a92802f8688fe738e5b8918ffdb64,179,100.0,ok,243.13078378140926,0.0643803299971708,27.13513211981469,2,2,56.428571428571416,0.005681432634814587,0,5.570579321156899e-05,"[[11, 86], [483, 587]]"
336,896x896,2,0.3,896,268,117.71428571428571,3664.677230217467,3664.680023771991,18,DP; rtol=1e-6,49d13118f7639cf7701ebdc5da2d9a8f43ebfc3e56c5c4c22a6d5bf65373419b,950268bb257438cf8666d50db7fb9a488f7a92802f8688fe738e5b8918ffdb64,268,100.0,ok,353.483307659626,0.09645687340345928,39.45126201755157,3,3,85.14285714285712,0.008572490760378465,0,7.622915250138362e-05,"[[35, 86], [483, 585], [670, 785]]"
336,896x896,2,0.4,896,358,117.71428571428571,3651.2426789886918,3651.244778156806,19,DP; rtol=1e-6,49d13118f7639cf7701ebdc5da2d9a8f43ebfc3e56c5c4c22a6d5bf65373419b,950268bb257438cf8666d50db7fb9a488f7a92802f8688fe738e5b8918ffdb64,358,100.0,ok,428.6478385180235,0.11739779472471243,47.84016055127341,3,0,0.0,0.0,0,5.749184844860977e-05,"[[14, 133], [483, 603], [670, 789]]"
336,896x896,2,0.5,896,448,117.71428571428571,3537.3677096053016,3537.3707870562357,15,DP; rtol=1e-6,49d13118f7639cf7701ebdc5da2d9a8f43ebfc3e56c5c4c22a6d5bf65373419b,950268bb257438cf8666d50db7fb9a488f7a92802f8688fe738e5b8918ffdb64,448,100.0,ok,528.2775577753782,0.14934199697161912,58.959548861800805,4,3,24.142857142857125,0.0024307901652751004,0,8.699825716496079e-05,"[[13, 108], [315, 432], [483, 602], [670, 787]]"
336,896x896,2,0.6,896,537,117.71428571428571,3464.412556774823,3464.4142838135585,19,DP; rtol=1e-6,49d13118f7639cf7701ebdc5da2d9a8f43ebfc3e56c5c4c22a6d5bf65373419b,950268bb257438cf8666d50db7fb9a488f7a92802f8688fe738e5b8918ffdb64,537,100.0,ok,610.0715912729502,0.17609669208706863,68.0883472436817,4,0,0.0,0.0,0,4.985081443198425e-05,"[[8, 126], [315, 440], [483, 603], [670, 844]]"
336,896x896,2,0.7,896,627,117.71428571428571,3375.0386221396056,3375.0413869414547,17,DP; rtol=1e-6,49d13118f7639cf7701ebdc5da2d9a8f43ebfc3e56c5c4c22a6d5bf65373419b,950268bb257438cf8666d50db7fb9a488f7a92802f8688fe738e5b8918ffdb64,627,100.0,ok,697.5828758180141,0.20668885720062707,77.85523168000202,5,1,10.714285714285708,0.00107875303192682,0,8.191905023213764e-05,"[[8, 115], [146, 264], [315, 440], [483, 602], [670, 828]]"
336,896x896,2,0.8,896,716,117.71428571428571,3308.7084787322165,3308.7106558901824,14,DP; rtol=1e-6,49d13118f7639cf7701ebdc5da2d9a8f43ebfc3e56c5c4c22a6d5bf65373419b,950268bb257438cf8666d50db7fb9a488f7a92802f8688fe738e5b8918ffdb64,716,100.0,ok,777.1081095337868,0.23486750631821995,86.73081580050876,5,1,0.7142857142857082,7.191686879512076e-05,0,6.580079651152815e-05,"[[8, 125], [146, 264], [315, 469], [483, 602], [670, 878]]"
336,896x896,2,0.9,896,806,117.71428571428571,3204.8459096562215,3204.8483445976917,16,DP; rtol=1e-6,49d13118f7639cf7701ebdc5da2d9a8f43ebfc3e56c5c4c22a6d5bf65373419b,950268bb257438cf8666d50db7fb9a488f7a92802f8688fe738e5b8918ffdb64,806,100.0,ok,847.0696224421263,0.26430900153105646,94.53902036656122,6,0,0.0,0.0,0,7.59768079006129e-05,"[[3, 147], [153, 273], [312, 470], [483, 612], [633, 758], [766, 896]]"
337,896x128,2,0.1,896,89,824.0,8185.874719673809,8185.882365480355,21,DP; rtol=1e-6,49d13118f7639cf7701ebdc5da2d9a8f43ebfc3e56c5c4c22a6d5bf65373419b,950268bb257438cf8666d50db7fb9a488f7a92802f8688fe738e5b8918ffdb64,89,100.0,ok,120.66908231377602,0.014741134752986355,13.467531508905855,1,1,735.0,0.010571779712882841,0,9.34023505871906e-05,"[[483, 572]]"
337,896x128,2,0.2,896,179,824.0,11516.233413510849,11516.240854049505,21,DP; rtol=1e-6,49d13118f7639cf7701ebdc5da2d9a8f43ebfc3e56c5c4c22a6d5bf65373419b,950268bb257438cf8666d50db7fb9a488f7a92802f8688fe738e5b8918ffdb64,179,100.0,ok,203.40930573642254,0.01766283284062154,22.70193144492981,1,1,645.0,0.009277276074570656,0,6.460909207639531e-05,"[[424, 603]]"
337,896x128,2,0.3,896,268,824.0,14218.048296279754,14218.060873320062,20,DP; rtol=1e-6,49d13118f7639cf7701ebdc5da2d9a8f43ebfc3e56c5c4c22a6d5bf65373419b,950268bb257438cf8666d50db7fb9a488f7a92802f8688fe738e5b8918ffdb64,268,100.0,ok,292.21028995513916,0.0205520676161719,32.61275557697748,1,1,556.0,0.007997155810017496,0,8.84581970783671e-05,"[[476, 744]]"
337,896x128,2,0.4,896,358,824.0,16278.727978246698,16278.738163550013,20,DP; rtol=1e-6,49d13118f7639cf7701ebdc5da2d9a8f43ebfc3e56c5c4c22a6d5bf65373419b,950268bb257438cf8666d50db7fb9a488f7a92802f8688fe738e5b8918ffdb64,358,100.0,ok,382.12304651737213,0.023473765703807083,42.64766144379879,1,1,466.0,0.006702652171705311,0,6.256813773752867e-05,"[[426, 784]]"
337,896x128,2,0.5,896,448,824.0,17590.91042969415,17590.926965945182,19,DP; rtol=1e-6,49d13118f7639cf7701ebdc5da2d9a8f43ebfc3e56c5c4c22a6d5bf65373419b,950268bb257438cf8666d50db7fb9a488f7a92802f8688fe738e5b8918ffdb64,448,100.0,ok,464.3202393054962,0.026395463791442274,51.82145528221677,1,1,376.0,0.005408148533393127,0,9.400443230500599e-05,"[[404, 852]]"
337,896x128,2,0.6,896,537,824.0,18934.535675149353,18934.54810763421,19,DP; rtol=1e-6,49d13118f7639cf7701ebdc5da2d9a8f43ebfc3e56c5c4c22a6d5bf65373419b,950268bb257438cf8666d50db7fb9a488f7a92802f8688fe738e5b8918ffdb64,537,100.0,ok,554.492169752717,0.029284698566992628,61.88528680584619,1,1,287.0,0.0041280282688399665,0,6.566031989230225e-05,"[[45, 582]]"
337,896x128,2,0.7,896,627,824.0,19650.049605482112,19650.06848860863,18,DP; rtol=1e-6,49d13118f7639cf7701ebdc5da2d9a8f43ebfc3e56c5c4c22a6d5bf65373419b,950268bb257438cf8666d50db7fb9a488f7a92802f8688fe738e5b8918ffdb64,627,100.0,ok,632.8572918772697,0.032206396654627815,70.63139418625497,1,1,197.0,0.002833524630527782,0,9.609700103441199e-05,"[[221, 848]]"
337,896x128,2,0.8,896,716,824.0,20658.509128081285,20658.520854150276,18,DP; rtol=1e-6,49d13118f7639cf7701ebdc5da2d9a8f43ebfc3e56c5c4c22a6d5bf65373419b,950268bb257438cf8666d50db7fb9a488f7a92802f8688fe738e5b8918ffdb64,716,100.0,ok,725.0234222561121,0.035095631430178166,80.91779266654969,1,1,108.0,0.0015534043659746217,0,5.6761416145079124e-05,"[[44, 760]]"
337,896x128,2,0.9,896,806,824.0,21475.68061795218,21475.701372617354,16,DP; rtol=1e-6,49d13118f7639cf7701ebdc5da2d9a8f43ebfc3e56c5c4c22a6d5bf65373419b,950268bb257438cf8666d50db7fb9a488f7a92802f8688fe738e5b8918ffdb64,806,100.0,ok,816.4480266720057,0.03801732951781336,91.12143155276117,1,1,18.0,0.00025890072766243693,0,9.6642548774728e-05,"[[45, 851]]"
340,896x4864,2,0.1,896,89,21.68421052631579,800.0223122400312,800.022650598633,20,DP; rtol=1e-6,49d13118f7639cf7701ebdc5da2d9a8f43ebfc3e56c5c4c22a6d5bf65373419b,950268bb257438cf8666d50db7fb9a488f7a92802f8688fe738e5b8918ffdb64,89,100.0,ok,126.75192826986313,0.1584354915239335,14.146420564421344,4,0,0.0,0.0,0,4.229362776664303e-05,"[[475, 497], [527, 550], [669, 691], [822, 844]]"
340,896x4864,2,0.2,896,179,21.68421052631579,712.6123703969159,712.612731163015,19,DP; rtol=1e-6,49d13118f7639cf7701ebdc5da2d9a8f43ebfc3e56c5c4c22a6d5bf65373419b,950268bb257438cf8666d50db7fb9a488f7a92802f8688fe738e5b8918ffdb64,179,100.0,ok,227.3412504196167,0.3190251248276683,25.372907410371823,8,1,0.6842105263157912,0.0003739677177346321,0,5.0625828496020375e-05,"[[53, 77], [314, 338], [418, 440], [475, 497], [527, 549], [670, 691], [765, 787], [822, 844]]"
340,896x4864,2,0.3,896,268,21.68421052631579,670.9432059389591,670.9435441833816,18,DP; rtol=1e-6,49d13118f7639cf7701ebdc5da2d9a8f43ebfc3e56c5c4c22a6d5bf65373419b,950268bb257438cf8666d50db7fb9a488f7a92802f8688fe738e5b8918ffdb64,268,100.0,ok,320.34895664453506,0.47746061635160175,35.753231764795665,11,1,0.6842105263157912,0.0003739677177346321,0,5.041324646626322e-05,"[[53, 86], [102, 126], [156, 178], [314, 338], [418, 440], [483, 508], [527, 550], [670, 691], [714, 744], [765, 787], [822, 844]]"
340,896x4864,2,0.4,896,358,21.68421052631579,646.1781857600412,646.1787017744159,17,DP; rtol=1e-6,49d13118f7639cf7701ebdc5da2d9a8f43ebfc3e56c5c4c22a6d5bf65373419b,950268bb257438cf8666d50db7fb9a488f7a92802f8688fe738e5b8918ffdb64,358,100.0,ok,411.8108531832695,0.6373023142198673,45.96103271676084,15,0,0.0,0.0,0,7.985629568718622e-05,"[[53, 86], [102, 126], [156, 178], [313, 338], [363, 389], [418, 440], [483, 508], [527, 550], [557, 579], [591, 613], [667, 691], [708, 730], [736, 759], [765, 787], [821, 844]]"
340,896x4864,2,0.5,896,448,21.68421052631579,628.4768860219501,628.4774355176419,16,DP; rtol=1e-6,49d13118f7639cf7701ebdc5da2d9a8f43ebfc3e56c5c4c22a6d5bf65373419b,950268bb257438cf8666d50db7fb9a488f7a92802f8688fe738e5b8918ffdb64,448,100.0,ok,501.4566465616226,0.797891947523602,55.96614358388225,19,1,0.6842105263157912,0.0003739677177346321,0,8.743284336532042e-05,"[[10, 32], [37, 59], [65, 86], [102, 126], [157, 191], [221, 243], [313, 338], [361, 389], [418, 440], [483, 508], [527, 550], [557, 579], [591, 613], [667, 691], [708, 730], [736, 759], [765, 787], [793, 815], [821, 844]]"
340,896x4864,2,0.6,896,537,21.68421052631579,614.1043350436336,614.104874821485,15,DP; rtol=1e-6,49d13118f7639cf7701ebdc5da2d9a8f43ebfc3e56c5c4c22a6d5bf65373419b,950268bb257438cf8666d50db7fb9a488f7a92802f8688fe738e5b8918ffdb64,537,100.0,ok,587.284826040268,0.9563274390475357,65.54518147116808,22,1,0.6842105263157912,0.0003739677177346321,0,8.789668892728031e-05,"[[10, 32], [37, 59], [65, 86], [100, 127], [157, 191], [221, 246], [313, 338], [361, 389], [418, 440], [448, 470], [482, 508], [527, 550], [557, 579], [590, 616], [631, 653], [660, 691], [708, 730], [736, 763], [765, 787], [793, 815], [821, 844], [855, 878]]"
340,896x4864,2,0.7,896,627,21.68421052631579,601.3913461122405,601.3917275618728,17,DP; rtol=1e-6,49d13118f7639cf7701ebdc5da2d9a8f43ebfc3e56c5c4c22a6d5bf65373419b,950268bb257438cf8666d50db7fb9a488f7a92802f8688fe738e5b8918ffdb64,627,100.0,ok,671.2544597387314,1.1161691369158013,74.91679237407931,22,0,0.0,0.0,0,6.342781498913652e-05,"[[10, 32], [37, 59], [65, 87], [100, 143], [156, 191], [221, 264], [313, 338], [361, 389], [398, 440], [448, 478], [482, 508], [527, 550], [555, 579], [590, 617], [631, 653], [660, 691], [694, 729], [736, 763], [765, 787], [793, 816], [820, 852], [855, 878]]"
340,896x4864,2,0.8,896,716,21.68421052631579,590.4448256180273,590.445245093639,16,DP; rtol=1e-6,49d13118f7639cf7701ebdc5da2d9a8f43ebfc3e56c5c4c22a6d5bf65373419b,950268bb257438cf8666d50db7fb9a488f7a92802f8688fe738e5b8918ffdb64,716,100.0,ok,752.5837075710297,1.2746046284397348,83.99371735445686,26,0,0.0,0.0,0,7.104394779133827e-05,"[[1, 32], [37, 59], [65, 87], [95, 133], [137, 163], [165, 193], [221, 246], [256, 286], [296, 324], [328, 350], [353, 389], [398, 440], [448, 478], [482, 508], [515, 542], [548, 585], [590, 617], [631, 653], [656, 679], [680, 705], [708, 730], [736, 763], [765, 787], [793, 816], [820, 852], [855, 878]]"
340,896x4864,2,0.9,896,806,21.68421052631579,578.5672405259568,578.5675451723167,15,DP; rtol=1e-6,49d13118f7639cf7701ebdc5da2d9a8f43ebfc3e56c5c4c22a6d5bf65373419b,950268bb257438cf8666d50db7fb9a488f7a92802f8688fe738e5b8918ffdb64,806,100.0,ok,830.1400181651115,1.434820294025735,92.64955558953977,30,0,0.0,0.0,0,5.2655279836333335e-05,"[[1, 32], [35, 59], [65, 89], [92, 127], [128, 151], [153, 180], [186, 209], [221, 248], [250, 276], [279, 301], [302, 325], [328, 351], [352, 394], [398, 440], [442, 479], [482, 508], [511, 542], [548, 575], [576, 600], [601, 628], [631, 654], [656, 679], [680, 705], [708, 733], [736, 763], [764, 787], [791, 816], [818, 841], [842, 867], [868, 891]]"
342,4864x896,2,0.1,4864,486,117.71428571428571,3559.082695337109,3559.0857651365404,20,DP; rtol=1e-6,49d13118f7639cf7701ebdc5da2d9a8f43ebfc3e56c5c4c22a6d5bf65373419b,950268bb257438cf8666d50db7fb9a488f7a92802f8688fe738e5b8918ffdb64,486,100.0,ok,567.4755988717079,0.1594443421096058,11.666850302212104,4,1,0.7142857142857082,7.191686879512076e-05,0,8.625247139848469e-05,"[[218, 336], [2842, 2966], [3042, 3169], [3989, 4106]]"
342,4864x896,2,0.2,4864,972,117.71428571428571,3437.8842824255257,3437.8873554544134,18,DP; rtol=1e-6,49d13118f7639cf7701ebdc5da2d9a8f43ebfc3e56c5c4c22a6d5bf65373419b,950268bb257438cf8666d50db7fb9a488f7a92802f8688fe738e5b8918ffdb64,972,100.0,ok,1095.8079115748405,0.31874485048162143,22.528945543636723,8,0,0.0,0.0,0,8.938713139672316e-05,"[[65, 184], [217, 336], [668, 797], [1330, 1451], [2842, 2966], [3042, 3166], [3291, 3409], [3990, 4108]]"
342,4864x896,2,0.3,4864,1459,117.71428571428571,3377.9582490209855,3377.9611325419264,19,DP; rtol=1e-6,49d13118f7639cf7701ebdc5da2d9a8f43ebfc3e56c5c4c22a6d5bf65373419b,950268bb257438cf8666d50db7fb9a488f7a92802f8688fe738e5b8918ffdb64,1459,100.0,ok,1616.4108507484198,0.47851711939213426,33.232130967478916,12,1,0.7142857142857082,7.191686879512076e-05,0,8.536276255854958e-05,"[[65, 184], [217, 336], [668, 797], [1330, 1451], [1968, 2086], [2203, 2321], [2506, 2623], [2842, 2966], [3042, 3182], [3291, 3409], [3568, 3686], [3990, 4108]]"
342,4864x896,2,0.4,4864,1945,117.71428571428571,3333.2457859526107,3333.2487773311614,18,DP; rtol=1e-6,49d13118f7639cf7701ebdc5da2d9a8f43ebfc3e56c5c4c22a6d5bf65373419b,950268bb257438cf8666d50db7fb9a488f7a92802f8688fe738e5b8918ffdb64,1945,100.0,ok,2126.4823531508446,0.6379614615017403,43.71879836566403,15,2,1.4285714285714164,0.00014383373759024152,0,8.974363302494126e-05,"[[65, 184], [209, 336], [489, 617], [668, 797], [847, 967], [1330, 1451], [1968, 2147], [2203, 2321], [2528, 2689], [2842, 2966], [3042, 3182], [3291, 3409], [3486, 3613], [3637, 3754], [3989, 4106]]"
342,4864x896,2,0.5,4864,2432,117.71428571428571,3291.8344553429106,3291.836606177906,17,DP; rtol=1e-6,49d13118f7639cf7701ebdc5da2d9a8f43ebfc3e56c5c4c22a6d5bf65373419b,950268bb257438cf8666d50db7fb9a488f7a92802f8688fe738e5b8918ffdb64,2432,100.0,ok,2625.533903107047,0.7975898966746628,53.97890424158598,18,1,0.7142857142857082,7.191686879512076e-05,0,6.533844940648237e-05,"[[50, 184], [209, 336], [449, 617], [668, 797], [847, 969], [1330, 1451], [1968, 2147], [2203, 2321], [2509, 2693], [2805, 2923], [2960, 3087], [3108, 3240], [3276, 3398], [3486, 3613], [3643, 3797], [3999, 4125], [4403, 4520], [4585, 4712]]"
342,4864x896,2,0.6,4864,2918,117.71428571428571,3253.3545245063715,3253.356719042099,15,DP; rtol=1e-6,49d13118f7639cf7701ebdc5da2d9a8f43ebfc3e56c5c4c22a6d5bf65373419b,950268bb257438cf8666d50db7fb9a488f7a92802f8688fe738e5b8918ffdb64,2918,100.0,ok,3113.3376997858286,0.9569623219154735,64.00776518999952,21,1,0.7142857142857082,7.191686879512076e-05,0,6.745450674694453e-05,"[[1, 184], [209, 343], [449, 617], [668, 797], [847, 969], [1085, 1286], [1330, 1451], [1479, 1631], [1968, 2147], [2203, 2321], [2496, 2621], [2651, 2780], [2805, 2923], [2960, 3087], [3108, 3243], [3276, 3398], [3486, 3613], [3639, 3797], [3999, 4125], [4403, 4520], [4585, 4712]]"
342,4864x896,2,0.7,4864,3404,117.71428571428571,3219.4485466575225,3219.4504411891403,18,DP; rtol=1e-6,49d13118f7639cf7701ebdc5da2d9a8f43ebfc3e56c5c4c22a6d5bf65373419b,950268bb257438cf8666d50db7fb9a488f7a92802f8688fe738e5b8918ffdb64,3404,100.0,ok,3593.982279315591,1.116334747156284,73.8894382858874,25,1,0.7142857142857082,7.191686879512076e-05,0,5.884642899633974e-05,"[[1, 197], [209, 345], [430, 617], [668, 797], [847, 969], [1085, 1286], [1330, 1451], [1479, 1631], [1685, 1804], [1868, 1994], [2003, 2147], [2203, 2321], [2496, 2621], [2650, 2780], [2805, 2923], [2960, 3087], [3108, 3243], [3276, 3398], [3486, 3613], [3637, 3797], [3999, 4125], [4250, 4368], [4403, 4520], [4585, 4712], [4734, 4855]]"
342,4864x896,2,0.8,4864,3891,117.71428571428571,3184.4273707991674,3184.429136528912,17,DP; rtol=1e-6,49d13118f7639cf7701ebdc5da2d9a8f43ebfc3e56c5c4c22a6d5bf65373419b,950268bb257438cf8666d50db7fb9a488f7a92802f8688fe738e5b8918ffdb64,3891,100.0,ok,4063.6701100319624,1.2761070160667973,83.54584927630513,29,2,1.4285714285714164,0.00014383373759024152,0,5.544886284569728e-05,"[[1, 125], [140, 265], [281, 408], [430, 576], [591, 708], [713, 854], [873, 1002], [1075, 1193], [1216, 1334], [1345, 1462], [1478, 1631], [1680, 1804], [1861, 1994], [2003, 2147], [2203, 2321], [2338, 2457], [2496, 2622], [2650, 2780], [2790, 2923], [2960, 3087], [3108, 3261], [3276, 3450], [3486, 3613], [3637, 3861], [3990, 4132], [4250, 4368], [4403, 4539], [4585, 4712], [4734, 4855]]"
342,4864x896,2,0.9,4864,4377,117.71428571428571,3137.790353319886,3137.7922739875366,14,DP; rtol=1e-6,49d13118f7639cf7701ebdc5da2d9a8f43ebfc3e56c5c4c22a6d5bf65373419b,950268bb257438cf8666d50db7fb9a488f7a92802f8688fe738e5b8918ffdb64,4377,100.0,ok,4503.782223209739,1.4353356075700177,92.59420686356445,30,0,0.0,0.0,0,6.121079673127028e-05,"[[0, 125], [140, 267], [281, 410], [430, 576], [589, 708], [713, 854], [867, 1047], [1075, 1193], [1204, 1325], [1326, 1451], [1478, 1661], [1671, 1804], [1839, 1961], [1968, 2147], [2179, 2323], [2338, 2457], [2465, 2622], [2636, 2780], [2790, 2923], [2947, 3087], [3108, 3261], [3276, 3461], [3470, 3621], [3637, 3827], [3835, 3953], [3966, 4155], [4204, 4368], [4403, 4539], [4546, 4693], [4696, 4855]]"
352,896x128,2,0.1,896,89,824.0,7296.150453367075,7296.155093661748,21,DP; rtol=1e-6,49d13118f7639cf7701ebdc5da2d9a8f43ebfc3e56c5c4c22a6d5bf65373419b,950268bb257438cf8666d50db7fb9a488f7a92802f8688fe738e5b8918ffdb64,89,100.0,ok,107.55353701114655,0.014741134752986355,12.003743003532104,1,1,735.0,0.010571779712882841,0,6.359917810172533e-05,"[[138, 227]]"
352,896x128,2,0.2,896,179,824.0,11535.109636196066,11535.118976199,20,DP; rtol=1e-6,49d13118f7639cf7701ebdc5da2d9a8f43ebfc3e56c5c4c22a6d5bf65373419b,950268bb257438cf8666d50db7fb9a488f7a92802f8688fe738e5b8918ffdb64,179,100.0,ok,203.7427133023739,0.01766283284062154,22.73914217317237,1,1,645.0,0.009277276074570656,0,8.097014824182125e-05,"[[40, 219]]"
352,896x128,2,0.3,896,268,824.0,14125.61125386146,14125.619836915565,20,DP; rtol=1e-6,49d13118f7639cf7701ebdc5da2d9a8f43ebfc3e56c5c4c22a6d5bf65373419b,950268bb257438cf8666d50db7fb9a488f7a92802f8688fe738e5b8918ffdb64,268,100.0,ok,290.3105176091194,0.0205520676161719,32.40072750225866,1,1,556.0,0.007997155810017496,0,6.0762318421225814e-05,"[[18, 286]]"
352,896x128,2,0.4,896,358,824.0,15843.079482005554,15843.094510587245,19,DP; rtol=1e-6,49d13118f7639cf7701ebdc5da2d9a8f43ebfc3e56c5c4c22a6d5bf65373419b,950268bb257438cf8666d50db7fb9a488f7a92802f8688fe738e5b8918ffdb64,358,100.0,ok,371.89673578739166,0.023473765703807083,41.50633223509589,1,1,466.0,0.006702652171705311,0,9.485887798588166e-05,"[[31, 389]]"
352,896x128,2,0.5,896,448,824.0,17585.195109718967,17585.20699056071,19,DP; rtol=1e-6,49d13118f7639cf7701ebdc5da2d9a8f43ebfc3e56c5c4c22a6d5bf65373419b,950268bb257438cf8666d50db7fb9a488f7a92802f8688fe738e5b8918ffdb64,448,100.0,ok,464.16938078403473,0.026395463791442274,51.804618535815735,1,1,376.0,0.005408148533393127,0,6.756156892828713e-05,"[[47, 495]]"
352,896x128,2,0.6,896,537,824.0,18930.830855212746,18930.848799964733,18,DP; rtol=1e-6,49d13118f7639cf7701ebdc5da2d9a8f43ebfc3e56c5c4c22a6d5bf65373419b,950268bb257438cf8666d50db7fb9a488f7a92802f8688fe738e5b8918ffdb64,537,100.0,ok,554.3836752176285,0.029284698566992628,61.87317821055341,1,1,287.0,0.0041280282688399665,0,9.479105864684811e-05,"[[56, 593]]"
352,896x128,2,0.7,896,627,824.0,20061.443198926605,20061.45557959551,18,DP; rtol=1e-6,49d13118f7639cf7701ebdc5da2d9a8f43ebfc3e56c5c4c22a6d5bf65373419b,950268bb257438cf8666d50db7fb9a488f7a92802f8688fe738e5b8918ffdb64,627,100.0,ok,646.1067971289158,0.032206396654627815,72.11013380961131,1,1,197.0,0.002833524630527782,0,6.171371192964514e-05,"[[20, 647]]"
352,896x128,2,0.8,896,716,824.0,20736.189584651976,20736.206145679906,17,DP; rtol=1e-6,49d13118f7639cf7701ebdc5da2d9a8f43ebfc3e56c5c4c22a6d5bf65373419b,950268bb257438cf8666d50db7fb9a488f7a92802f8688fe738e5b8918ffdb64,716,100.0,ok,727.749666929245,0.035095631430178166,81.2220612681422,1,1,108.0,0.0015534043659746217,0,7.986527436054658e-05,"[[42, 758]]"
352,896x128,2,0.9,896,806,824.0,21552.75975670676,21552.773476825438,16,DP; rtol=1e-6,49d13118f7639cf7701ebdc5da2d9a8f43ebfc3e56c5c4c22a6d5bf65373419b,950268bb257438cf8666d50db7fb9a488f7a92802f8688fe738e5b8918ffdb64,806,100.0,ok,819.3783696889877,0.03801732951781336,91.44847901543577,1,1,18.0,0.00025890072766243693,0,6.365825118148649e-05,"[[46, 852]]"
353,896x896,2,0.1,896,89,117.71428571428571,3708.530905233198,3708.533825044701,20,DP; rtol=1e-6,49d13118f7639cf7701ebdc5da2d9a8f43ebfc3e56c5c4c22a6d5bf65373419b,950268bb257438cf8666d50db7fb9a488f7a92802f8688fe738e5b8918ffdb64,89,100.0,ok,118.95685255527496,0.032076543406288474,13.276434400761913,1,1,28.714285714285708,0.0028910581255638785,0,7.873223329957213e-05,"[[490, 579]]"
353,896x896,2,0.2,896,179,117.71428571428571,3820.069963521569,3820.072004145746,20,DP; rtol=1e-6,49d13118f7639cf7701ebdc5da2d9a8f43ebfc3e56c5c4c22a6d5bf65373419b,950268bb257438cf8666d50db7fb9a488f7a92802f8688fe738e5b8918ffdb64,179,100.0,ok,224.2338947057724,0.05869889736235621,25.026104251583355,1,0,0.0,0.0,0,5.341847417739132e-05,"[[135, 314]]"
353,896x896,2,0.3,896,268,117.71428571428571,3814.212011996529,3814.2145883063968,19,DP; rtol=1e-6,49d13118f7639cf7701ebdc5da2d9a8f43ebfc3e56c5c4c22a6d5bf65373419b,950268bb257438cf8666d50db7fb9a488f7a92802f8688fe738e5b8918ffdb64,268,100.0,ok,335.48397412896156,0.08795629951187592,37.44240772477094,2,1,0.7142857142857082,7.191686879512076e-05,0,6.754496393313048e-05,"[[141, 292], [460, 577]]"
353,896x896,2,0.4,896,358,117.71428571428571,3781.0721468191778,3781.0740658785435,18,DP; rtol=1e-6,49d13118f7639cf7701ebdc5da2d9a8f43ebfc3e56c5c4c22a6d5bf65373419b,950268bb257438cf8666d50db7fb9a488f7a92802f8688fe738e5b8918ffdb64,358,100.0,ok,443.88953173160553,0.11739779472471241,49.54124224563855,2,0,0.0,0.0,0,5.07543447270109e-05,"[[141, 314], [390, 575]]"
353,896x896,2,0.5,896,448,117.71428571428571,3764.268523512348,3764.2709480601793,18,DP; rtol=1e-6,49d13118f7639cf7701ebdc5da2d9a8f43ebfc3e56c5c4c22a6d5bf65373419b,950268bb257438cf8666d50db7fb9a488f7a92802f8688fe738e5b8918ffdb64,448,100.0,ok,558.9689484536648,0.1484933779198367,62.38492711262365,3,1,15.714285714285708,0.0015821711134926695,0,6.440949296138143e-05,"[[0, 102], [147, 314], [397, 576]]"
353,896x896,2,0.6,896,537,117.71428571428571,3660.6532682499137,3660.655649530246,17,DP; rtol=1e-6,49d13118f7639cf7701ebdc5da2d9a8f43ebfc3e56c5c4c22a6d5bf65373419b,950268bb257438cf8666d50db7fb9a488f7a92802f8688fe738e5b8918ffdb64,537,100.0,ok,645.2607619464397,0.17626929257217694,72.01570984224628,4,1,1.7142857142857082,0.00017260048510829066,0,6.505065104356333e-05,"[[1, 122], [132, 314], [333, 451], [460, 576]]"
353,896x896,2,0.7,896,627,117.71428571428571,3484.337550112638,3484.339361784714,16,DP; rtol=1e-6,49d13118f7639cf7701ebdc5da2d9a8f43ebfc3e56c5c4c22a6d5bf65373419b,950268bb257438cf8666d50db7fb9a488f7a92802f8688fe738e5b8918ffdb64,627,100.0,ok,716.4150066375732,0.20561010416870024,79.9570317727222,4,0,0.0,0.0,0,5.199470798356032e-05,"[[0, 122], [126, 334], [339, 483], [486, 639]]"
353,896x896,2,0.8,896,716,117.71428571428571,3365.162011048002,3365.1645317903794,14,DP; rtol=1e-6,49d13118f7639cf7701ebdc5da2d9a8f43ebfc3e56c5c4c22a6d5bf65373419b,950268bb257438cf8666d50db7fb9a488f7a92802f8688fe738e5b8918ffdb64,716,100.0,ok,790.1251979768276,0.23479558944942486,88.18361560511215,5,0,0.0,0.0,0,7.490695784762025e-05,"[[0, 122], [127, 320], [339, 469], [486, 639], [713, 831]]"
353,896x896,2,0.9,896,806,117.71428571428571,3216.2961830439253,3216.29814200812,12,DP; rtol=1e-6,49d13118f7639cf7701ebdc5da2d9a8f43ebfc3e56c5c4c22a6d5bf65373419b,950268bb257438cf8666d50db7fb9a488f7a92802f8688fe738e5b8918ffdb64,806,100.0,ok,850.0960327684879,0.26430900153105646,94.87678911271183,5,0,0.0,0.0,0,6.0907419285882725e-05,"[[0, 122], [126, 358], [361, 483], [486, 661], [695, 850]]"
355,896x4864,2,0.1,896,89,21.68421052631579,789.9698040473414,789.9701345632204,19,DP; rtol=1e-6,49d13118f7639cf7701ebdc5da2d9a8f43ebfc3e56c5c4c22a6d5bf65373419b,950268bb257438cf8666d50db7fb9a488f7a92802f8688fe738e5b8918ffdb64,89,100.0,ok,125.15925419330597,0.1584354915239335,13.968666751626818,4,0,0.0,0.0,0,4.1839034736756986e-05,"[[53, 75], [203, 226], [257, 279], [557, 579]]"
355,896x4864,2,0.2,896,179,21.68421052631579,695.0838304283819,695.0842091980735,18,DP; rtol=1e-6,49d13118f7639cf7701ebdc5da2d9a8f43ebfc3e56c5c4c22a6d5bf65373419b,950268bb257438cf8666d50db7fb9a488f7a92802f8688fe738e5b8918ffdb64,179,100.0,ok,221.74920576810837,0.3190251248276683,24.748795267096586,8,1,0.6842105263157912,0.0003739677177346321,0,5.449263363876966e-05,"[[53, 74], [203, 226], [257, 279], [416, 438], [557, 579], [588, 610], [641, 663], [757, 782]]"
355,896x4864,2,0.3,896,268,21.68421052631579,656.2688007108527,656.2693236846344,17,DP; rtol=1e-6,49d13118f7639cf7701ebdc5da2d9a8f43ebfc3e56c5c4c22a6d5bf65373419b,950268bb257438cf8666d50db7fb9a488f7a92802f8688fe738e5b8918ffdb64,268,100.0,ok,313.09708273410797,0.4770866486338671,34.94387081329541,11,0,0.0,0.0,0,7.968889643716892e-05,"[[19, 41], [53, 75], [203, 226], [257, 279], [363, 387], [396, 422], [555, 579], [587, 612], [641, 663], [757, 782], [789, 822]]"
355,896x4864,2,0.4,896,358,21.68421052631579,634.0306062051591,634.0309777444918,16,DP; rtol=1e-6,49d13118f7639cf7701ebdc5da2d9a8f43ebfc3e56c5c4c22a6d5bf65373419b,950268bb257438cf8666d50db7fb9a488f7a92802f8688fe738e5b8918ffdb64,358,100.0,ok,404.0691726207733,0.6373023142198674,45.097005837280186,15,0,0.0,0.0,0,5.859955518605631e-05,"[[19, 41], [53, 75], [78, 101], [203, 226], [257, 279], [363, 387], [398, 422], [466, 488], [557, 579], [587, 612], [641, 663], [683, 710], [757, 782], [789, 822], [830, 852]]"
355,896x4864,2,0.5,896,448,21.68421052631579,618.8307378759541,618.831090723907,14,DP; rtol=1e-6,49d13118f7639cf7701ebdc5da2d9a8f43ebfc3e56c5c4c22a6d5bf65373419b,950268bb257438cf8666d50db7fb9a488f7a92802f8688fe738e5b8918ffdb64,448,100.0,ok,493.5286399126053,0.7975179798058676,55.08132137536762,18,0,0.0,0.0,0,5.7018459176383374e-05,"[[19, 41], [53, 75], [84, 109], [137, 161], [203, 226], [257, 279], [363, 387], [398, 422], [448, 488], [501, 523], [555, 579], [587, 612], [641, 663], [683, 710], [757, 782], [789, 822], [830, 852], [863, 885]]"
355,896x4864,2,0.6,896,537,21.68421052631579,606.4077578306648,606.4081300344003,14,DP; rtol=1e-6,49d13118f7639cf7701ebdc5da2d9a8f43ebfc3e56c5c4c22a6d5bf65373419b,950268bb257438cf8666d50db7fb9a488f7a92802f8688fe738e5b8918ffdb64,537,100.0,ok,579.6976011395454,0.9559534713298012,64.69839293328808,21,0,0.0,0.0,0,6.137842107900582e-05,"[[19, 41], [53, 75], [84, 109], [125, 147], [156, 182], [203, 226], [257, 279], [328, 354], [363, 387], [396, 422], [448, 488], [494, 518], [555, 579], [587, 623], [641, 663], [667, 689], [693, 718], [757, 782], [789, 822], [830, 852], [863, 889]]"
355,896x4864,2,0.7,896,627,21.68421052631579,595.4240409390341,595.4244319204315,12,DP; rtol=1e-6,49d13118f7639cf7701ebdc5da2d9a8f43ebfc3e56c5c4c22a6d5bf65373419b,950268bb257438cf8666d50db7fb9a488f7a92802f8688fe738e5b8918ffdb64,627,100.0,ok,664.5939378738403,1.116169136915801,74.17343050776643,24,0,0.0,0.0,0,6.566431884902357e-05,"[[19, 41], [53, 75], [84, 109], [120, 149], [156, 182], [203, 236], [257, 279], [291, 314], [328, 354], [363, 387], [396, 438], [443, 465], [466, 488], [494, 518], [555, 579], [587, 623], [641, 663], [665, 689], [693, 724], [729, 751], [757, 782], [789, 822], [830, 852], [863, 889]]"
355,896x4864,2,0.8,896,716,21.68421052631579,586.2042964818216,586.2047272224627,16,DP; rtol=1e-6,49d13118f7639cf7701ebdc5da2d9a8f43ebfc3e56c5c4c22a6d5bf65373419b,950268bb257438cf8666d50db7fb9a488f7a92802f8688fe738e5b8918ffdb64,716,100.0,ok,747.1787095069885,1.274604628439735,83.39048090598101,27,0,0.0,0.0,0,7.347955773839843e-05,"[[19, 41], [47, 74], [83, 115], [120, 149], [153, 182], [193, 236], [257, 279], [282, 314], [328, 354], [363, 393], [396, 438], [441, 463], [466, 488], [494, 518], [520, 542], [555, 579], [587, 612], [615, 639], [641, 663], [665, 689], [693, 725], [729, 751], [757, 785], [787, 809], [811, 836], [843, 865], [867, 889]]"
355,896x4864,2,0.9,896,806,21.68421052631579,576.7950043568787,576.7953135878182,15,DP; rtol=1e-6,49d13118f7639cf7701ebdc5da2d9a8f43ebfc3e56c5c4c22a6d5bf65373419b,950268bb257438cf8666d50db7fb9a488f7a92802f8688fe738e5b8918ffdb64,806,100.0,ok,827.5971777439117,1.4348202940257349,92.36575637177191,28,0,0.0,0.0,0,5.361190220654066e-05,"[[13, 41], [47, 74], [77, 103], [104, 135], [137, 166], [169, 196], [198, 226], [232, 254], [257, 279], [282, 321], [327, 358], [363, 394], [396, 438], [441, 465], [466, 488], [494, 518], [520, 552], [555, 581], [583, 612], [613, 639], [641, 666], [667, 692], [693, 725], [728, 752], [757, 785], [787, 818], [819, 852], [854, 896]]"
356,4864x896,2,0.1,4864,486,117.71428571428571,6643.356994189743,6643.361566156094,18,DP; rtol=1e-6,49d13118f7639cf7701ebdc5da2d9a8f43ebfc3e56c5c4c22a6d5bf65373419b,950268bb257438cf8666d50db7fb9a488f7a92802f8688fe738e5b8918ffdb64,486,100.0,ok,1058.767915904522,0.15937242524081074,21.767432604425032,4,0,0.0,0.0,0,6.882007408393065e-05,"[[729, 855], [1159, 1277], [2729, 2847], [3127, 3251]]"
356,4864x896,2,0.2,4864,972,117.71428571428571,4782.434646464864,4782.437236419721,19,DP; rtol=1e-6,49d13118f7639cf7701ebdc5da2d9a8f43ebfc3e56c5c4c22a6d5bf65373419b,950268bb257438cf8666d50db7fb9a488f7a92802f8688fe738e5b8918ffdb64,972,100.0,ok,1524.3764163255692,0.31874485048162143,31.339975841442158,8,0,0.0,0.0,0,5.415554304999404e-05,"[[188, 323], [731, 850], [1159, 1277], [2277, 2398], [2729, 2847], [3129, 3251], [3476, 3594], [4665, 4786]]"
356,4864x896,2,0.3,4864,1459,117.71428571428571,4136.959176415392,4136.961353436739,18,DP; rtol=1e-6,49d13118f7639cf7701ebdc5da2d9a8f43ebfc3e56c5c4c22a6d5bf65373419b,950268bb257438cf8666d50db7fb9a488f7a92802f8688fe738e5b8918ffdb64,1459,100.0,ok,1979.3082709908485,0.4784452025233391,40.69301566941288,11,0,0.0,0.0,0,5.262368103498005e-05,"[[131, 282], [483, 610], [731, 850], [1159, 1277], [2058, 2212], [2322, 2460], [2729, 2847], [3127, 3251], [3476, 3594], [4375, 4546], [4665, 4786]]"
356,4864x896,2,0.4,4864,1945,117.71428571428571,3802.9615409430717,3802.964716937664,16,DP; rtol=1e-6,49d13118f7639cf7701ebdc5da2d9a8f43ebfc3e56c5c4c22a6d5bf65373419b,950268bb257438cf8666d50db7fb9a488f7a92802f8688fe738e5b8918ffdb64,1945,100.0,ok,2425.595908522606,0.6378176277641499,49.868337216497466,15,0,0.0,0.0,0,8.351364866321376e-05,"[[131, 282], [484, 610], [731, 855], [1159, 1277], [1558, 1676], [1892, 2014], [2058, 2212], [2322, 2460], [2729, 2847], [3127, 3251], [3476, 3594], [3966, 4085], [4163, 4286], [4375, 4546], [4665, 4786]]"
356,4864x896,2,0.5,4864,2432,117.71428571428571,3596.4747727460317,3596.4772941406436,18,DP; rtol=1e-6,49d13118f7639cf7701ebdc5da2d9a8f43ebfc3e56c5c4c22a6d5bf65373419b,950268bb257438cf8666d50db7fb9a488f7a92802f8688fe738e5b8918ffdb64,2432,100.0,ok,2868.2532951831818,0.7975179798058676,58.96902367123691,18,0,0.0,0.0,0,7.010734131007723e-05,"[[111, 342], [483, 611], [700, 839], [1159, 1277], [1403, 1536], [1558, 1676], [1892, 2014], [2058, 2212], [2322, 2460], [2576, 2694], [2729, 2847], [3106, 3251], [3476, 3594], [3703, 3821], [3966, 4085], [4163, 4286], [4375, 4546], [4665, 4786]]"
356,4864x896,2,0.6,4864,2918,117.71428571428571,3443.8959417599876,3443.899230797181,17,DP; rtol=1e-6,49d13118f7639cf7701ebdc5da2d9a8f43ebfc3e56c5c4c22a6d5bf65373419b,950268bb257438cf8666d50db7fb9a488f7a92802f8688fe738e5b8918ffdb64,2918,100.0,ok,3295.4309826493263,0.9568904050466783,67.75145972955809,20,0,0.0,0.0,0,9.550329359564458e-05,"[[111, 344], [483, 674], [700, 839], [939, 1072], [1159, 1287], [1403, 1547], [1558, 1701], [1892, 2014], [2058, 2212], [2257, 2460], [2576, 2694], [2711, 2840], [3033, 3151], [3174, 3292], [3480, 3657], [3703, 3821], [3966, 4085], [4163, 4286], [4375, 4546], [4638, 4775]]"
356,4864x896,2,0.7,4864,3404,117.71428571428571,3327.0041460802368,3327.0061959467353,17,DP; rtol=1e-6,49d13118f7639cf7701ebdc5da2d9a8f43ebfc3e56c5c4c22a6d5bf65373419b,950268bb257438cf8666d50db7fb9a488f7a92802f8688fe738e5b8918ffdb64,3404,100.0,ok,3713.8110644817352,1.1162628302874888,76.35302396050713,24,0,0.0,0.0,0,6.161294502371462e-05,"[[111, 344], [483, 674], [700, 855], [939, 1072], [1154, 1287], [1403, 1547], [1558, 1702], [1726, 1847], [1892, 2014], [2047, 2167], [2184, 2308], [2322, 2460], [2576, 2694], [2711, 2840], [2996, 3151], [3174, 3292], [3345, 3503], [3534, 3657], [3703, 3821], [3890, 4025], [4040, 4205], [4220, 4338], [4375, 4546], [4637, 4775]]"
356,4864x896,2,0.8,4864,3891,117.71428571428571,3233.329749890724,3233.3316049891764,16,DP; rtol=1e-6,49d13118f7639cf7701ebdc5da2d9a8f43ebfc3e56c5c4c22a6d5bf65373419b,950268bb257438cf8666d50db7fb9a488f7a92802f8688fe738e5b8918ffdb64,3891,100.0,ok,4125.609717190266,1.2759631823292066,84.81927920377076,27,0,0.0,0.0,0,5.737420960549855e-05,"[[0, 163], [170, 344], [411, 534], [559, 677], [700, 855], [939, 1080], [1131, 1287], [1403, 1547], [1558, 1712], [1726, 1852], [1887, 2014], [2047, 2167], [2176, 2308], [2318, 2507], [2576, 2707], [2711, 2840], [2920, 3047], [3071, 3192], [3199, 3320], [3344, 3462], [3476, 3657], [3703, 3821], [3890, 4025], [4040, 4206], [4220, 4338], [4375, 4560], [4627, 4846]]"
356,4864x896,2,0.9,4864,4377,117.71428571428571,3148.6374059406426,3148.6400489861444,13,DP; rtol=1e-6,49d13118f7639cf7701ebdc5da2d9a8f43ebfc3e56c5c4c22a6d5bf65373419b,950268bb257438cf8666d50db7fb9a488f7a92802f8688fe738e5b8918ffdb64,4377,100.0,ok,4519.351384073496,1.4353356075700174,92.91429707188642,30,0,0.0,0.0,0,8.394244691567465e-05,"[[0, 163], [170, 344], [370, 534], [558, 677], [700, 900], [939, 1094], [1131, 1317], [1327, 1449], [1456, 1600], [1609, 1727], [1728, 1854], [1887, 2026], [2030, 2167], [2176, 2371], [2373, 2510], [2551, 2670], [2681, 2840], [2882, 3047], [3059, 3192], [3199, 3320], [3344, 3462], [3476, 3630], [3633, 3767], [3779, 3922], [3932, 4069], [4075, 4206], [4219, 4339], [4356, 4560], [4593, 4714], [4719, 4858]]"
370,4864x896,2,0.1,4864,486,117.71428571428571,3393.7185546583646,3393.721149866976,20,DP; rtol=1e-6,49d13118f7639cf7701ebdc5da2d9a8f43ebfc3e56c5c4c22a6d5bf65373419b,950268bb257438cf8666d50db7fb9a488f7a92802f8688fe738e5b8918ffdb64,486,100.0,ok,541.7926059663296,0.15964570934223218,11.138828224185383,4,1,2.714285714285708,0.0002732841014214606,0,7.647088540174707e-05,"[[570, 685], [1449, 1575], [3337, 3464], [3896, 4014]]"
370,4864x896,2,0.2,4864,972,117.71428571428571,3336.0679830662157,3336.0704863254014,18,DP; rtol=1e-6,49d13118f7639cf7701ebdc5da2d9a8f43ebfc3e56c5c4c22a6d5bf65373419b,950268bb257438cf8666d50db7fb9a488f7a92802f8688fe738e5b8918ffdb64,972,100.0,ok,1063.3544904589653,0.31874485048162143,21.8617287873705,8,0,0.0,0.0,0,7.50361599410887e-05,"[[570, 689], [857, 975], [1449, 1575], [3337, 3464], [3603, 3730], [3896, 4014], [4084, 4202], [4289, 4408]]"
370,4864x896,2,0.3,4864,1459,117.71428571428571,3297.6595424030643,3297.6617503749094,19,DP; rtol=1e-6,49d13118f7639cf7701ebdc5da2d9a8f43ebfc3e56c5c4c22a6d5bf65373419b,950268bb257438cf8666d50db7fb9a488f7a92802f8688fe738e5b8918ffdb64,1459,100.0,ok,1577.9865449666977,0.4785171193921342,32.442157517284706,12,1,0.7142857142857082,7.191686879512076e-05,0,6.695567987824447e-05,"[[570, 689], [857, 975], [1183, 1301], [1431, 1575], [2103, 2226], [2621, 2739], [3061, 3178], [3337, 3464], [3603, 3723], [3896, 4014], [4084, 4202], [4289, 4408]]"
370,4864x896,2,0.4,4864,1945,117.71428571428571,3264.6583907280838,3264.660603543216,18,DP; rtol=1e-6,49d13118f7639cf7701ebdc5da2d9a8f43ebfc3e56c5c4c22a6d5bf65373419b,950268bb257438cf8666d50db7fb9a488f7a92802f8688fe738e5b8918ffdb64,1945,100.0,ok,2082.49145424366,0.6378895446329449,42.81438013680778,15,1,0.7142857142857082,7.191686879512076e-05,0,6.778086303338426e-05,"[[66, 183], [316, 435], [570, 689], [816, 975], [1005, 1124], [1166, 1301], [1431, 1608], [2103, 2226], [2621, 2739], [3080, 3230], [3337, 3464], [3603, 3730], [3896, 4014], [4084, 4202], [4289, 4408]]"
370,4864x896,2,0.5,4864,2432,117.71428571428571,3239.595165482101,3239.597648730003,16,DP; rtol=1e-6,49d13118f7639cf7701ebdc5da2d9a8f43ebfc3e56c5c4c22a6d5bf65373419b,950268bb257438cf8666d50db7fb9a488f7a92802f8688fe738e5b8918ffdb64,2432,100.0,ok,2583.8683733046055,0.7975898966746626,53.12229374709105,19,1,0.7142857142857082,7.191686879512076e-05,0,7.665297272474447e-05,"[[65, 183], [316, 435], [570, 689], [816, 975], [1005, 1124], [1166, 1301], [1431, 1608], [1777, 1895], [2103, 2226], [2621, 2739], [3080, 3243], [3337, 3464], [3603, 3730], [3834, 3954], [3988, 4106], [4161, 4278], [4289, 4408], [4590, 4708], [4745, 4863]]"
370,4864x896,2,0.6,4864,2918,117.71428571428571,3211.85218841626,3211.85419083157,18,DP; rtol=1e-6,49d13118f7639cf7701ebdc5da2d9a8f43ebfc3e56c5c4c22a6d5bf65373419b,950268bb257438cf8666d50db7fb9a488f7a92802f8688fe738e5b8918ffdb64,2918,100.0,ok,3073.390541523695,0.9568904050466782,63.186483039593284,22,0,0.0,0.0,0,6.234452720743633e-05,"[[4, 183], [306, 435], [570, 689], [790, 975], [1005, 1124], [1166, 1301], [1431, 1608], [1777, 1895], [2103, 2226], [2635, 2827], [3046, 3165], [3200, 3320], [3337, 3464], [3603, 3730], [3751, 3872], [3896, 4014], [4033, 4151], [4160, 4278], [4288, 4408], [4452, 4570], [4590, 4708], [4745, 4863]]"
370,4864x896,2,0.7,4864,3404,117.71428571428571,3178.903221892038,3178.9056826469305,17,DP; rtol=1e-6,49d13118f7639cf7701ebdc5da2d9a8f43ebfc3e56c5c4c22a6d5bf65373419b,950268bb257438cf8666d50db7fb9a488f7a92802f8688fe738e5b8918ffdb64,3404,100.0,ok,3548.491507679224,1.116262830287489,72.95418380345316,24,0,0.0,0.0,0,7.740886764917576e-05,"[[4, 183], [306, 435], [520, 681], [790, 989], [1005, 1124], [1166, 1301], [1431, 1608], [1694, 1875], [2103, 2308], [2589, 2707], [2716, 2837], [2913, 3034], [3046, 3178], [3200, 3320], [3337, 3464], [3502, 3621], [3626, 3802], [3834, 3964], [3988, 4151], [4160, 4278], [4288, 4408], [4452, 4570], [4590, 4708], [4745, 4863]]"
370,4864x896,2,0.8,4864,3891,117.71428571428571,3149.0974143532153,3149.100018483864,16,DP; rtol=1e-6,49d13118f7639cf7701ebdc5da2d9a8f43ebfc3e56c5c4c22a6d5bf65373419b,950268bb257438cf8666d50db7fb9a488f7a92802f8688fe738e5b8918ffdb64,3891,100.0,ok,4018.1323582828045,1.2759631823292066,82.60962890241912,28,0,0.0,0.0,0,8.269444073949472e-05,"[[4, 238], [306, 435], [520, 681], [729, 848], [855, 989], [1005, 1124], [1166, 1301], [1431, 1608], [1678, 1875], [1943, 2065], [2103, 2226], [2243, 2387], [2410, 2528], [2593, 2739], [2749, 2870], [2913, 3034], [3046, 3178], [3200, 3320], [3329, 3464], [3502, 3621], [3626, 3802], [3834, 4014], [4025, 4151], [4160, 4278], [4288, 4408], [4452, 4570], [4591, 4720], [4745, 4863]]"
370,4864x896,2,0.9,4864,4377,117.71428571428571,3114.078473320046,3114.080426177893,14,DP; rtol=1e-6,49d13118f7639cf7701ebdc5da2d9a8f43ebfc3e56c5c4c22a6d5bf65373419b,950268bb257438cf8666d50db7fb9a488f7a92802f8688fe738e5b8918ffdb64,4377,100.0,ok,4469.971672296524,1.4354075244388125,91.89908846371362,32,1,0.7142857142857082,7.191686879512076e-05,0,6.271057839679628e-05,"[[4, 135], [141, 263], [269, 386], [399, 538], [570, 689], [729, 848], [855, 989], [1005, 1130], [1156, 1394], [1413, 1588], [1596, 1741], [1750, 1909], [1941, 2065], [2103, 2228], [2243, 2390], [2410, 2552], [2572, 2741], [2749, 2873], [2889, 3021], [3025, 3161], [3164, 3297], [3304, 3492], [3502, 3621], [3626, 3753], [3759, 3877], [3892, 4014], [4024, 4151], [4160, 4278], [4284, 4408], [4452, 4570], [4591, 4734], [4745, 4863]]"
371,896x896,2,0.1,896,89,117.71428571428571,3332.582530815035,3332.584632327147,21,DP; rtol=1e-6,49d13118f7639cf7701ebdc5da2d9a8f43ebfc3e56c5c4c22a6d5bf65373419b,950268bb257438cf8666d50db7fb9a488f7a92802f8688fe738e5b8918ffdb64,89,100.0,ok,106.89772820472717,0.032076543406288474,11.930550018682318,1,1,28.714285714285708,0.0028910581255638785,0,6.305952717777785e-05,"[[28, 117]]"
371,896x896,2,0.2,896,179,117.71428571428571,3471.198762158874,3471.201267839574,20,DP; rtol=1e-6,49d13118f7639cf7701ebdc5da2d9a8f43ebfc3e56c5c4c22a6d5bf65373419b,950268bb257438cf8666d50db7fb9a488f7a92802f8688fe738e5b8918ffdb64,179,100.0,ok,203.75553986430168,0.05869889736235621,22.74057363762733,1,0,0.0,0.0,0,7.218482901416579e-05,"[[31, 210]]"
371,896x896,2,0.3,896,268,117.71428571428571,3495.4601859542936,3495.463003374274,16,DP; rtol=1e-6,49d13118f7639cf7701ebdc5da2d9a8f43ebfc3e56c5c4c22a6d5bf65373419b,950268bb257438cf8666d50db7fb9a488f7a92802f8688fe738e5b8918ffdb64,268,100.0,ok,309.55935648083687,0.08856040120975495,34.54903530945586,2,1,6.714285714285708,0.0006760185666741402,0,8.060219712779926e-05,"[[53, 210], [483, 594]]"
371,896x896,2,0.4,896,358,117.71428571428571,3432.5561696651366,3432.5586494008485,18,DP; rtol=1e-6,49d13118f7639cf7701ebdc5da2d9a8f43ebfc3e56c5c4c22a6d5bf65373419b,950268bb257438cf8666d50db7fb9a488f7a92802f8688fe738e5b8918ffdb64,358,100.0,ok,402.9745245873928,0.11739779472471241,44.9748353177071,2,0,0.0,0.0,0,7.224161231444981e-05,"[[31, 213], [483, 659]]"
371,896x896,2,0.5,896,448,117.71428571428571,3377.0375858503908,3377.040177717894,17,DP; rtol=1e-6,49d13118f7639cf7701ebdc5da2d9a8f43ebfc3e56c5c4c22a6d5bf65373419b,950268bb257438cf8666d50db7fb9a488f7a92802f8688fe738e5b8918ffdb64,448,100.0,ok,496.1246671676636,0.14691120680634404,55.37105658419576,3,0,0.0,0.0,0,7.674967921200704e-05,"[[53, 210], [363, 503], [559, 710]]"
371,896x896,2,0.6,896,537,117.71428571428571,3316.9969766641943,3316.999069721881,15,DP; rtol=1e-6,49d13118f7639cf7701ebdc5da2d9a8f43ebfc3e56c5c4c22a6d5bf65373419b,950268bb257438cf8666d50db7fb9a488f7a92802f8688fe738e5b8918ffdb64,537,100.0,ok,584.1121952533722,0.17609669208706863,65.1910931974747,4,0,0.0,0.0,0,6.310094282646617e-05,"[[31, 149], [169, 291], [363, 503], [559, 716]]"
371,896x896,2,0.7,896,627,117.71428571428571,3270.9113348135456,3270.9130970954984,14,DP; rtol=1e-6,49d13118f7639cf7701ebdc5da2d9a8f43ebfc3e56c5c4c22a6d5bf65373419b,950268bb257438cf8666d50db7fb9a488f7a92802f8688fe738e5b8918ffdb64,627,100.0,ok,672.5324202775955,0.20561010416870026,75.05942187976744,5,0,0.0,0.0,0,5.387737003204052e-05,"[[31, 149], [168, 286], [381, 503], [559, 710], [757, 875]]"
371,896x896,2,0.8,896,716,117.71428571428571,3232.0235879733764,3232.025176835621,17,DP; rtol=1e-6,49d13118f7639cf7701ebdc5da2d9a8f43ebfc3e56c5c4c22a6d5bf65373419b,950268bb257438cf8666d50db7fb9a488f7a92802f8688fe738e5b8918ffdb64,716,100.0,ok,758.8648834526539,0.23479558944942483,84.69474142719011,5,0,0.0,0.0,0,4.9159958781519464e-05,"[[31, 174], [208, 389], [450, 600], [607, 729], [757, 877]]"
371,896x896,2,0.9,896,806,117.71428571428571,3156.9322857639813,3156.934830285175,15,DP; rtol=1e-6,49d13118f7639cf7701ebdc5da2d9a8f43ebfc3e56c5c4c22a6d5bf65373419b,950268bb257438cf8666d50db7fb9a488f7a92802f8688fe738e5b8918ffdb64,806,100.0,ok,834.4056203514338,0.26430900153105646,93.12562723884163,5,0,0.0,0.0,0,8.06010047815775e-05,"[[5, 190], [208, 395], [417, 600], [607, 733], [756, 881]]"
372,896x128,2,0.1,896,89,824.0,7251.66210037332,7251.666673240037,21,DP; rtol=1e-6,49d13118f7639cf7701ebdc5da2d9a8f43ebfc3e56c5c4c22a6d5bf65373419b,950268bb257438cf8666d50db7fb9a488f7a92802f8688fe738e5b8918ffdb64,89,100.0,ok,106.89772820472717,0.014741134752986355,11.930550018682318,1,1,735.0,0.010571779712882841,0,6.305952718888008e-05,"[[28, 117]]"
372,896x128,2,0.2,896,179,824.0,11535.83582559295,11535.84415272233,20,DP; rtol=1e-6,49d13118f7639cf7701ebdc5da2d9a8f43ebfc3e56c5c4c22a6d5bf65373419b,950268bb257438cf8666d50db7fb9a488f7a92802f8688fe738e5b8918ffdb64,179,100.0,ok,203.75553986430168,0.01766283284062154,22.74057363762733,1,1,645.0,0.009277276074570656,0,7.218482902526802e-05,"[[31, 210]]"
372,896x128,2,0.3,896,268,824.0,14002.278785484763,14002.286371339196,20,DP; rtol=1e-6,49d13118f7639cf7701ebdc5da2d9a8f43ebfc3e56c5c4c22a6d5bf65373419b,950268bb257438cf8666d50db7fb9a488f7a92802f8688fe738e5b8918ffdb64,268,100.0,ok,287.7757803797722,0.0205520676161719,32.11783262045398,1,1,556.0,0.007997155810017496,0,5.417582694677847e-05,"[[450, 718]]"
372,896x128,2,0.4,896,358,824.0,15818.973246853788,15818.986632042705,19,DP; rtol=1e-6,49d13118f7639cf7701ebdc5da2d9a8f43ebfc3e56c5c4c22a6d5bf65373419b,950268bb257438cf8666d50db7fb9a488f7a92802f8688fe738e5b8918ffdb64,358,100.0,ok,371.3308716714382,0.023473765703807083,41.44317762742772,1,1,466.0,0.006702652171705311,0,8.461470527576509e-05,"[[444, 802]]"
372,896x128,2,0.5,896,448,824.0,17620.105083535946,17620.115856828947,19,DP; rtol=1e-6,49d13118f7639cf7701ebdc5da2d9a8f43ebfc3e56c5c4c22a6d5bf65373419b,950268bb257438cf8666d50db7fb9a488f7a92802f8688fe738e5b8918ffdb64,448,100.0,ok,465.090845733881,0.026395463791442274,51.90746044324218,1,1,376.0,0.005408148533393127,0,6.114201001050645e-05,"[[51, 499]]"
372,896x128,2,0.6,896,537,824.0,18859.385071888577,18859.402438738987,18,DP; rtol=1e-6,49d13118f7639cf7701ebdc5da2d9a8f43ebfc3e56c5c4c22a6d5bf65373419b,950268bb257438cf8666d50db7fb9a488f7a92802f8688fe738e5b8918ffdb64,537,100.0,ok,552.2914069890976,0.029284698566992628,61.63966593707724,1,1,287.0,0.0041280282688399665,0,9.208589968334735e-05,"[[42, 579]]"
372,896x128,2,0.7,896,627,824.0,20142.096588964956,20142.108697632408,18,DP; rtol=1e-6,49d13118f7639cf7701ebdc5da2d9a8f43ebfc3e56c5c4c22a6d5bf65373419b,950268bb257438cf8666d50db7fb9a488f7a92802f8688fe738e5b8918ffdb64,627,100.0,ok,648.7043522000313,0.032206396654627815,72.40003928275378,1,1,197.0,0.002833524630527782,0,6.011618561840848e-05,"[[31, 658]]"
372,896x128,2,0.8,896,716,824.0,20894.972545318426,20894.98896555299,17,DP; rtol=1e-6,49d13118f7639cf7701ebdc5da2d9a8f43ebfc3e56c5c4c22a6d5bf65373419b,950268bb257438cf8666d50db7fb9a488f7a92802f8688fe738e5b8918ffdb64,716,100.0,ok,733.3222551941872,0.035095631430178166,81.84400166719612,1,1,108.0,0.0015534043659746217,0,7.858455725040514e-05,"[[17, 733]]"
372,896x128,2,0.9,896,806,824.0,21567.106689220822,21567.122736770776,16,DP; rtol=1e-6,49d13118f7639cf7701ebdc5da2d9a8f43ebfc3e56c5c4c22a6d5bf65373419b,950268bb257438cf8666d50db7fb9a488f7a92802f8688fe738e5b8918ffdb64,806,100.0,ok,819.9238017499447,0.03801732951781336,91.50935284191848,1,1,18.0,0.00025890072766243693,0,7.440746802034326e-05,"[[53, 859]]"
375,896x4864,2,0.1,896,89,21.68421052631579,833.7521692776457,833.7526962134484,19,DP; rtol=1e-6,49d13118f7639cf7701ebdc5da2d9a8f43ebfc3e56c5c4c22a6d5bf65373419b,950268bb257438cf8666d50db7fb9a488f7a92802f8688fe738e5b8918ffdb64,89,100.0,ok,132.0959347486496,0.1584354915239335,14.74284987087253,4,0,0.0,0.0,0,6.320049159569407e-05,"[[52, 75], [204, 226], [557, 579], [639, 661]]"
375,896x4864,2,0.2,896,179,21.68421052631579,729.7825204753967,729.7829187807031,18,DP; rtol=1e-6,49d13118f7639cf7701ebdc5da2d9a8f43ebfc3e56c5c4c22a6d5bf65373419b,950268bb257438cf8666d50db7fb9a488f7a92802f8688fe738e5b8918ffdb64,179,100.0,ok,232.546044588089,0.31865115710993364,25.953799637747544,7,0,0.0,0.0,0,5.4578600860999416e-05,"[[52, 79], [207, 236], [252, 274], [441, 463], [550, 579], [635, 659], [776, 802]]"
375,896x4864,2,0.3,896,268,21.68421052631579,679.2329489240178,679.233420430214,17,DP; rtol=1e-6,49d13118f7639cf7701ebdc5da2d9a8f43ebfc3e56c5c4c22a6d5bf65373419b,950268bb257438cf8666d50db7fb9a488f7a92802f8688fe738e5b8918ffdb64,268,100.0,ok,324.05297124385834,0.4770866486338672,36.166626280732046,11,0,0.0,0.0,0,6.941740232635496e-05,"[[52, 79], [87, 109], [207, 236], [252, 274], [371, 395], [441, 463], [557, 579], [588, 612], [635, 659], [775, 802], [844, 869]]"
375,896x4864,2,0.4,896,358,21.68421052631579,650.2994465567335,650.299768747411,16,DP; rtol=1e-6,49d13118f7639cf7701ebdc5da2d9a8f43ebfc3e56c5c4c22a6d5bf65373419b,950268bb257438cf8666d50db7fb9a488f7a92802f8688fe738e5b8918ffdb64,358,100.0,ok,414.4373422265053,0.6373023142198674,46.25416769225178,14,0,0.0,0.0,0,4.954494726705505e-05,"[[52, 81], [87, 109], [147, 170], [207, 236], [261, 285], [371, 395], [450, 477], [550, 579], [588, 614], [635, 659], [697, 729], [757, 779], [780, 802], [844, 869]]"
375,896x4864,2,0.5,896,448,21.68421052631579,629.9773117336982,629.9776054700021,15,DP; rtol=1e-6,49d13118f7639cf7701ebdc5da2d9a8f43ebfc3e56c5c4c22a6d5bf65373419b,950268bb257438cf8666d50db7fb9a488f7a92802f8688fe738e5b8918ffdb64,448,100.0,ok,502.4182329773903,0.7975179798058676,56.0734635419993,18,0,0.0,0.0,0,4.6626467564703233e-05,"[[25, 47], [52, 81], [87, 109], [113, 136], [147, 170], [207, 236], [261, 285], [371, 395], [406, 428], [441, 463], [468, 490], [549, 579], [588, 614], [635, 659], [703, 731], [757, 779], [780, 802], [844, 878]]"
375,896x4864,2,0.6,896,537,21.68421052631579,614.9687636016752,614.9692597621779,12,DP; rtol=1e-6,49d13118f7639cf7701ebdc5da2d9a8f43ebfc3e56c5c4c22a6d5bf65373419b,950268bb257438cf8666d50db7fb9a488f7a92802f8688fe738e5b8918ffdb64,537,100.0,ok,587.8815243244171,0.955953471329801,65.61177731522264,21,0,0.0,0.0,0,8.06805372510766e-05,"[[14, 37], [44, 81], [87, 109], [119, 143], [147, 170], [207, 237], [252, 274], [282, 309], [325, 350], [371, 395], [406, 428], [441, 463], [468, 490], [549, 579], [588, 614], [635, 659], [669, 691], [697, 731], [757, 779], [780, 802], [844, 878]]"
375,896x4864,2,0.7,896,627,21.68421052631579,602.1353121084198,602.1357258163191,17,DP; rtol=1e-6,49d13118f7639cf7701ebdc5da2d9a8f43ebfc3e56c5c4c22a6d5bf65373419b,950268bb257438cf8666d50db7fb9a488f7a92802f8688fe738e5b8918ffdb64,627,100.0,ok,672.0848516225815,1.116169136915801,75.00947010074927,22,0,0.0,0.0,0,6.87067519100637e-05,"[[3, 37], [44, 69], [70, 107], [112, 143], [147, 171], [206, 237], [252, 274], [282, 309], [325, 350], [353, 377], [386, 423], [441, 463], [465, 489], [546, 579], [581, 603], [607, 629], [632, 659], [667, 691], [697, 731], [756, 802], [808, 830], [844, 878]]"
375,896x4864,2,0.8,896,716,21.68421052631579,590.7970178067142,590.7975135759067,16,DP; rtol=1e-6,49d13118f7639cf7701ebdc5da2d9a8f43ebfc3e56c5c4c22a6d5bf65373419b,950268bb257438cf8666d50db7fb9a488f7a92802f8688fe738e5b8918ffdb64,716,100.0,ok,753.253552377224,1.2749785961574696,84.068476887873,27,1,0.6842105263157912,0.0003739677177346321,0,8.39152469511717e-05,"[[3, 37], [44, 65], [66, 91], [92, 117], [119, 143], [147, 171], [204, 226], [231, 273], [282, 309], [325, 350], [353, 377], [386, 410], [418, 440], [441, 463], [465, 489], [494, 524], [533, 555], [556, 579], [581, 603], [607, 629], [631, 663], [667, 691], [697, 737], [756, 802], [808, 830], [844, 869], [871, 894]]"
375,896x4864,2,0.9,896,806,21.68421052631579,579.7467876736114,579.7471395712749,15,DP; rtol=1e-6,49d13118f7639cf7701ebdc5da2d9a8f43ebfc3e56c5c4c22a6d5bf65373419b,950268bb257438cf8666d50db7fb9a488f7a92802f8688fe738e5b8918ffdb64,806,100.0,ok,831.8324563503265,1.434820294025735,92.83844385542197,30,0,0.0,0.0,0,6.069847344747359e-05,"[[1, 41], [44, 69], [70, 95], [96, 122], [123, 146], [147, 171], [174, 196], [199, 226], [231, 264], [268, 299], [300, 322], [324, 350], [353, 377], [379, 403], [404, 428], [431, 462], [465, 490], [494, 524], [530, 552], [553, 579], [581, 603], [607, 629], [631, 666], [667, 691], [695, 738], [744, 774], [775, 802], [806, 830], [843, 869], [871, 894]]"
384,4864x896,2,0.1,4864,486,117.71428571428571,3395.216821846041,3395.218664455632,20,DP; rtol=1e-6,49d13118f7639cf7701ebdc5da2d9a8f43ebfc3e56c5c4c22a6d5bf65373419b,950268bb257438cf8666d50db7fb9a488f7a92802f8688fe738e5b8918ffdb64,486,100.0,ok,541.1039391160011,0.15937242524081072,11.124669800359332,4,0,0.0,0.0,0,5.427071929631211e-05,"[[1514, 1645], [2250, 2368], [2658, 2776], [2807, 2926]]"
384,4864x896,2,0.2,4864,972,117.71428571428571,3335.7531545761126,3335.7555654026246,17,DP; rtol=1e-6,49d13118f7639cf7701ebdc5da2d9a8f43ebfc3e56c5c4c22a6d5bf65373419b,950268bb257438cf8666d50db7fb9a488f7a92802f8688fe738e5b8918ffdb64,972,100.0,ok,1063.7339343428612,0.3188886842192117,21.869529899069082,8,2,1.4285714285714164,0.00014383373759024152,0,7.227227729611485e-05,"[[1004, 1121], [1332, 1464], [1514, 1645], [2250, 2368], [2658, 2776], [2805, 2926], [3254, 3372], [3794, 3911]]"
384,4864x896,2,0.3,4864,1459,117.71428571428571,3298.82790389252,3298.8297727776976,19,DP; rtol=1e-6,49d13118f7639cf7701ebdc5da2d9a8f43ebfc3e56c5c4c22a6d5bf65373419b,950268bb257438cf8666d50db7fb9a488f7a92802f8688fe738e5b8918ffdb64,1459,100.0,ok,1578.3083845674992,0.47844520252333916,32.448774352182056,11,0,0.0,0.0,0,5.665297412305037e-05,"[[1004, 1122], [1329, 1464], [1514, 1645], [1845, 1963], [2003, 2144], [2250, 2431], [2658, 2780], [2805, 2926], [3251, 3382], [3775, 3911], [4343, 4468]]"
384,4864x896,2,0.4,4864,1945,117.71428571428571,3261.224773381043,3261.2271157026707,18,DP; rtol=1e-6,49d13118f7639cf7701ebdc5da2d9a8f43ebfc3e56c5c4c22a6d5bf65373419b,950268bb257438cf8666d50db7fb9a488f7a92802f8688fe738e5b8918ffdb64,1945,100.0,ok,2080.3011856377125,0.6378895446329449,42.76935003157365,15,1,0.7142857142857082,7.191686879512076e-05,0,7.182332123489843e-05,"[[177, 296], [1004, 1122], [1329, 1464], [1514, 1645], [1845, 1963], [2003, 2144], [2250, 2431], [2658, 2780], [2805, 2926], [3251, 3382], [3483, 3601], [3626, 3743], [3775, 3911], [4139, 4271], [4343, 4468]]"
384,4864x896,2,0.5,4864,2432,117.71428571428571,3227.090192862695,3227.093282322897,17,DP; rtol=1e-6,49d13118f7639cf7701ebdc5da2d9a8f43ebfc3e56c5c4c22a6d5bf65373419b,950268bb257438cf8666d50db7fb9a488f7a92802f8688fe738e5b8918ffdb64,2432,100.0,ok,2573.894533485174,0.7975898966746627,52.91723958386122,18,1,0.7142857142857082,7.191686879512076e-05,0,9.57350758556963e-05,"[[177, 296], [377, 495], [903, 1022], [1038, 1156], [1306, 1464], [1514, 1669], [1845, 1975], [2003, 2162], [2250, 2431], [2658, 2780], [2805, 2926], [3251, 3417], [3483, 3605], [3626, 3743], [3775, 3911], [4139, 4271], [4338, 4468], [4728, 4857]]"
384,4864x896,2,0.6,4864,2918,117.71428571428571,3198.771002049083,3198.7728480687892,17,DP; rtol=1e-6,49d13118f7639cf7701ebdc5da2d9a8f43ebfc3e56c5c4c22a6d5bf65373419b,950268bb257438cf8666d50db7fb9a488f7a92802f8688fe738e5b8918ffdb64,2918,100.0,ok,3061.103325396776,0.9569623219154735,62.93386770655284,22,1,0.7142857142857082,7.191686879512076e-05,0,5.771024682577064e-05,"[[177, 296], [377, 495], [624, 745], [903, 1022], [1038, 1156], [1306, 1464], [1514, 1669], [1693, 1812], [1845, 1975], [2003, 2144], [2250, 2431], [2658, 2780], [2805, 2926], [2989, 3111], [3251, 3417], [3484, 3605], [3626, 3743], [3766, 3911], [4139, 4271], [4338, 4468], [4582, 4716], [4728, 4857]]"
384,4864x896,2,0.7,4864,3404,117.71428571428571,3171.439428465489,3171.4419259335036,15,DP; rtol=1e-6,49d13118f7639cf7701ebdc5da2d9a8f43ebfc3e56c5c4c22a6d5bf65373419b,950268bb257438cf8666d50db7fb9a488f7a92802f8688fe738e5b8918ffdb64,3404,100.0,ok,3541.0266564786434,1.1165361143889103,72.80071250627206,26,1,2.714285714285708,0.0002732841014214606,0,7.874865984858204e-05,"[[177, 296], [378, 520], [624, 745], [897, 1022], [1038, 1156], [1221, 1387], [1415, 1536], [1575, 1729], [1783, 1911], [1942, 2066], [2092, 2207], [2250, 2382], [2402, 2546], [2658, 2791], [2805, 2926], [2989, 3111], [3251, 3399], [3409, 3535], [3563, 3703], [3715, 3841], [3853, 3981], [3992, 4112], [4133, 4271], [4338, 4468], [4582, 4716], [4728, 4857]]"
384,4864x896,2,0.8,4864,3891,117.71428571428571,3145.2449612516066,3145.246636497938,17,DP; rtol=1e-6,49d13118f7639cf7701ebdc5da2d9a8f43ebfc3e56c5c4c22a6d5bf65373419b,950268bb257438cf8666d50db7fb9a488f7a92802f8688fe738e5b8918ffdb64,3891,100.0,ok,4013.216769963503,1.2759631823292068,82.50856845737638,29,0,0.0,0.0,0,5.326279701733938e-05,"[[177, 298], [378, 520], [589, 713], [716, 834], [895, 1022], [1038, 1156], [1221, 1387], [1400, 1536], [1575, 1729], [1739, 1925], [1942, 2066], [2089, 2207], [2250, 2431], [2491, 2632], [2658, 2791], [2805, 2926], [2937, 3059], [3071, 3189], [3251, 3400], [3408, 3535], [3563, 3703], [3715, 3846], [3853, 3981], [3992, 4112], [4133, 4271], [4297, 4415], [4426, 4553], [4582, 4716], [4728, 4857]]"
384,4864x896,2,0.9,4864,4377,117.71428571428571,3114.8498097610495,3114.85271772081,14,DP; rtol=1e-6,49d13118f7639cf7701ebdc5da2d9a8f43ebfc3e56c5c4c22a6d5bf65373419b,950268bb257438cf8666d50db7fb9a488f7a92802f8688fe738e5b8918ffdb64,4377,100.0,ok,4470.85484418273,1.4353356075700177,91.917245969646,32,0,0.0,0.0,0,9.335785745578917e-05,"[[8, 132], [151, 292], [295, 422], [428, 552], [589, 713], [716, 834], [849, 984], [1004, 1123], [1143, 1283], [1304, 1422], [1428, 1546], [1575, 1729], [1739, 1936], [1942, 2079], [2089, 2207], [2250, 2386], [2402, 2560], [2586, 2791], [2805, 2932], [2935, 3059], [3083, 3211], [3251, 3400], [3408, 3535], [3545, 3705], [3715, 3857], [3858, 3981], [3987, 4112], [4133, 4286], [4297, 4415], [4425, 4553], [4565, 4716], [4728, 4857]]"
385,896x896,2,0.1,896,89,117.71428571428571,3394.7601022443955,3394.7625928960897,21,DP; rtol=1e-6,49d13118f7639cf7701ebdc5da2d9a8f43ebfc3e56c5c4c22a6d5bf65373419b,950268bb257438cf8666d50db7fb9a488f7a92802f8688fe738e5b8918ffdb64,89,100.0,ok,108.89216977357864,0.032076543406288474,12.153144011408477,1,1,28.714285714285708,0.0028910581255638785,0,7.336747787078934e-05,"[[483, 572]]"
385,896x896,2,0.2,896,179,117.71428571428571,3475.5775432662354,3475.5804601298414,20,DP; rtol=1e-6,49d13118f7639cf7701ebdc5da2d9a8f43ebfc3e56c5c4c22a6d5bf65373419b,950268bb257438cf8666d50db7fb9a488f7a92802f8688fe738e5b8918ffdb64,179,100.0,ok,204.01256948709488,0.05869889736235621,22.769260106301395,1,0,0.0,0.0,0,8.392450238092763e-05,"[[470, 649]]"
385,896x896,2,0.3,896,268,117.71428571428571,3527.0872719040294,3527.089860760184,18,DP; rtol=1e-6,49d13118f7639cf7701ebdc5da2d9a8f43ebfc3e56c5c4c22a6d5bf65373419b,950268bb257438cf8666d50db7fb9a488f7a92802f8688fe738e5b8918ffdb64,268,100.0,ok,312.0051440000534,0.08845971759344178,34.822002860419936,2,1,5.714285714285708,0.0005753349503609703,0,7.339921171967134e-05,"[[53, 209], [537, 649]]"
385,896x896,2,0.4,896,358,117.71428571428571,3471.828154860003,3471.8298794120883,19,DP; rtol=1e-6,49d13118f7639cf7701ebdc5da2d9a8f43ebfc3e56c5c4c22a6d5bf65373419b,950268bb257438cf8666d50db7fb9a488f7a92802f8688fe738e5b8918ffdb64,358,100.0,ok,407.5849690437317,0.11739779472471241,45.4893941040362,2,0,0.0,0.0,0,4.967271280964525e-05,"[[53, 211], [449, 649]]"
385,896x896,2,0.5,896,448,117.71428571428571,3402.609518828239,3402.612100709491,17,DP; rtol=1e-6,49d13118f7639cf7701ebdc5da2d9a8f43ebfc3e56c5c4c22a6d5bf65373419b,950268bb257438cf8666d50db7fb9a488f7a92802f8688fe738e5b8918ffdb64,448,100.0,ok,500.468762755394,0.14708380729145232,55.85588899206152,3,1,1.7142857142857082,0.00017260048510829066,0,7.587938841702169e-05,"[[53, 219], [483, 649], [744, 860]]"
385,896x896,2,0.6,896,537,117.71428571428571,3380.478194796334,3380.4802222972767,18,DP; rtol=1e-6,49d13118f7639cf7701ebdc5da2d9a8f43ebfc3e56c5c4c22a6d5bf65373419b,950268bb257438cf8666d50db7fb9a488f7a92802f8688fe738e5b8918ffdb64,537,100.0,ok,595.5341411828995,0.17616860895586373,66.4658643183944,4,1,0.7142857142857082,7.191686879512076e-05,0,5.99767136510998e-05,"[[53, 219], [377, 495], [539, 656], [709, 845]]"
385,896x896,2,0.7,896,627,117.71428571428571,3320.154099807672,3320.1561863418237,17,DP; rtol=1e-6,49d13118f7639cf7701ebdc5da2d9a8f43ebfc3e56c5c4c22a6d5bf65373419b,950268bb257438cf8666d50db7fb9a488f7a92802f8688fe738e5b8918ffdb64,627,100.0,ok,682.6572303175926,0.20561010416870024,76.18942342438268,5,0,0.0,0.0,0,6.284445774884517e-05,"[[31, 157], [169, 292], [379, 503], [538, 656], [709, 845]]"
385,896x896,2,0.8,896,716,117.71428571428571,3246.912483056802,3246.914189373426,15,DP; rtol=1e-6,49d13118f7639cf7701ebdc5da2d9a8f43ebfc3e56c5c4c22a6d5bf65373419b,950268bb257438cf8666d50db7fb9a488f7a92802f8688fe738e5b8918ffdb64,716,100.0,ok,762.3607303500175,0.23479558944942486,85.08490338516853,5,0,0.0,0.0,0,5.2551946994050525e-05,"[[31, 219], [262, 387], [396, 517], [539, 678], [702, 845]]"
385,896x896,2,0.9,896,806,117.71428571428571,3159.9547337418126,3159.9564312172306,15,DP; rtol=1e-6,49d13118f7639cf7701ebdc5da2d9a8f43ebfc3e56c5c4c22a6d5bf65373419b,950268bb257438cf8666d50db7fb9a488f7a92802f8688fe738e5b8918ffdb64,806,100.0,ok,835.2044805586338,0.26430900153105646,93.21478626340632,5,0,0.0,0.0,0,5.3718317161166595e-05,"[[0, 235], [257, 387], [396, 517], [539, 733], [742, 868]]"
386,896x128,2,0.1,896,89,824.0,7386.959796396852,7386.965216026922,21,DP; rtol=1e-6,49d13118f7639cf7701ebdc5da2d9a8f43ebfc3e56c5c4c22a6d5bf65373419b,950268bb257438cf8666d50db7fb9a488f7a92802f8688fe738e5b8918ffdb64,89,100.0,ok,108.89216977357864,0.014741134752986355,12.153144011408477,1,1,735.0,0.010571779712882841,0,7.336747787078934e-05,"[[483, 572]]"
386,896x128,2,0.2,896,179,824.0,11550.387830082405,11550.39752369605,20,DP; rtol=1e-6,49d13118f7639cf7701ebdc5da2d9a8f43ebfc3e56c5c4c22a6d5bf65373419b,950268bb257438cf8666d50db7fb9a488f7a92802f8688fe738e5b8918ffdb64,179,100.0,ok,204.01256948709488,0.01766283284062154,22.769260106301395,1,1,645.0,0.009277276074570656,0,8.392450238092763e-05,"[[470, 649]]"
386,896x128,2,0.3,896,268,824.0,14185.838721575954,14185.846946111524,20,DP; rtol=1e-6,49d13118f7639cf7701ebdc5da2d9a8f43ebfc3e56c5c4c22a6d5bf65373419b,950268bb257438cf8666d50db7fb9a488f7a92802f8688fe738e5b8918ffdb64,268,100.0,ok,291.54831659793854,0.0205520676161719,32.538874790225556,1,1,556.0,0.007997155810017496,0,5.79770499498089e-05,"[[381, 649]]"
386,896x128,2,0.4,896,358,824.0,16155.82805537351,16155.841581050885,19,DP; rtol=1e-6,49d13118f7639cf7701ebdc5da2d9a8f43ebfc3e56c5c4c22a6d5bf65373419b,950268bb257438cf8666d50db7fb9a488f7a92802f8688fe738e5b8918ffdb64,358,100.0,ok,379.23812252283096,0.023473765703807083,42.325683538307445,1,1,466.0,0.006702652171705311,0,8.372004210999151e-05,"[[450, 808]]"
386,896x128,2,0.5,896,448,824.0,17780.899894308706,17780.91051976057,19,DP; rtol=1e-6,49d13118f7639cf7701ebdc5da2d9a8f43ebfc3e56c5c4c22a6d5bf65373419b,950268bb257438cf8666d50db7fb9a488f7a92802f8688fe738e5b8918ffdb64,448,100.0,ok,469.33509933948517,0.026395463791442274,52.381149753390694,1,1,376.0,0.005408148533393127,0,5.975763645027499e-05,"[[202, 650]]"
386,896x128,2,0.6,896,537,824.0,18983.35170544951,18983.36805808465,18,DP; rtol=1e-6,49d13118f7639cf7701ebdc5da2d9a8f43ebfc3e56c5c4c22a6d5bf65373419b,950268bb257438cf8666d50db7fb9a488f7a92802f8688fe738e5b8918ffdb64,537,100.0,ok,555.9217324852943,0.029284698566992628,62.04483653887838,1,1,287.0,0.0041280282688399665,0,8.614190637468155e-05,"[[44, 581]]"
386,896x128,2,0.7,896,627,824.0,20193.158333523137,20193.169317253487,18,DP; rtol=1e-6,49d13118f7639cf7701ebdc5da2d9a8f43ebfc3e56c5c4c22a6d5bf65373419b,950268bb257438cf8666d50db7fb9a488f7a92802f8688fe738e5b8918ffdb64,627,100.0,ok,650.3488669991493,0.032206396654627815,72.58357928519077,1,1,197.0,0.002833524630527782,0,5.4393295956245424e-05,"[[23, 650]]"
386,896x128,2,0.8,896,716,824.0,20850.08832606403,20850.1030631596,17,DP; rtol=1e-6,49d13118f7639cf7701ebdc5da2d9a8f43ebfc3e56c5c4c22a6d5bf65373419b,950268bb257438cf8666d50db7fb9a488f7a92802f8688fe738e5b8918ffdb64,716,100.0,ok,731.7470151782036,0.035095631430178166,81.66819408475776,1,1,108.0,0.0015534043659746217,0,7.068116414377101e-05,"[[44, 760]]"
386,896x128,2,0.9,896,806,824.0,21725.580773134294,21725.601533808112,15,DP; rtol=1e-6,49d13118f7639cf7701ebdc5da2d9a8f43ebfc3e56c5c4c22a6d5bf65373419b,950268bb257438cf8666d50db7fb9a488f7a92802f8688fe738e5b8918ffdb64,806,100.0,ok,825.9485632181168,0.03801732951781336,92.1817597691148,1,1,18.0,0.00025890072766243693,0,9.555856848031397e-05,"[[39, 845]]"
389,896x4864,2,0.1,896,89,21.68421052631579,793.5350261822026,793.5356197368467,19,DP; rtol=1e-6,49d13118f7639cf7701ebdc5da2d9a8f43ebfc3e56c5c4c22a6d5bf65373419b,950268bb257438cf8666d50db7fb9a488f7a92802f8688fe738e5b8918ffdb64,89,100.0,ok,125.7241119146347,0.1584354915239335,14.03170890031206,4,0,0.0,0.0,0,7.47987398797001e-05,"[[50, 73], [204, 226], [557, 579], [641, 663]]"
389,896x4864,2,0.2,896,179,21.68421052631579,717.3836638737724,717.3840873834702,18,DP; rtol=1e-6,49d13118f7639cf7701ebdc5da2d9a8f43ebfc3e56c5c4c22a6d5bf65373419b,950268bb257438cf8666d50db7fb9a488f7a92802f8688fe738e5b8918ffdb64,179,100.0,ok,228.8634129166603,0.3190251248276683,25.542791586063974,8,1,0.6842105263157912,0.0003739677177346321,0,5.903527903194927e-05,"[[50, 73], [204, 225], [262, 284], [362, 387], [437, 459], [557, 579], [641, 663], [739, 761]]"
389,896x4864,2,0.3,896,268,21.68421052631579,673.9631777328058,673.9635956346958,17,DP; rtol=1e-6,49d13118f7639cf7701ebdc5da2d9a8f43ebfc3e56c5c4c22a6d5bf65373419b,950268bb257438cf8666d50db7fb9a488f7a92802f8688fe738e5b8918ffdb64,268,100.0,ok,321.5388337671757,0.4770866486338672,35.8860305064653,11,0,0.0,0.0,0,6.200659691257826e-05,"[[50, 73], [140, 171], [207, 233], [262, 290], [362, 388], [437, 459], [465, 488], [557, 579], [641, 663], [739, 761], [843, 866]]"
389,896x4864,2,0.4,896,358,21.68421052631579,650.17530768527,650.1758160386476,15,DP; rtol=1e-6,49d13118f7639cf7701ebdc5da2d9a8f43ebfc3e56c5c4c22a6d5bf65373419b,950268bb257438cf8666d50db7fb9a488f7a92802f8688fe738e5b8918ffdb64,358,100.0,ok,414.35822823643684,0.6373023142198673,46.245337911080206,15,0,0.0,0.0,0,7.818706340145809e-05,"[[50, 73], [93, 116], [140, 171], [207, 233], [262, 284], [362, 388], [437, 459], [465, 488], [557, 579], [591, 614], [641, 663], [709, 731], [739, 761], [773, 801], [843, 866]]"
389,896x4864,2,0.5,896,448,21.68421052631579,632.2226455159193,632.2230838345649,18,DP; rtol=1e-6,49d13118f7639cf7701ebdc5da2d9a8f43ebfc3e56c5c4c22a6d5bf65373419b,950268bb257438cf8666d50db7fb9a488f7a92802f8688fe738e5b8918ffdb64,448,100.0,ok,504.20892703937716,0.7975179798058676,56.27331767480697,18,0,0.0,0.0,0,6.93297440124141e-05,"[[50, 73], [93, 116], [125, 149], [151, 174], [207, 233], [262, 290], [325, 348], [353, 388], [437, 459], [483, 511], [557, 579], [591, 614], [643, 674], [709, 731], [739, 761], [773, 801], [820, 842], [843, 866]]"
389,896x4864,2,0.6,896,537,21.68421052631579,617.4949787518161,617.4952981853069,18,DP; rtol=1e-6,49d13118f7639cf7701ebdc5da2d9a8f43ebfc3e56c5c4c22a6d5bf65373419b,950268bb257438cf8666d50db7fb9a488f7a92802f8688fe738e5b8918ffdb64,537,100.0,ok,590.2964684665203,0.955953471329801,65.88130219625991,20,0,0.0,0.0,0,5.1730513850323234e-05,"[[48, 73], [93, 119], [125, 150], [151, 189], [207, 234], [261, 290], [325, 348], [353, 395], [406, 430], [437, 459], [464, 488], [494, 517], [548, 579], [591, 614], [643, 674], [709, 733], [739, 763], [773, 802], [820, 842], [843, 868]]"
389,896x4864,2,0.7,896,627,21.68421052631579,604.4322255194227,604.4326640227304,17,DP; rtol=1e-6,49d13118f7639cf7701ebdc5da2d9a8f43ebfc3e56c5c4c22a6d5bf65373419b,950268bb257438cf8666d50db7fb9a488f7a92802f8688fe738e5b8918ffdb64,627,100.0,ok,674.648595482111,1.1161691369158013,75.29560207382494,25,0,0.0,0.0,0,7.254791704047747e-05,"[[3, 32], [44, 69], [70, 95], [99, 130], [132, 162], [163, 189], [207, 234], [261, 284], [287, 309], [325, 348], [353, 375], [376, 398], [405, 431], [437, 462], [464, 488], [494, 517], [548, 579], [591, 614], [643, 666], [667, 690], [709, 733], [739, 763], [773, 802], [820, 842], [843, 868]]"
389,896x4864,2,0.8,896,716,21.68421052631579,592.9921907303807,592.9927100753771,16,DP; rtol=1e-6,49d13118f7639cf7701ebdc5da2d9a8f43ebfc3e56c5c4c22a6d5bf65373419b,950268bb257438cf8666d50db7fb9a488f7a92802f8688fe738e5b8918ffdb64,716,100.0,ok,755.8305909335613,1.274604628439735,84.35609262550734,27,0,0.0,0.0,0,8.758033405165122e-05,"[[3, 42], [44, 69], [70, 95], [99, 130], [132, 162], [163, 189], [207, 236], [261, 285], [286, 309], [324, 348], [353, 375], [376, 398], [405, 431], [437, 462], [464, 488], [494, 517], [539, 579], [591, 617], [632, 666], [667, 690], [695, 717], [719, 743], [746, 769], [773, 802], [806, 831], [835, 863], [865, 889]]"
389,896x4864,2,0.9,896,806,21.68421052631579,580.5380309248645,580.538461945275,15,DP; rtol=1e-6,49d13118f7639cf7701ebdc5da2d9a8f43ebfc3e56c5c4c22a6d5bf65373419b,950268bb257438cf8666d50db7fb9a488f7a92802f8688fe738e5b8918ffdb64,806,100.0,ok,832.9677482247353,1.4348202940257349,92.9651503474044,29,0,0.0,0.0,0,7.42449361657016e-05,"[[3, 42], [44, 69], [70, 95], [96, 130], [132, 162], [163, 196], [207, 236], [260, 299], [300, 322], [324, 351], [353, 377], [378, 414], [416, 439], [441, 463], [464, 488], [491, 524], [529, 552], [553, 576], [578, 600], [602, 624], [631, 666], [667, 690], [692, 717], [719, 743], [745, 769], [770, 803], [806, 831], [832, 863], [865, 896]]"
401,896x128,2,0.1,896,89,824.0,7878.657421925988,7878.664866820978,21,DP; rtol=1e-6,49d13118f7639cf7701ebdc5da2d9a8f43ebfc3e56c5c4c22a6d5bf65373419b,950268bb257438cf8666d50db7fb9a488f7a92802f8688fe738e5b8918ffdb64,89,100.0,ok,116.14035072922707,0.014741134752986355,12.962092705183757,1,1,735.0,0.010571779712882841,0,9.44943732927861e-05,"[[541, 630]]"
401,896x128,2,0.2,896,179,824.0,11906.361992342749,11906.368320246682,21,DP; rtol=1e-6,49d13118f7639cf7701ebdc5da2d9a8f43ebfc3e56c5c4c22a6d5bf65373419b,950268bb257438cf8666d50db7fb9a488f7a92802f8688fe738e5b8918ffdb64,179,100.0,ok,210.30008161067963,0.01766283284062154,23.470991232845922,1,1,645.0,0.009277276074570656,0,5.314722141269712e-05,"[[540, 719]]"
401,896x128,2,0.3,896,268,824.0,14872.869814695925,14872.879974791005,20,DP; rtol=1e-6,49d13118f7639cf7701ebdc5da2d9a8f43ebfc3e56c5c4c22a6d5bf65373419b,950268bb257438cf8666d50db7fb9a488f7a92802f8688fe738e5b8918ffdb64,268,100.0,ok,305.66822607815266,0.0205520676161719,34.114757348128165,1,1,556.0,0.007997155810017496,0,6.831289633968396e-05,"[[535, 803]]"
401,896x128,2,0.4,896,358,824.0,17123.176002656095,17123.191873453325,19,DP; rtol=1e-6,49d13118f7639cf7701ebdc5da2d9a8f43ebfc3e56c5c4c22a6d5bf65373419b,950268bb257438cf8666d50db7fb9a488f7a92802f8688fe738e5b8918ffdb64,358,100.0,ok,401.9454215914011,0.023473765703807083,44.8599800532614,1,1,466.0,0.006702652171705311,0,9.268597436218329e-05,"[[483, 841]]"
401,896x128,2,0.5,896,448,824.0,18345.63068666398,18345.643718258943,19,DP; rtol=1e-6,49d13118f7639cf7701ebdc5da2d9a8f43ebfc3e56c5c4c22a6d5bf65373419b,950268bb257438cf8666d50db7fb9a488f7a92802f8688fe738e5b8918ffdb64,448,100.0,ok,484.24143052101135,0.026395463791442274,54.04480247126184,1,1,376.0,0.005408148533393127,0,7.103372966499322e-05,"[[427, 875]]"
401,896x128,2,0.6,896,537,824.0,19278.263712254797,19278.27419857692,19,DP; rtol=1e-6,49d13118f7639cf7701ebdc5da2d9a8f43ebfc3e56c5c4c22a6d5bf65373419b,950268bb257438cf8666d50db7fb9a488f7a92802f8688fe738e5b8918ffdb64,537,100.0,ok,564.558141708374,0.029284698566992628,63.008721123559106,1,1,287.0,0.0041280282688399665,0,5.4394506565635936e-05,"[[327, 864]]"
401,896x128,2,0.7,896,627,824.0,20100.412564602266,20100.42851382621,18,DP; rtol=1e-6,49d13118f7639cf7701ebdc5da2d9a8f43ebfc3e56c5c4c22a6d5bf65373419b,950268bb257438cf8666d50db7fb9a488f7a92802f8688fe738e5b8918ffdb64,627,100.0,ok,647.3618599772453,0.032206396654627815,72.25020753027206,1,1,197.0,0.002833524630527782,0,7.934768123663005e-05,"[[232, 859]]"
401,896x128,2,0.8,896,716,824.0,20916.353516046966,20916.364248417434,18,DP; rtol=1e-6,49d13118f7639cf7701ebdc5da2d9a8f43ebfc3e56c5c4c22a6d5bf65373419b,950268bb257438cf8666d50db7fb9a488f7a92802f8688fe738e5b8918ffdb64,716,100.0,ok,734.0726338624954,0.035095631430178166,81.92774925097217,1,1,108.0,0.0015534043659746217,0,5.131087956744551e-05,"[[140, 856]]"
401,896x128,2,0.9,896,806,824.0,21984.53130806163,21984.54724177078,16,DP; rtol=1e-6,49d13118f7639cf7701ebdc5da2d9a8f43ebfc3e56c5c4c22a6d5bf65373419b,950268bb257438cf8666d50db7fb9a488f7a92802f8688fe738e5b8918ffdb64,806,100.0,ok,835.7931710332632,0.03801732951781336,93.28048776562154,1,1,18.0,0.00025890072766243693,0,7.247685829270267e-05,"[[53, 859]]"
402,896x896,2,0.1,896,89,117.71428571428571,6246.232292717183,6246.236129011952,20,DP; rtol=1e-6,49d13118f7639cf7701ebdc5da2d9a8f43ebfc3e56c5c4c22a6d5bf65373419b,950268bb257438cf8666d50db7fb9a488f7a92802f8688fe738e5b8918ffdb64,89,100.0,ok,200.35754126310349,0.032076543406288474,22.361332743302146,1,1,28.714285714285708,0.0028910581255638785,0,6.141770323431217e-05,"[[37, 126]]"
402,896x896,2,0.2,896,179,117.71428571428571,5671.458780324687,5671.463351840652,19,DP; rtol=1e-6,49d13118f7639cf7701ebdc5da2d9a8f43ebfc3e56c5c4c22a6d5bf65373419b,950268bb257438cf8666d50db7fb9a488f7a92802f8688fe738e5b8918ffdb64,179,100.0,ok,365.1303878426552,0.0643803299971708,40.75115938121244,2,2,56.428571428571416,0.005681432634814587,0,8.060558063238688e-05,"[[20, 128], [324, 395]]"
402,896x896,2,0.3,896,268,117.71428571428571,5539.6631859250165,5539.66656082911,19,DP; rtol=1e-6,49d13118f7639cf7701ebdc5da2d9a8f43ebfc3e56c5c4c22a6d5bf65373419b,950268bb257438cf8666d50db7fb9a488f7a92802f8688fe738e5b8918ffdb64,268,100.0,ok,486.84987914562225,0.08788438264308081,54.335924043486465,2,0,0.0,0.0,0,6.0922513223093944e-05,"[[4, 154], [320, 438]]"
402,896x896,2,0.4,896,358,117.71428571428571,5094.458917708592,5094.4615745378,18,DP; rtol=1e-6,49d13118f7639cf7701ebdc5da2d9a8f43ebfc3e56c5c4c22a6d5bf65373419b,950268bb257438cf8666d50db7fb9a488f7a92802f8688fe738e5b8918ffdb64,358,100.0,ok,598.9575483351946,0.11757039520982071,66.84794070140758,3,1,1.7142857142857082,0.00017260048510829066,0,5.215132490299368e-05,"[[4, 128], [196, 312], [320, 438]]"
402,896x896,2,0.5,896,448,117.71428571428571,4762.161261253428,4762.163828752942,17,DP; rtol=1e-6,49d13118f7639cf7701ebdc5da2d9a8f43ebfc3e56c5c4c22a6d5bf65373419b,950268bb257438cf8666d50db7fb9a488f7a92802f8688fe738e5b8918ffdb64,448,100.0,ok,699.6148578971624,0.146911206806344,78.08201543585947,3,0,0.0,0.0,0,5.391455663028566e-05,"[[0, 160], [161, 288], [289, 450]]"
402,896x896,2,0.6,896,537,117.71428571428571,4357.139047648422,4357.141159768,16,DP; rtol=1e-6,49d13118f7639cf7701ebdc5da2d9a8f43ebfc3e56c5c4c22a6d5bf65373419b,950268bb257438cf8666d50db7fb9a488f7a92802f8688fe738e5b8918ffdb64,537,100.0,ok,777.2423604056239,0.1783836485147535,86.74579920301879,4,1,22.714285714285708,0.002286956427684859,0,4.8474894442929184e-05,"[[0, 157], [162, 287], [290, 450], [801, 896]]"
402,896x896,2,0.7,896,627,117.71428571428571,3935.3846065893636,3935.3865124902004,18,DP; rtol=1e-6,49d13118f7639cf7701ebdc5da2d9a8f43ebfc3e56c5c4c22a6d5bf65373419b,950268bb257438cf8666d50db7fb9a488f7a92802f8688fe738e5b8918ffdb64,627,100.0,ok,809.1548389047384,0.20561010416870024,90.30745975187276,3,0,0.0,0.0,0,4.842982590513856e-05,"[[0, 288], [289, 450], [718, 896]]"
402,896x896,2,0.8,896,716,117.71428571428571,3623.2438367916047,3623.24578073686,17,DP; rtol=1e-6,49d13118f7639cf7701ebdc5da2d9a8f43ebfc3e56c5c4c22a6d5bf65373419b,950268bb257438cf8666d50db7fb9a488f7a92802f8688fe738e5b8918ffdb64,716,100.0,ok,850.7216723784804,0.23479558944942483,94.94661527620211,3,0,0.0,0.0,0,5.365203944451835e-05,"[[0, 450], [619, 751], [762, 896]]"
402,896x896,2,0.9,896,806,117.71428571428571,3339.4407277934956,3339.4429314942463,15,DP; rtol=1e-6,49d13118f7639cf7701ebdc5da2d9a8f43ebfc3e56c5c4c22a6d5bf65373419b,950268bb257438cf8666d50db7fb9a488f7a92802f8688fe738e5b8918ffdb64,806,100.0,ok,882.6442444352433,0.26430900153105646,98.50940233818713,4,0,0.0,0.0,0,6.599007067453755e-05,"[[0, 288], [289, 450], [512, 710], [737, 896]]"
404,896x4864,2,0.1,896,89,21.68421052631579,769.8336965258626,769.8340501855009,20,DP; rtol=1e-6,49d13118f7639cf7701ebdc5da2d9a8f43ebfc3e56c5c4c22a6d5bf65373419b,950268bb257438cf8666d50db7fb9a488f7a92802f8688fe738e5b8918ffdb64,89,100.0,ok,122.25687305128668,0.15880945924166812,13.644740303013357,4,1,0.6842105263157912,0.0003739677177346321,0,4.593972405819713e-05,"[[53, 76], [481, 502], [557, 579], [642, 665]]"
404,896x4864,2,0.2,896,179,21.68421052631579,708.3732949394191,708.3737937195822,18,DP; rtol=1e-6,49d13118f7639cf7701ebdc5da2d9a8f43ebfc3e56c5c4c22a6d5bf65373419b,950268bb257438cf8666d50db7fb9a488f7a92802f8688fe738e5b8918ffdb64,179,100.0,ok,226.25378758704755,0.31939909254540294,25.25153880635687,8,2,1.3684210526315823,0.0007479354354692642,0,7.0412001051956e-05,"[[53, 76], [244, 266], [363, 388], [441, 462], [481, 502], [557, 579], [582, 604], [642, 665]]"
404,896x4864,2,0.3,896,268,21.68421052631579,677.6436315930919,677.644051378372,17,DP; rtol=1e-6,49d13118f7639cf7701ebdc5da2d9a8f43ebfc3e56c5c4c22a6d5bf65373419b,950268bb257438cf8666d50db7fb9a488f7a92802f8688fe738e5b8918ffdb64,268,100.0,ok,324.054979691864,0.4782085517870711,36.1668504308864,12,3,2.0526315789473735,0.0011219031532038962,0,6.194775549195342e-05,"[[53, 76], [207, 229], [244, 266], [363, 387], [441, 462], [481, 502], [557, 579], [582, 604], [642, 665], [748, 769], [777, 801], [844, 867]]"
404,896x4864,2,0.4,896,358,21.68421052631579,655.0249103951663,655.0254149397504,16,DP; rtol=1e-6,49d13118f7639cf7701ebdc5da2d9a8f43ebfc3e56c5c4c22a6d5bf65373419b,950268bb257438cf8666d50db7fb9a488f7a92802f8688fe738e5b8918ffdb64,358,100.0,ok,418.1837657789001,0.6384242173730712,46.672295312146495,15,3,2.0526315789473735,0.0011219031532038962,0,7.702671873666134e-05,"[[53, 76], [153, 176], [207, 229], [237, 266], [359, 388], [393, 416], [441, 462], [481, 502], [557, 579], [582, 604], [642, 665], [681, 713], [748, 769], [777, 801], [844, 867]]"
404,896x4864,2,0.5,896,448,21.68421052631579,638.6104886665827,638.6107971923145,15,DP; rtol=1e-6,49d13118f7639cf7701ebdc5da2d9a8f43ebfc3e56c5c4c22a6d5bf65373419b,950268bb257438cf8666d50db7fb9a488f7a92802f8688fe738e5b8918ffdb64,448,100.0,ok,509.54216651117895,0.7978919475236023,56.868545399187724,17,1,0.6842105263157912,0.0003739677177346321,0,4.8312013078977145e-05,"[[53, 76], [125, 149], [159, 189], [207, 248], [262, 290], [359, 388], [393, 416], [436, 461], [483, 507], [557, 579], [582, 604], [607, 629], [636, 665], [676, 713], [748, 769], [777, 802], [844, 867]]"
404,896x4864,2,0.6,896,537,21.68421052631579,623.7236404830367,623.7240433488256,18,DP; rtol=1e-6,49d13118f7639cf7701ebdc5da2d9a8f43ebfc3e56c5c4c22a6d5bf65373419b,950268bb257438cf8666d50db7fb9a488f7a92802f8688fe738e5b8918ffdb64,537,100.0,ok,596.4840317765484,0.9563274390475357,66.57187858118307,20,1,0.6842105263157912,0.0003739677177346321,0,6.459038949246931e-05,"[[50, 80], [98, 122], [125, 149], [159, 189], [207, 248], [261, 290], [326, 348], [356, 388], [393, 416], [436, 461], [483, 507], [553, 576], [582, 604], [607, 629], [636, 665], [676, 713], [719, 743], [748, 769], [775, 802], [839, 867]]"
404,896x4864,2,0.7,896,627,21.68421052631579,611.1337864197822,611.1341018678266,13,DP; rtol=1e-6,49d13118f7639cf7701ebdc5da2d9a8f43ebfc3e56c5c4c22a6d5bf65373419b,950268bb257438cf8666d50db7fb9a488f7a92802f8688fe738e5b8918ffdb64,627,100.0,ok,682.3572152355919,1.116543104633536,76.15593924008881,23,1,0.6842105263157912,0.0003739677177346321,0,5.161682902210529e-05,"[[24, 47], [48, 81], [97, 122], [125, 149], [159, 189], [207, 229], [232, 266], [272, 309], [326, 348], [356, 388], [393, 416], [427, 461], [483, 519], [543, 576], [582, 604], [607, 629], [636, 665], [670, 691], [692, 716], [719, 743], [747, 769], [775, 802], [839, 867]]"
404,896x4864,2,0.8,896,716,21.68421052631579,600.0028006612246,600.0032099918594,17,DP; rtol=1e-6,49d13118f7639cf7701ebdc5da2d9a8f43ebfc3e56c5c4c22a6d5bf65373419b,950268bb257438cf8666d50db7fb9a488f7a92802f8688fe738e5b8918ffdb64,716,100.0,ok,764.9907284775982,1.2749785961574696,85.37842956208324,26,1,0.6842105263157912,0.0003739677177346321,0,6.822140748985461e-05,"[[5, 39], [48, 81], [97, 122], [125, 149], [153, 189], [207, 236], [237, 266], [272, 309], [324, 350], [356, 388], [393, 416], [427, 461], [483, 524], [530, 555], [557, 579], [582, 604], [607, 629], [636, 665], [670, 691], [692, 716], [719, 743], [747, 769], [773, 802], [808, 831], [839, 864], [865, 890]]"
404,896x4864,2,0.9,896,806,21.68421052631579,586.6467091271603,586.6470541460781,16,DP; rtol=1e-6,49d13118f7639cf7701ebdc5da2d9a8f43ebfc3e56c5c4c22a6d5bf65373419b,950268bb257438cf8666d50db7fb9a488f7a92802f8688fe738e5b8918ffdb64,806,100.0,ok,841.7326036790619,1.4348202940257349,93.94337099528155,30,0,0.0,0.0,0,5.881200890733851e-05,"[[5, 43], [44, 69], [70, 94], [97, 124], [125, 149], [153, 189], [197, 225], [228, 266], [269, 291], [294, 318], [324, 350], [355, 377], [378, 416], [417, 440], [441, 466], [481, 503], [505, 527], [530, 555], [557, 579], [582, 604], [607, 630], [631, 666], [667, 691], [692, 718], [719, 743], [746, 769], [770, 802], [806, 836], [839, 864], [865, 896]]"
405,4864x896,2,0.1,4864,486,117.71428571428571,3474.441711190127,3474.4440104091227,20,DP; rtol=1e-6,49d13118f7639cf7701ebdc5da2d9a8f43ebfc3e56c5c4c22a6d5bf65373419b,950268bb257438cf8666d50db7fb9a488f7a92802f8688fe738e5b8918ffdb64,486,100.0,ok,553.730201870203,0.15937242524081072,11.384255799144256,4,0,0.0,0.0,0,6.617516323803585e-05,"[[291, 409], [3248, 3378], [3736, 3856], [4150, 4268]]"
405,4864x896,2,0.2,4864,972,117.71428571428571,3371.5377797612405,3371.5395808625544,18,DP; rtol=1e-6,49d13118f7639cf7701ebdc5da2d9a8f43ebfc3e56c5c4c22a6d5bf65373419b,950268bb257438cf8666d50db7fb9a488f7a92802f8688fe738e5b8918ffdb64,972,100.0,ok,1074.9027759432793,0.31881676735041653,22.09915247392798,7,1,0.7142857142857082,7.191686879512076e-05,0,5.342073764458277e-05,"[[291, 408], [597, 745], [1236, 1367], [2092, 2212], [3250, 3455], [3713, 3846], [4150, 4268]]"
405,4864x896,2,0.3,4864,1459,117.71428571428571,3317.9172631141237,3317.9194631847254,19,DP; rtol=1e-6,49d13118f7639cf7701ebdc5da2d9a8f43ebfc3e56c5c4c22a6d5bf65373419b,950268bb257438cf8666d50db7fb9a488f7a92802f8688fe738e5b8918ffdb64,1459,100.0,ok,1587.6802111268044,0.47851711939213426,32.641451720821365,11,1,0.7142857142857082,7.191686879512076e-05,0,6.630874034296852e-05,"[[291, 408], [597, 745], [1236, 1359], [1429, 1586], [1689, 1807], [2092, 2212], [3100, 3276], [3330, 3456], [3713, 3846], [4150, 4268], [4468, 4591]]"
405,4864x896,2,0.4,4864,1945,117.71428571428571,3281.7097534057684,3281.711800877,18,DP; rtol=1e-6,49d13118f7639cf7701ebdc5da2d9a8f43ebfc3e56c5c4c22a6d5bf65373419b,950268bb257438cf8666d50db7fb9a488f7a92802f8688fe738e5b8918ffdb64,1945,100.0,ok,2093.6043505072594,0.6379614615017402,43.04285261644938,14,2,1.4285714285714164,0.00014383373759024152,0,6.239034247013109e-05,"[[141, 258], [291, 408], [597, 745], [848, 979], [1236, 1359], [1429, 1595], [1689, 1807], [2092, 2212], [2583, 2702], [3100, 3276], [3330, 3491], [3713, 3846], [4088, 4266], [4468, 4606]]"
405,4864x896,2,0.5,4864,2432,117.71428571428571,3252.7175470368074,3252.719256372382,17,DP; rtol=1e-6,49d13118f7639cf7701ebdc5da2d9a8f43ebfc3e56c5c4c22a6d5bf65373419b,950268bb257438cf8666d50db7fb9a488f7a92802f8688fe738e5b8918ffdb64,2432,100.0,ok,2594.100726991892,0.7975179798058676,53.332662991974914,18,0,0.0,0.0,0,5.255097166312339e-05,"[[140, 258], [291, 409], [443, 583], [597, 745], [848, 979], [1026, 1150], [1236, 1367], [1428, 1595], [1689, 1807], [2023, 2145], [2199, 2324], [2583, 2702], [3100, 3277], [3330, 3456], [3713, 3846], [4088, 4266], [4468, 4606], [4734, 4853]]"
405,4864x896,2,0.6,4864,2918,117.71428571428571,3227.7096841574485,3227.7119583474905,18,DP; rtol=1e-6,49d13118f7639cf7701ebdc5da2d9a8f43ebfc3e56c5c4c22a6d5bf65373419b,950268bb257438cf8666d50db7fb9a488f7a92802f8688fe738e5b8918ffdb64,2918,100.0,ok,3088.7965538203716,0.9569623219154736,63.50321864590815,21,1,0.7142857142857082,7.191686879512076e-05,0,7.045827110641056e-05,"[[140, 258], [291, 408], [443, 583], [597, 745], [848, 992], [1032, 1150], [1236, 1367], [1429, 1595], [1689, 1807], [1817, 1936], [2023, 2145], [2160, 2324], [2437, 2557], [2583, 2702], [2935, 3053], [3100, 3276], [3330, 3491], [3713, 3846], [4088, 4266], [4468, 4606], [4658, 4828]]"
405,4864x896,2,0.7,4864,3404,117.71428571428571,3198.065121132781,3198.0678823881944,17,DP; rtol=1e-6,49d13118f7639cf7701ebdc5da2d9a8f43ebfc3e56c5c4c22a6d5bf65373419b,950268bb257438cf8666d50db7fb9a488f7a92802f8688fe738e5b8918ffdb64,3404,100.0,ok,3569.8812235593796,1.116262830287489,73.39393965563102,24,0,0.0,0.0,0,8.634136344776167e-05,"[[106, 256], [291, 409], [443, 583], [597, 745], [814, 992], [1023, 1150], [1236, 1367], [1428, 1553], [1563, 1681], [1689, 1807], [1817, 1936], [2003, 2153], [2160, 2324], [2437, 2560], [2576, 2702], [2776, 2895], [2935, 3053], [3079, 3288], [3329, 3491], [3713, 3848], [4088, 4266], [4313, 4431], [4468, 4606], [4658, 4850]]"
405,4864x896,2,0.8,4864,3891,117.71428571428571,3164.246549231415,3164.249236129808,16,DP; rtol=1e-6,49d13118f7639cf7701ebdc5da2d9a8f43ebfc3e56c5c4c22a6d5bf65373419b,950268bb257438cf8666d50db7fb9a488f7a92802f8688fe738e5b8918ffdb64,3891,100.0,ok,4037.462096631527,1.2759631823292066,83.00703326667497,27,0,0.0,0.0,0,8.49142464010022e-05,"[[57, 256], [291, 428], [443, 583], [595, 745], [814, 992], [1023, 1209], [1232, 1367], [1428, 1553], [1560, 1681], [1688, 1807], [1817, 1936], [2003, 2153], [2159, 2324], [2437, 2560], [2569, 2732], [2776, 2895], [2931, 3053], [3079, 3220], [3247, 3426], [3449, 3568], [3582, 3700], [3713, 3848], [3944, 4062], [4088, 4266], [4313, 4431], [4468, 4606], [4654, 4850]]"
405,4864x896,2,0.9,4864,4377,117.71428571428571,3122.1401128661405,3122.1423840243824,14,DP; rtol=1e-6,49d13118f7639cf7701ebdc5da2d9a8f43ebfc3e56c5c4c22a6d5bf65373419b,950268bb257438cf8666d50db7fb9a488f7a92802f8688fe738e5b8918ffdb64,4377,100.0,ok,4481.318875819445,1.4353356075700174,92.13237823683065,32,0,0.0,0.0,0,7.274358316822216e-05,"[[57, 192], [196, 314], [317, 439], [443, 583], [595, 746], [793, 993], [1023, 1142], [1145, 1263], [1273, 1398], [1428, 1553], [1558, 1681], [1688, 1807], [1817, 1977], [2003, 2153], [2159, 2324], [2364, 2482], [2497, 2615], [2616, 2734], [2744, 2866], [2885, 3008], [3017, 3166], [3168, 3288], [3298, 3426], [3440, 3568], [3582, 3722], [3734, 3886], [3902, 4020], [4028, 4175], [4188, 4354], [4364, 4505], [4514, 4634], [4654, 4853]]"
415,896x128,2,0.1,896,89,824.0,7471.06248739842,7471.069706515218,21,DP; rtol=1e-6,49d13118f7639cf7701ebdc5da2d9a8f43ebfc3e56c5c4c22a6d5bf65373419b,950268bb257438cf8666d50db7fb9a488f7a92802f8688fe738e5b8918ffdb64,89,100.0,ok,110.13193887472153,0.014741134752986355,12.291511037475967,1,1,735.0,0.010571779712882841,0,9.66276193614668e-05,"[[539, 628]]"
415,896x128,2,0.2,896,179,824.0,11596.678356324897,11596.68473298605,21,DP; rtol=1e-6,49d13118f7639cf7701ebdc5da2d9a8f43ebfc3e56c5c4c22a6d5bf65373419b,950268bb257438cf8666d50db7fb9a488f7a92802f8688fe738e5b8918ffdb64,179,100.0,ok,204.83019131422043,0.01766283284062154,22.86051242783426,1,1,645.0,0.009277276074570656,0,5.498693204097904e-05,"[[540, 719]]"
415,896x128,2,0.3,896,268,824.0,14644.991481211351,14645.001827050313,20,DP; rtol=1e-6,49d13118f7639cf7701ebdc5da2d9a8f43ebfc3e56c5c4c22a6d5bf65373419b,950268bb257438cf8666d50db7fb9a488f7a92802f8688fe738e5b8918ffdb64,268,100.0,ok,300.98485516011715,0.0205520676161719,33.592059734116255,1,1,556.0,0.007997155810017496,0,7.06441629971799e-05,"[[539, 807]]"
415,896x128,2,0.4,896,358,824.0,16785.557153814563,16785.57376041074,19,DP; rtol=1e-6,49d13118f7639cf7701ebdc5da2d9a8f43ebfc3e56c5c4c22a6d5bf65373419b,950268bb257438cf8666d50db7fb9a488f7a92802f8688fe738e5b8918ffdb64,358,100.0,ok,394.0202358365059,0.023473765703807083,43.97547275802051,1,1,466.0,0.006702652171705311,0,9.893374165459434e-05,"[[494, 852]]"
415,896x128,2,0.5,896,448,824.0,18128.02684288104,18128.040330663156,19,DP; rtol=1e-6,49d13118f7639cf7701ebdc5da2d9a8f43ebfc3e56c5c4c22a6d5bf65373419b,950268bb257438cf8666d50db7fb9a488f7a92802f8688fe738e5b8918ffdb64,448,100.0,ok,478.4976761415601,0.026395463791442274,53.40375850815564,1,1,376.0,0.005408148533393127,0,7.44028690879972e-05,"[[442, 890]]"
415,896x128,2,0.6,896,537,824.0,19113.52396640467,19113.53481014171,19,DP; rtol=1e-6,49d13118f7639cf7701ebdc5da2d9a8f43ebfc3e56c5c4c22a6d5bf65373419b,950268bb257438cf8666d50db7fb9a488f7a92802f8688fe738e5b8918ffdb64,537,100.0,ok,559.7337879091501,0.029284698566992628,62.4702888410939,1,1,287.0,0.0041280282688399665,0,5.6733289510724205e-05,"[[326, 863]]"
415,896x128,2,0.7,896,627,824.0,19939.64926999489,19939.665967271605,18,DP; rtol=1e-6,49d13118f7639cf7701ebdc5da2d9a8f43ebfc3e56c5c4c22a6d5bf65373419b,950268bb257438cf8666d50db7fb9a488f7a92802f8688fe738e5b8918ffdb64,627,100.0,ok,642.1842535436153,0.032206396654627815,71.67234973955753,1,1,197.0,0.002833524630527782,0,8.373899914593252e-05,"[[228, 855]]"
415,896x128,2,0.8,896,716,824.0,20762.988535820165,20762.99997829092,18,DP; rtol=1e-6,49d13118f7639cf7701ebdc5da2d9a8f43ebfc3e56c5c4c22a6d5bf65373419b,950268bb257438cf8666d50db7fb9a488f7a92802f8688fe738e5b8918ffdb64,716,100.0,ok,728.6901930421591,0.035095631430178166,81.32703048900936,1,1,108.0,0.0015534043659746217,0,5.5109910745976265e-05,"[[44, 760]]"
415,896x128,2,0.9,896,806,824.0,21929.426940003268,21929.44400444488,16,DP; rtol=1e-6,49d13118f7639cf7701ebdc5da2d9a8f43ebfc3e56c5c4c22a6d5bf65373419b,950268bb257438cf8666d50db7fb9a488f7a92802f8688fe738e5b8918ffdb64,806,100.0,ok,833.6982501149178,0.03801732951781336,93.04667971812117,1,1,18.0,0.00025890072766243693,0,7.781520410254927e-05,"[[53, 859]]"
416,896x896,2,0.1,896,89,117.71428571428571,5186.450859068997,5186.454801931454,21,DP; rtol=1e-6,49d13118f7639cf7701ebdc5da2d9a8f43ebfc3e56c5c4c22a6d5bf65373419b,950268bb257438cf8666d50db7fb9a488f7a92802f8688fe738e5b8918ffdb64,89,100.0,ok,166.3634161055088,0.032076543406288474,18.56734553766044,1,1,28.714285714285708,0.0028910581255638785,0,7.602230440717506e-05,"[[315, 404]]"
416,896x896,2,0.2,896,179,117.71428571428571,5084.9918258915695,5084.994430107862,18,DP; rtol=1e-6,49d13118f7639cf7701ebdc5da2d9a8f43ebfc3e56c5c4c22a6d5bf65373419b,950268bb257438cf8666d50db7fb9a488f7a92802f8688fe738e5b8918ffdb64,179,100.0,ok,333.15145948529243,0.06551661652413371,37.18208251215682,2,1,67.71428571428571,0.006817719161777505,0,5.121374916372545e-05,"[[14, 64], [251, 380]]"
416,896x896,2,0.3,896,268,117.71428571428571,5102.61644579242,5102.620471663187,19,DP; rtol=1e-6,49d13118f7639cf7701ebdc5da2d9a8f43ebfc3e56c5c4c22a6d5bf65373419b,950268bb257438cf8666d50db7fb9a488f7a92802f8688fe738e5b8918ffdb64,268,100.0,ok,448.440296202898,0.08788438264308081,50.04914017472074,2,0,0.0,0.0,0,7.889810323957747e-05,"[[123, 252], [305, 444]]"
416,896x896,2,0.4,896,358,117.71428571428571,4927.668395617135,4927.672624301182,16,DP; rtol=1e-6,49d13118f7639cf7701ebdc5da2d9a8f43ebfc3e56c5c4c22a6d5bf65373419b,950268bb257438cf8666d50db7fb9a488f7a92802f8688fe738e5b8918ffdb64,358,100.0,ok,603.6585589647293,0.12250389240916604,67.37260699164709,3,1,50.71428571428571,0.005106097684453617,0,8.581503621041264e-05,"[[0, 67], [123, 278], [308, 444]]"
416,896x896,2,0.5,896,448,117.71428571428571,4544.055802712719,4544.058816711924,18,DP; rtol=1e-6,49d13118f7639cf7701ebdc5da2d9a8f43ebfc3e56c5c4c22a6d5bf65373419b,950268bb257438cf8666d50db7fb9a488f7a92802f8688fe738e5b8918ffdb64,448,100.0,ok,667.5727217718959,0.14691120680634404,74.50588408688493,1,0,0.0,0.0,0,6.632834931297182e-05,"[[0, 448]]"
416,896x896,2,0.6,896,537,117.71428571428571,4223.24347462418,4223.245826386728,17,DP; rtol=1e-6,49d13118f7639cf7701ebdc5da2d9a8f43ebfc3e56c5c4c22a6d5bf65373419b,950268bb257438cf8666d50db7fb9a488f7a92802f8688fe738e5b8918ffdb64,537,100.0,ok,749.8343991860747,0.17754941283673006,83.68687486485706,4,2,14.428571428571416,0.0014527207496614503,0,5.5686139177613114e-05,"[[0, 117], [123, 245], [251, 445], [600, 704]]"
416,896x896,2,0.7,896,627,117.71428571428571,3927.6393307141384,3927.641358403036,18,DP; rtol=1e-6,49d13118f7639cf7701ebdc5da2d9a8f43ebfc3e56c5c4c22a6d5bf65373419b,950268bb257438cf8666d50db7fb9a488f7a92802f8688fe738e5b8918ffdb64,627,100.0,ok,824.2276797480881,0.20985319942761238,91.98969635175776,5,3,42.142857142857125,0.004243095258912159,0,5.162612144449241e-05,"[[0, 117], [123, 245], [251, 445], [590, 704], [750, 830]]"
416,896x896,2,0.8,896,716,117.71428571428571,3667.644364192562,3667.647341737009,16,DP; rtol=1e-6,49d13118f7639cf7701ebdc5da2d9a8f43ebfc3e56c5c4c22a6d5bf65373419b,950268bb257438cf8666d50db7fb9a488f7a92802f8688fe738e5b8918ffdb64,716,100.0,ok,861.1467203814536,0.23479558944942486,96.11012499169313,5,0,0.0,0.0,0,8.118404440926597e-05,"[[0, 125], [127, 249], [250, 448], [551, 704], [714, 832]]"
416,896x896,2,0.9,896,806,117.71428571428571,3354.8141626110255,3354.8173726904574,14,DP; rtol=1e-6,49d13118f7639cf7701ebdc5da2d9a8f43ebfc3e56c5c4c22a6d5bf65373419b,950268bb257438cf8666d50db7fb9a488f7a92802f8688fe738e5b8918ffdb64,806,100.0,ok,886.7075816419674,0.26430900153105646,98.96289968443666,4,0,0.0,0.0,0,9.56856685552232e-05,"[[0, 125], [126, 448], [494, 704], [730, 879]]"
418,896x4864,2,0.1,896,89,21.68421052631579,765.3593625914976,765.3597421270872,20,DP; rtol=1e-6,49d13118f7639cf7701ebdc5da2d9a8f43ebfc3e56c5c4c22a6d5bf65373419b,950268bb257438cf8666d50db7fb9a488f7a92802f8688fe738e5b8918ffdb64,89,100.0,ok,121.26008680462837,0.1584354915239335,13.533491819169944,4,0,0.0,0.0,0,4.958917599884316e-05,"[[53, 75], [483, 506], [557, 579], [634, 656]]"
418,896x4864,2,0.2,896,179,21.68421052631579,708.6888961366553,708.6894098220642,18,DP; rtol=1e-6,49d13118f7639cf7701ebdc5da2d9a8f43ebfc3e56c5c4c22a6d5bf65373419b,950268bb257438cf8666d50db7fb9a488f7a92802f8688fe738e5b8918ffdb64,179,100.0,ok,226.86425718665123,0.3201182612333542,25.31967153911374,8,1,2.684210526315791,0.001467104123420477,0,7.248385566205329e-05,"[[53, 75], [207, 226], [359, 387], [448, 470], [483, 505], [557, 579], [582, 604], [634, 656]]"
418,896x4864,2,0.3,896,268,21.68421052631579,676.2173906599702,676.2179156710047,17,DP; rtol=1e-6,49d13118f7639cf7701ebdc5da2d9a8f43ebfc3e56c5c4c22a6d5bf65373419b,950268bb257438cf8666d50db7fb9a488f7a92802f8688fe738e5b8918ffdb64,268,100.0,ok,322.61428865790367,0.4770866486338671,36.00605897086015,12,0,0.0,0.0,0,7.76393263679509e-05,"[[53, 75], [96, 118], [207, 229], [256, 278], [352, 374], [386, 410], [448, 470], [483, 505], [557, 579], [582, 604], [634, 656], [777, 801]]"
418,896x4864,2,0.4,896,358,21.68421052631579,653.5062177263101,653.5065786962604,16,DP; rtol=1e-6,49d13118f7639cf7701ebdc5da2d9a8f43ebfc3e56c5c4c22a6d5bf65373419b,950268bb257438cf8666d50db7fb9a488f7a92802f8688fe738e5b8918ffdb64,358,100.0,ok,417.0826008617878,0.638222850140445,46.549397377354346,16,1,1.6842105263157912,0.0009205359205775545,0,5.523585562272615e-05,"[[53, 75], [96, 118], [167, 189], [207, 229], [256, 278], [352, 374], [386, 410], [448, 470], [483, 505], [557, 579], [582, 604], [634, 656], [682, 710], [757, 779], [782, 802], [844, 866]]"
418,896x4864,2,0.5,896,448,21.68421052631579,635.7925824219614,635.7928712601818,16,DP; rtol=1e-6,49d13118f7639cf7701ebdc5da2d9a8f43ebfc3e56c5c4c22a6d5bf65373419b,950268bb257438cf8666d50db7fb9a488f7a92802f8688fe738e5b8918ffdb64,448,100.0,ok,507.0560159087181,0.7975179798058675,56.59107315515807,18,0,0.0,0.0,0,4.5429609774050306e-05,"[[4, 32], [53, 75], [96, 118], [167, 189], [207, 229], [232, 265], [269, 291], [352, 374], [381, 410], [448, 470], [483, 507], [557, 579], [582, 604], [639, 666], [682, 710], [757, 781], [788, 812], [844, 877]]"
418,896x4864,2,0.6,896,537,21.68421052631579,621.0499859443975,621.0502823816162,15,DP; rtol=1e-6,49d13118f7639cf7701ebdc5da2d9a8f43ebfc3e56c5c4c22a6d5bf65373419b,950268bb257438cf8666d50db7fb9a488f7a92802f8688fe738e5b8918ffdb64,537,100.0,ok,593.6948899328709,0.955953471329801,66.2605903369915,22,0,0.0,0.0,0,4.7731597119238245e-05,"[[4, 32], [52, 75], [96, 118], [167, 189], [207, 242], [244, 266], [269, 291], [324, 346], [352, 374], [379, 410], [448, 470], [483, 507], [530, 552], [557, 579], [582, 604], [639, 666], [676, 710], [720, 743], [757, 781], [788, 812], [838, 860], [865, 887]]"
418,896x4864,2,0.7,896,627,21.68421052631579,608.8825781467463,608.8830427014911,14,DP; rtol=1e-6,49d13118f7639cf7701ebdc5da2d9a8f43ebfc3e56c5c4c22a6d5bf65373419b,950268bb257438cf8666d50db7fb9a488f7a92802f8688fe738e5b8918ffdb64,627,100.0,ok,679.6159417331219,1.1161691369158016,75.84999343140517,25,0,0.0,0.0,0,7.62962198530559e-05,"[[4, 39], [52, 81], [96, 118], [125, 149], [167, 189], [207, 242], [244, 266], [269, 291], [324, 346], [352, 374], [379, 410], [418, 440], [448, 470], [483, 507], [530, 552], [557, 579], [582, 604], [606, 629], [634, 666], [676, 710], [720, 743], [757, 781], [785, 812], [838, 860], [865, 887]]"
418,896x4864,2,0.8,896,716,21.68421052631579,597.7021458679922,597.7025598890758,17,DP; rtol=1e-6,49d13118f7639cf7701ebdc5da2d9a8f43ebfc3e56c5c4c22a6d5bf65373419b,950268bb257438cf8666d50db7fb9a488f7a92802f8688fe738e5b8918ffdb64,716,100.0,ok,761.8339215517044,1.274604628439735,85.0261072425079,26,0,0.0,0.0,0,6.926874861479249e-05,"[[4, 39], [44, 86], [96, 124], [125, 150], [153, 189], [207, 242], [244, 266], [269, 303], [325, 348], [352, 374], [379, 416], [418, 440], [448, 471], [483, 510], [530, 552], [557, 579], [582, 604], [606, 629], [634, 666], [676, 710], [714, 743], [757, 781], [785, 812], [820, 842], [844, 866], [867, 893]]"
418,896x4864,2,0.9,896,806,21.68421052631579,585.3026860959485,585.303059694357,16,DP; rtol=1e-6,49d13118f7639cf7701ebdc5da2d9a8f43ebfc3e56c5c4c22a6d5bf65373419b,950268bb257438cf8666d50db7fb9a488f7a92802f8688fe738e5b8918ffdb64,806,100.0,ok,839.8041721582413,1.4348202940257349,93.72814413303337,27,0,0.0,0.0,0,6.382990868081251e-05,"[[4, 27], [29, 69], [70, 95], [96, 124], [125, 150], [153, 189], [195, 225], [228, 266], [269, 309], [325, 348], [352, 377], [379, 416], [417, 440], [443, 477], [483, 519], [529, 555], [557, 579], [582, 604], [606, 629], [633, 674], [676, 699], [700, 743], [744, 769], [770, 802], [805, 831], [832, 864], [865, 893]]"
419,4864x896,2,0.1,4864,486,117.71428571428571,3631.0436303935594,3631.0461441072403,19,DP; rtol=1e-6,49d13118f7639cf7701ebdc5da2d9a8f43ebfc3e56c5c4c22a6d5bf65373419b,950268bb257438cf8666d50db7fb9a488f7a92802f8688fe738e5b8918ffdb64,486,100.0,ok,579.3149494230747,0.159545025725919,11.910258003238978,4,1,1.7142857142857082,0.00017260048510829066,0,6.922835956713058e-05,"[[274, 393], [2500, 2619], [3577, 3709], [4016, 4132]]"
419,4864x896,2,0.2,4864,972,117.71428571428571,3487.745837388171,3487.747501970039,20,DP; rtol=1e-6,49d13118f7639cf7701ebdc5da2d9a8f43ebfc3e56c5c4c22a6d5bf65373419b,950268bb257438cf8666d50db7fb9a488f7a92802f8688fe738e5b8918ffdb64,972,100.0,ok,1111.70102545619,0.31874485048162143,22.855695418933337,8,0,0.0,0.0,0,4.772655897156142e-05,"[[274, 393], [1314, 1434], [2500, 2619], [2846, 2967], [3423, 3542], [3576, 3714], [3885, 4003], [4016, 4134]]"
419,4864x896,2,0.3,4864,1459,117.71428571428571,3406.948638581694,3406.9504366079236,19,DP; rtol=1e-6,49d13118f7639cf7701ebdc5da2d9a8f43ebfc3e56c5c4c22a6d5bf65373419b,950268bb257438cf8666d50db7fb9a488f7a92802f8688fe738e5b8918ffdb64,1459,100.0,ok,1630.0382313728333,0.47844520252333916,33.51229915631883,11,0,0.0,0.0,0,5.277523882352142e-05,"[[289, 420], [838, 967], [1070, 1188], [1314, 1434], [1872, 1996], [2500, 2669], [2846, 2967], [3423, 3542], [3576, 3714], [3893, 4054], [4103, 4232]]"
419,4864x896,2,0.4,4864,1945,117.71428571428571,3339.600312113126,3339.6029536550955,18,DP; rtol=1e-6,49d13118f7639cf7701ebdc5da2d9a8f43ebfc3e56c5c4c22a6d5bf65373419b,950268bb257438cf8666d50db7fb9a488f7a92802f8688fe738e5b8918ffdb64,1945,100.0,ok,2130.872538983822,0.6380621451180534,43.80905712270808,15,2,2.4285714285714164,0.00024451735390341144,0,7.909748571677255e-05,"[[289, 418], [838, 966], [1070, 1188], [1314, 1434], [1492, 1628], [1878, 1996], [2306, 2442], [2500, 2619], [2659, 2823], [2846, 2967], [3434, 3551], [3577, 3714], [3887, 4003], [4016, 4134], [4165, 4333]]"
419,4864x896,2,0.5,4864,2432,117.71428571428571,3287.749472447454,3287.7518242845053,17,DP; rtol=1e-6,49d13118f7639cf7701ebdc5da2d9a8f43ebfc3e56c5c4c22a6d5bf65373419b,950268bb257438cf8666d50db7fb9a488f7a92802f8688fe738e5b8918ffdb64,2432,100.0,ok,2622.2757620215416,0.7975898966746626,53.911919435912715,18,1,0.7142857142857082,7.191686879512076e-05,0,7.153329013576126e-05,"[[75, 225], [278, 420], [583, 722], [838, 967], [1089, 1221], [1314, 1434], [1492, 1646], [1872, 1996], [2305, 2442], [2497, 2619], [2659, 2831], [2846, 2967], [3231, 3348], [3406, 3534], [3575, 3714], [3885, 4003], [4016, 4134], [4163, 4333]]"
419,4864x896,2,0.6,4864,2918,117.71428571428571,3243.099825158642,3243.1023828786783,15,DP; rtol=1e-6,49d13118f7639cf7701ebdc5da2d9a8f43ebfc3e56c5c4c22a6d5bf65373419b,950268bb257438cf8666d50db7fb9a488f7a92802f8688fe738e5b8918ffdb64,2918,100.0,ok,3103.7575724720955,0.9570342387842686,63.810805339070605,21,2,1.4285714285714164,0.00014383373759024152,0,7.88664597739519e-05,"[[75, 225], [278, 440], [518, 636], [641, 778], [838, 967], [1089, 1261], [1314, 1434], [1464, 1581], [1590, 1708], [1872, 2065], [2305, 2442], [2497, 2619], [2659, 2831], [2846, 2975], [3231, 3348], [3406, 3534], [3575, 3714], [3885, 4003], [4016, 4134], [4165, 4333], [4417, 4571]]"
419,4864x896,2,0.7,4864,3404,117.71428571428571,3202.693910457827,3202.6955388200086,18,DP; rtol=1e-6,49d13118f7639cf7701ebdc5da2d9a8f43ebfc3e56c5c4c22a6d5bf65373419b,950268bb257438cf8666d50db7fb9a488f7a92802f8688fe738e5b8918ffdb64,3404,100.0,ok,3575.508824467659,1.1164066640250794,73.50963864246398,25,2,1.4285714285714164,0.00014383373759024152,0,5.0843489862728575e-05,"[[39, 172], [188, 308], [311, 440], [518, 636], [641, 778], [819, 967], [1070, 1261], [1314, 1434], [1464, 1581], [1590, 1708], [1872, 2065], [2305, 2442], [2497, 2619], [2659, 2831], [2846, 2975], [3046, 3164], [3231, 3348], [3406, 3534], [3556, 3674], [3703, 3854], [3885, 4003], [4016, 4134], [4163, 4333], [4417, 4574], [4638, 4763]]"
419,4864x896,2,0.8,4864,3891,117.71428571428571,3165.6601856408097,3165.6618981865545,17,DP; rtol=1e-6,49d13118f7639cf7701ebdc5da2d9a8f43ebfc3e56c5c4c22a6d5bf65373419b,950268bb257438cf8666d50db7fb9a488f7a92802f8688fe738e5b8918ffdb64,3891,100.0,ok,4039.265844643116,1.275963182329207,83.04411685091291,28,0,0.0,0.0,0,5.409755684526729e-05,"[[39, 172], [188, 308], [311, 442], [518, 636], [640, 778], [819, 967], [991, 1131], [1136, 1278], [1314, 1434], [1464, 1646], [1672, 1810], [1872, 2065], [2142, 2266], [2305, 2424], [2429, 2561], [2575, 2702], [2713, 2831], [2846, 2975], [3046, 3184], [3212, 3348], [3395, 3551], [3556, 3674], [3703, 3869], [3885, 4003], [4016, 4145], [4163, 4333], [4391, 4574], [4638, 4763]]"
419,4864x896,2,0.9,4864,4377,117.71428571428571,3125.7729444861925,3125.7745564340175,15,DP; rtol=1e-6,49d13118f7639cf7701ebdc5da2d9a8f43ebfc3e56c5c4c22a6d5bf65373419b,950268bb257438cf8666d50db7fb9a488f7a92802f8688fe738e5b8918ffdb64,4377,100.0,ok,4486.533208400011,1.4353356075700172,92.23958074163117,30,0,0.0,0.0,0,5.15695484759604e-05,"[[5, 132], [150, 269], [274, 420], [433, 565], [583, 722], [745, 916], [921, 1059], [1070, 1281], [1314, 1442], [1464, 1646], [1672, 1810], [1838, 1998], [2004, 2133], [2142, 2266], [2305, 2424], [2426, 2561], [2570, 2702], [2713, 2831], [2843, 2975], [2983, 3184], [3212, 3378], [3392, 3551], [3554, 3674], [3703, 3869], [3885, 4003], [4016, 4176], [4187, 4307], [4325, 4493], [4518, 4661], [4686, 4862]]"
433,4864x896,2,0.1,4864,486,117.71428571428571,3545.923354684887,3545.925065453587,20,DP; rtol=1e-6,49d13118f7639cf7701ebdc5da2d9a8f43ebfc3e56c5c4c22a6d5bf65373419b,950268bb257438cf8666d50db7fb9a488f7a92802f8688fe738e5b8918ffdb64,486,100.0,ok,565.1224047541618,0.15937242524081072,11.618470490449804,4,0,0.0,0.0,0,4.824604775688357e-05,"[[997, 1115], [2155, 2284], [3137, 3255], [4023, 4144]]"
433,4864x896,2,0.2,4864,972,117.71428571428571,3430.444097887503,3430.4460477715093,20,DP; rtol=1e-6,49d13118f7639cf7701ebdc5da2d9a8f43ebfc3e56c5c4c22a6d5bf65373419b,950268bb257438cf8666d50db7fb9a488f7a92802f8688fe738e5b8918ffdb64,972,100.0,ok,1094.3738768994808,0.31901813458304296,22.499462925747903,8,1,2.714285714285708,0.0002732841014214606,0,5.68405384870907e-05,"[[436, 551], [997, 1115], [1510, 1639], [2155, 2289], [2299, 2418], [3137, 3255], [4023, 4144], [4451, 4569]]"
433,4864x896,2,0.3,4864,1459,117.71428571428571,3362.17910148985,3362.181440482928,19,DP; rtol=1e-6,49d13118f7639cf7701ebdc5da2d9a8f43ebfc3e56c5c4c22a6d5bf65373419b,950268bb257438cf8666d50db7fb9a488f7a92802f8688fe738e5b8918ffdb64,1459,100.0,ok,1608.6184611320496,0.4784452025233391,33.07192559315682,11,0,0.0,0.0,0,6.956772320432236e-05,"[[446, 575], [997, 1115], [1507, 1639], [1757, 1886], [2155, 2289], [2299, 2418], [2632, 2759], [3137, 3262], [3733, 3853], [3983, 4144], [4315, 4480]]"
433,4864x896,2,0.4,4864,1945,117.71428571428571,3315.2006456122263,3315.203114684215,18,DP; rtol=1e-6,49d13118f7639cf7701ebdc5da2d9a8f43ebfc3e56c5c4c22a6d5bf65373419b,950268bb257438cf8666d50db7fb9a488f7a92802f8688fe738e5b8918ffdb64,1945,100.0,ok,2115.399402976036,0.6380909118655713,43.49094166543254,15,1,2.714285714285708,0.0002732841014214606,0,7.447724629239261e-05,"[[436, 551], [574, 703], [997, 1115], [1245, 1363], [1375, 1494], [1507, 1639], [1757, 1886], [2155, 2289], [2299, 2418], [2632, 2759], [3137, 3262], [3732, 3860], [3983, 4144], [4315, 4488], [4728, 4846]]"
433,4864x896,2,0.5,4864,2432,117.71428571428571,3276.498013285605,3276.5002166867753,17,DP; rtol=1e-6,49d13118f7639cf7701ebdc5da2d9a8f43ebfc3e56c5c4c22a6d5bf65373419b,950268bb257438cf8666d50db7fb9a488f7a92802f8688fe738e5b8918ffdb64,2432,100.0,ok,2614.197126686573,0.7978631807760841,53.74582907545383,19,2,3.4285714285714164,0.0003452009702165813,0,6.7248619706195e-05,"[[40, 157], [260, 378], [436, 551], [574, 703], [997, 1127], [1245, 1363], [1375, 1494], [1507, 1639], [1757, 1898], [2155, 2289], [2299, 2447], [2533, 2658], [2710, 2840], [3137, 3262], [3732, 3860], [3981, 4144], [4315, 4436], [4448, 4569], [4728, 4846]]"
433,4864x896,2,0.6,4864,2918,117.71428571428571,3242.402084072568,3242.4046427583835,14,DP; rtol=1e-6,49d13118f7639cf7701ebdc5da2d9a8f43ebfc3e56c5c4c22a6d5bf65373419b,950268bb257438cf8666d50db7fb9a488f7a92802f8688fe738e5b8918ffdb64,2918,100.0,ok,3102.856626957655,0.9569623219154735,63.79228261545693,21,1,0.7142857142857082,7.191686879512076e-05,0,7.891321711639421e-05,"[[1, 157], [260, 378], [434, 551], [574, 703], [997, 1127], [1224, 1350], [1375, 1494], [1507, 1639], [1757, 1919], [1957, 2078], [2132, 2289], [2299, 2447], [2530, 2759], [2783, 2902], [3136, 3262], [3614, 3777], [3819, 3947], [3981, 4158], [4315, 4436], [4448, 4569], [4727, 4846]]"
433,4864x896,2,0.7,4864,3404,117.71428571428571,3208.4714313813392,3208.473075256454,18,DP; rtol=1e-6,49d13118f7639cf7701ebdc5da2d9a8f43ebfc3e56c5c4c22a6d5bf65373419b,950268bb257438cf8666d50db7fb9a488f7a92802f8688fe738e5b8918ffdb64,3404,100.0,ok,3581.728144109249,1.1163347471562843,73.6375029499136,25,1,0.7142857142857082,7.191686879512076e-05,0,5.123543431739819e-05,"[[1, 157], [260, 378], [434, 551], [574, 703], [837, 965], [997, 1127], [1224, 1350], [1375, 1494], [1507, 1639], [1757, 1919], [1944, 2093], [2132, 2289], [2299, 2447], [2530, 2759], [2783, 2902], [2984, 3102], [3136, 3262], [3317, 3438], [3520, 3639], [3650, 3777], [3819, 3947], [3981, 4158], [4315, 4436], [4448, 4569], [4737, 4864]]"
433,4864x896,2,0.8,4864,3891,117.71428571428571,3172.628250432553,3172.6298244631953,17,DP; rtol=1e-6,49d13118f7639cf7701ebdc5da2d9a8f43ebfc3e56c5c4c22a6d5bf65373419b,950268bb257438cf8666d50db7fb9a488f7a92802f8688fe738e5b8918ffdb64,3891,100.0,ok,4048.704435944557,1.2761357828143152,83.23816684287748,29,1,1.7142857142857082,0.00017260048510829066,0,4.9612804808862876e-05,"[[1, 157], [260, 378], [409, 541], [560, 683], [689, 812], [837, 965], [997, 1127], [1224, 1350], [1375, 1494], [1503, 1648], [1703, 1833], [1846, 2009], [2015, 2142], [2155, 2289], [2299, 2447], [2512, 2644], [2648, 2764], [2785, 2939], [2984, 3102], [3136, 3262], [3317, 3438], [3520, 3639], [3650, 3778], [3819, 3957], [3981, 4103], [4110, 4274], [4315, 4436], [4448, 4572], [4647, 4853]]"
433,4864x896,2,0.9,4864,4377,117.71428571428571,3129.217846945596,3129.2204654873813,14,DP; rtol=1e-6,49d13118f7639cf7701ebdc5da2d9a8f43ebfc3e56c5c4c22a6d5bf65373419b,950268bb257438cf8666d50db7fb9a488f7a92802f8688fe738e5b8918ffdb64,4377,100.0,ok,4491.4777995646,1.4353356075700177,92.3412376393973,30,0,0.0,0.0,0,8.368032274885806e-05,"[[1, 220], [233, 373], [408, 551], [560, 687], [689, 812], [837, 977], [997, 1196], [1224, 1350], [1373, 1494], [1502, 1648], [1703, 1833], [1845, 1972], [1975, 2122], [2130, 2289], [2299, 2463], [2472, 2590], [2597, 2764], [2780, 2961], [2984, 3102], [3125, 3262], [3317, 3455], [3463, 3639], [3645, 3789], [3802, 3920], [3928, 4050], [4054, 4172], [4175, 4294], [4308, 4443], [4448, 4606], [4647, 4864]]"
434,896x896,2,0.1,896,89,117.71428571428571,3442.217528792989,3442.2194666438854,21,DP; rtol=1e-6,49d13118f7639cf7701ebdc5da2d9a8f43ebfc3e56c5c4c22a6d5bf65373419b,950268bb257438cf8666d50db7fb9a488f7a92802f8688fe738e5b8918ffdb64,89,100.0,ok,110.41443997621536,0.032076543406288474,12.323040200202463,1,1,28.714285714285708,0.0028910581255638785,0,5.62965527084458e-05,"[[45, 134]]"
434,896x896,2,0.2,896,179,117.71428571428571,3399.557944682078,3399.559880196337,20,DP; rtol=1e-6,49d13118f7639cf7701ebdc5da2d9a8f43ebfc3e56c5c4c22a6d5bf65373419b,950268bb257438cf8666d50db7fb9a488f7a92802f8688fe738e5b8918ffdb64,179,100.0,ok,220.33157569915056,0.06481183120994152,24.590577693456243,2,1,60.71428571428571,0.006112933847585315,0,5.6934259939911414e-05,"[[30, 87], [591, 713]]"
434,896x896,2,0.3,896,268,117.71428571428571,3502.925903387694,3502.9280645679883,18,DP; rtol=1e-6,49d13118f7639cf7701ebdc5da2d9a8f43ebfc3e56c5c4c22a6d5bf65373419b,950268bb257438cf8666d50db7fb9a488f7a92802f8688fe738e5b8918ffdb64,268,100.0,ok,307.8524804636836,0.08788438264308081,34.358535833748036,2,0,0.0,0.0,0,6.169639383823977e-05,"[[53, 174], [566, 713]]"
434,896x896,2,0.4,896,358,117.71428571428571,3449.4020308535532,3449.405187025056,18,DP; rtol=1e-6,49d13118f7639cf7701ebdc5da2d9a8f43ebfc3e56c5c4c22a6d5bf65373419b,950268bb257438cf8666d50db7fb9a488f7a92802f8688fe738e5b8918ffdb64,358,100.0,ok,405.200261734426,0.11746971159350753,45.22324358626925,3,1,0.7142857142857082,7.191686879512076e-05,0,9.149900727090099e-05,"[[31, 148], [449, 571], [591, 710]]"
434,896x896,2,0.5,896,448,117.71428571428571,3365.660588014555,3365.663450545134,17,DP; rtol=1e-6,49d13118f7639cf7701ebdc5da2d9a8f43ebfc3e56c5c4c22a6d5bf65373419b,950268bb257438cf8666d50db7fb9a488f7a92802f8688fe738e5b8918ffdb64,448,100.0,ok,494.45325868576765,0.146911206806344,55.184515587076895,3,0,0.0,0.0,0,8.505100468347848e-05,"[[42, 210], [379, 504], [558, 713]]"
434,896x896,2,0.6,896,537,117.71428571428571,3310.1321517084216,3310.13377825911,19,DP; rtol=1e-6,49d13118f7639cf7701ebdc5da2d9a8f43ebfc3e56c5c4c22a6d5bf65373419b,950268bb257438cf8666d50db7fb9a488f7a92802f8688fe738e5b8918ffdb64,537,100.0,ok,582.9033222869039,0.17609669208706863,65.0561744905868,4,0,0.0,0.0,0,4.913851817667236e-05,"[[44, 174], [381, 505], [558, 713], [724, 852]]"
434,896x896,2,0.7,896,627,117.71428571428571,3257.855613023895,3257.8572106107636,16,DP; rtol=1e-6,49d13118f7639cf7701ebdc5da2d9a8f43ebfc3e56c5c4c22a6d5bf65373419b,950268bb257438cf8666d50db7fb9a488f7a92802f8688fe738e5b8918ffdb64,627,100.0,ok,669.8480319604278,0.20561010416870024,74.75982514291601,5,0,0.0,0.0,0,4.903796468891386e-05,"[[31, 174], [272, 391], [449, 574], [591, 713], [734, 852]]"
434,896x896,2,0.8,896,716,117.71428571428571,3219.37039947712,3219.371974163547,14,DP; rtol=1e-6,49d13118f7639cf7701ebdc5da2d9a8f43ebfc3e56c5c4c22a6d5bf65373419b,950268bb257438cf8666d50db7fb9a488f7a92802f8688fe738e5b8918ffdb64,716,100.0,ok,755.8939706012607,0.23479558944942483,84.36316652800613,5,0,0.0,0.0,0,4.891284509644933e-05,"[[31, 179], [208, 390], [449, 574], [591, 713], [724, 863]]"
434,896x896,2,0.9,896,806,117.71428571428571,3155.702697548051,3155.70432516873,17,DP; rtol=1e-6,49d13118f7639cf7701ebdc5da2d9a8f43ebfc3e56c5c4c22a6d5bf65373419b,950268bb257438cf8666d50db7fb9a488f7a92802f8688fe738e5b8918ffdb64,806,100.0,ok,834.0806291177869,0.26430900153105646,93.08935611177982,6,0,0.0,0.0,0,5.157709693781598e-05,"[[30, 150], [161, 309], [324, 460], [481, 617], [621, 741], [744, 890]]"
435,896x128,2,0.1,896,89,824.0,7490.226622739941,7490.230839481694,21,DP; rtol=1e-6,49d13118f7639cf7701ebdc5da2d9a8f43ebfc3e56c5c4c22a6d5bf65373419b,950268bb257438cf8666d50db7fb9a488f7a92802f8688fe738e5b8918ffdb64,89,100.0,ok,110.41443997621536,0.014741134752986355,12.323040200202463,1,1,735.0,0.010571779712882841,0,5.62965527084458e-05,"[[45, 134]]"
435,896x128,2,0.2,896,179,824.0,11212.208465809079,11212.216903112068,20,DP; rtol=1e-6,49d13118f7639cf7701ebdc5da2d9a8f43ebfc3e56c5c4c22a6d5bf65373419b,950268bb257438cf8666d50db7fb9a488f7a92802f8688fe738e5b8918ffdb64,179,100.0,ok,198.03936390578747,0.01766283284062154,22.10260762232953,1,1,645.0,0.009277276074570656,0,7.525097902583155e-05,"[[31, 210]]"
435,896x128,2,0.3,896,268,824.0,14160.9903191226,14160.997716377042,20,DP; rtol=1e-6,49d13118f7639cf7701ebdc5da2d9a8f43ebfc3e56c5c4c22a6d5bf65373419b,950268bb257438cf8666d50db7fb9a488f7a92802f8688fe738e5b8918ffdb64,268,100.0,ok,291.03763055056334,0.0205520676161719,32.48187847367459,1,1,556.0,0.007997155810017496,0,5.223681684984882e-05,"[[445, 713]]"
435,896x128,2,0.4,896,358,824.0,16035.263989007175,16035.277212559304,19,DP; rtol=1e-6,49d13118f7639cf7701ebdc5da2d9a8f43ebfc3e56c5c4c22a6d5bf65373419b,950268bb257438cf8666d50db7fb9a488f7a92802f8688fe738e5b8918ffdb64,358,100.0,ok,376.4080298766494,0.023473765703807083,42.00982484580956,1,1,466.0,0.006702652171705311,0,8.246537901435147e-05,"[[444, 802]]"
435,896x128,2,0.5,896,448,824.0,17481.3960484959,17481.40758525402,19,DP; rtol=1e-6,49d13118f7639cf7701ebdc5da2d9a8f43ebfc3e56c5c4c22a6d5bf65373419b,950268bb257438cf8666d50db7fb9a488f7a92802f8688fe738e5b8918ffdb64,448,100.0,ok,461.42955642193556,0.026395463791442274,51.4988345235821,1,1,376.0,0.005408148533393127,0,6.59944461744999e-05,"[[442, 890]]"
435,896x128,2,0.6,896,537,824.0,18595.976684251826,18595.98656710013,19,DP; rtol=1e-6,49d13118f7639cf7701ebdc5da2d9a8f43ebfc3e56c5c4c22a6d5bf65373419b,950268bb257438cf8666d50db7fb9a488f7a92802f8688fe738e5b8918ffdb64,537,100.0,ok,544.5775717571378,0.029284698566992628,60.77874696767426,1,1,287.0,0.0041280282688399665,0,5.314506047460199e-05,"[[326, 863]]"
435,896x128,2,0.7,896,627,824.0,19909.07470201463,19909.089550028944,18,DP; rtol=1e-6,49d13118f7639cf7701ebdc5da2d9a8f43ebfc3e56c5c4c22a6d5bf65373419b,950268bb257438cf8666d50db7fb9a488f7a92802f8688fe738e5b8918ffdb64,627,100.0,ok,641.1995568796992,0.032206396654627815,71.56245068564064,1,1,197.0,0.002833524630527782,0,7.457907242880424e-05,"[[38, 665]]"
435,896x128,2,0.8,896,716,824.0,20865.555159071537,20865.56575083408,18,DP; rtol=1e-6,49d13118f7639cf7701ebdc5da2d9a8f43ebfc3e56c5c4c22a6d5bf65373419b,950268bb257438cf8666d50db7fb9a488f7a92802f8688fe738e5b8918ffdb64,716,100.0,ok,732.2898334488273,0.035095631430178166,81.7287762156232,1,1,108.0,0.0015534043659746217,0,5.0761923597875125e-05,"[[52, 768]]"
435,896x128,2,0.9,896,806,824.0,21560.505066187445,21560.51650683931,17,DP; rtol=1e-6,49d13118f7639cf7701ebdc5da2d9a8f43ebfc3e56c5c4c22a6d5bf65373419b,950268bb257438cf8666d50db7fb9a488f7a92802f8688fe738e5b8918ffdb64,806,100.0,ok,819.6728256717324,0.03801732951781336,91.4813423311494,1,1,18.0,0.00025890072766243693,0,5.3062976768103454e-05,"[[53, 859]]"
438,896x4864,2,0.1,896,89,21.68421052631579,812.0566086239037,812.0571329054147,20,DP; rtol=1e-6,49d13118f7639cf7701ebdc5da2d9a8f43ebfc3e56c5c4c22a6d5bf65373419b,950268bb257438cf8666d50db7fb9a488f7a92802f8688fe738e5b8918ffdb64,89,100.0,ok,128.65858793258667,0.1584354915239335,14.359217397936773,4,0,0.0,0.0,0,6.456214591832321e-05,"[[48, 71], [483, 505], [557, 579], [643, 665]]"
438,896x4864,2,0.2,896,179,21.68421052631579,742.314154846538,742.3145325550639,18,DP; rtol=1e-6,49d13118f7639cf7701ebdc5da2d9a8f43ebfc3e56c5c4c22a6d5bf65373419b,950268bb257438cf8666d50db7fb9a488f7a92802f8688fe738e5b8918ffdb64,179,100.0,ok,236.53926438093185,0.3186511571099337,26.399471461427193,8,0,0.0,0.0,0,5.088254497742639e-05,"[[48, 71], [185, 209], [370, 392], [437, 459], [483, 505], [557, 579], [643, 665], [756, 778]]"
438,896x4864,2,0.3,896,268,21.68421052631579,699.3214490815715,699.3219984679108,17,DP; rtol=1e-6,49d13118f7639cf7701ebdc5da2d9a8f43ebfc3e56c5c4c22a6d5bf65373419b,950268bb257438cf8666d50db7fb9a488f7a92802f8688fe738e5b8918ffdb64,268,100.0,ok,333.89845010638237,0.47746061635160175,37.26545200716704,12,1,0.6842105263157912,0.0003739677177346321,0,7.855985376670205e-05,"[[48, 71], [168, 190], [208, 233], [256, 278], [370, 391], [437, 459], [483, 505], [557, 579], [643, 665], [756, 778], [779, 801], [843, 866]]"
438,896x4864,2,0.4,896,358,21.68421052631579,669.3942923542146,669.3947996021861,16,DP; rtol=1e-6,49d13118f7639cf7701ebdc5da2d9a8f43ebfc3e56c5c4c22a6d5bf65373419b,950268bb257438cf8666d50db7fb9a488f7a92802f8688fe738e5b8918ffdb64,358,100.0,ok,426.85686349868774,0.6376762819376021,47.640274926619504,16,1,0.6842105263157912,0.0003739677177346321,0,7.577710072759203e-05,"[[48, 71], [168, 190], [208, 233], [256, 278], [326, 350], [370, 391], [437, 459], [483, 505], [557, 579], [591, 614], [643, 665], [688, 710], [720, 742], [756, 778], [779, 801], [844, 866]]"
438,896x4864,2,0.5,896,448,21.68421052631579,647.2816481326781,647.2821564403912,14,DP; rtol=1e-6,49d13118f7639cf7701ebdc5da2d9a8f43ebfc3e56c5c4c22a6d5bf65373419b,950268bb257438cf8666d50db7fb9a488f7a92802f8688fe738e5b8918ffdb64,448,100.0,ok,516.2187523841858,0.7975179798058675,57.613700021798365,19,0,0.0,0.0,0,7.852954202469675e-05,"[[13, 36], [48, 71], [100, 133], [168, 190], [208, 233], [256, 281], [325, 350], [370, 395], [437, 459], [483, 505], [557, 579], [591, 614], [643, 665], [669, 691], [695, 717], [720, 742], [753, 776], [777, 801], [843, 866]]"
438,896x4864,2,0.6,896,537,21.68421052631579,629.4182019796888,629.4186140023894,18,DP; rtol=1e-6,49d13118f7639cf7701ebdc5da2d9a8f43ebfc3e56c5c4c22a6d5bf65373419b,950268bb257438cf8666d50db7fb9a488f7a92802f8688fe738e5b8918ffdb64,537,100.0,ok,601.9298971891403,0.9563274390475357,67.17967600099422,22,1,0.6842105263157912,0.0003739677177346321,0,6.546083821667992e-05,"[[13, 36], [48, 71], [100, 133], [165, 190], [208, 233], [256, 281], [325, 359], [370, 395], [406, 428], [437, 459], [483, 505], [533, 555], [557, 579], [591, 614], [643, 665], [669, 691], [695, 717], [720, 742], [756, 788], [795, 822], [843, 864], [865, 888]]"
438,896x4864,2,0.7,896,627,21.68421052631579,613.5891864229035,613.589737890492,17,DP; rtol=1e-6,49d13118f7639cf7701ebdc5da2d9a8f43ebfc3e56c5c4c22a6d5bf65373419b,950268bb257438cf8666d50db7fb9a488f7a92802f8688fe738e5b8918ffdb64,627,100.0,ok,685.098775178194,1.116543104633536,76.46191684459066,24,1,0.6842105263157912,0.0003739677177346321,0,8.987562118978332e-05,"[[13, 36], [44, 68], [70, 93], [99, 122], [125, 149], [153, 190], [208, 233], [250, 281], [324, 367], [370, 395], [406, 430], [437, 459], [483, 519], [533, 555], [559, 585], [591, 614], [639, 665], [669, 691], [695, 717], [720, 742], [756, 788], [794, 822], [843, 864], [865, 888]]"
438,896x4864,2,0.8,896,716,21.68421052631579,599.3231132447397,599.3234285516073,17,DP; rtol=1e-6,49d13118f7639cf7701ebdc5da2d9a8f43ebfc3e56c5c4c22a6d5bf65373419b,950268bb257438cf8666d50db7fb9a488f7a92802f8688fe738e5b8918ffdb64,716,100.0,ok,763.9000140726566,1.274604628439735,85.25669796798698,27,0,0.0,0.0,0,5.261046917004464e-05,"[[5, 40], [44, 68], [70, 93], [99, 124], [125, 149], [153, 190], [193, 215], [228, 255], [256, 282], [295, 318], [324, 367], [370, 395], [406, 434], [437, 459], [483, 519], [533, 555], [557, 579], [582, 604], [606, 628], [639, 665], [669, 691], [695, 717], [720, 742], [748, 788], [794, 822], [843, 869], [872, 894]]"
438,896x4864,2,0.9,896,806,21.68421052631579,584.4415267087393,584.4419979821935,15,DP; rtol=1e-6,49d13118f7639cf7701ebdc5da2d9a8f43ebfc3e56c5c4c22a6d5bf65373419b,950268bb257438cf8666d50db7fb9a488f7a92802f8688fe738e5b8918ffdb64,806,100.0,ok,838.5685631930828,1.434820294025735,93.59024139355692,30,0,0.0,0.0,0,8.063647989331457e-05,"[[3, 41], [44, 68], [70, 93], [97, 124], [125, 150], [153, 190], [191, 218], [228, 265], [267, 289], [290, 322], [324, 351], [352, 376], [378, 402], [406, 436], [437, 459], [468, 502], [503, 527], [533, 555], [556, 579], [582, 604], [606, 628], [634, 665], [668, 691], [693, 717], [720, 742], [745, 769], [770, 792], [794, 822], [829, 864], [865, 896]]"
450,896x128,2,0.1,896,89,824.0,7880.51692549304,7880.522309802671,21,DP; rtol=1e-6,49d13118f7639cf7701ebdc5da2d9a8f43ebfc3e56c5c4c22a6d5bf65373419b,950268bb257438cf8666d50db7fb9a488f7a92802f8688fe738e5b8918ffdb64,89,100.0,ok,116.16776192188263,0.014741134752986355,12.965151979079321,1,1,735.0,0.010571779712882841,0,6.832427369429794e-05,"[[560, 649]]"
450,896x128,2,0.2,896,179,824.0,12417.013579940898,12417.02321080062,20,DP; rtol=1e-6,49d13118f7639cf7701ebdc5da2d9a8f43ebfc3e56c5c4c22a6d5bf65373419b,950268bb257438cf8666d50db7fb9a488f7a92802f8688fe738e5b8918ffdb64,179,100.0,ok,219.31963524222374,0.01766283284062154,24.47763782196132,1,1,645.0,0.009277276074570656,0,7.756174373874103e-05,"[[468, 647]]"
450,896x128,2,0.3,896,268,824.0,15477.610968850862,15477.618752542247,20,DP; rtol=1e-6,49d13118f7639cf7701ebdc5da2d9a8f43ebfc3e56c5c4c22a6d5bf65373419b,950268bb257438cf8666d50db7fb9a488f7a92802f8688fe738e5b8918ffdb64,268,100.0,ok,318.0969071686268,0.0205520676161719,35.50188690292275,1,1,556.0,0.007997155810017496,0,5.028998005807139e-05,"[[381, 649]]"
450,896x128,2,0.4,896,358,824.0,17002.97991466079,17002.99325457211,19,DP; rtol=1e-6,49d13118f7639cf7701ebdc5da2d9a8f43ebfc3e56c5c4c22a6d5bf65373419b,950268bb257438cf8666d50db7fb9a488f7a92802f8688fe738e5b8918ffdb64,358,100.0,ok,399.12396678328514,0.023473765703807083,44.54508550589142,1,1,466.0,0.006702652171705311,0,7.845625248359411e-05,"[[361, 719]]"
450,896x128,2,0.5,896,448,824.0,18388.19653990788,18388.20721619237,19,DP; rtol=1e-6,49d13118f7639cf7701ebdc5da2d9a8f43ebfc3e56c5c4c22a6d5bf65373419b,950268bb257438cf8666d50db7fb9a488f7a92802f8688fe738e5b8918ffdb64,448,100.0,ok,485.3649759590626,0.026395463791442274,54.17019812142943,1,1,376.0,0.005408148533393127,0,5.8060496954670526e-05,"[[386, 834]]"
450,896x128,2,0.6,896,537,824.0,19217.09557497931,19217.112999421057,18,DP; rtol=1e-6,49d13118f7639cf7701ebdc5da2d9a8f43ebfc3e56c5c4c22a6d5bf65373419b,950268bb257438cf8666d50db7fb9a488f7a92802f8688fe738e5b8918ffdb64,537,100.0,ok,562.766851246357,0.029284698566992628,62.80880025994993,1,1,287.0,0.0041280282688399665,0,9.067148508679068e-05,"[[350, 887]]"
450,896x128,2,0.7,896,627,824.0,20422.436279044072,20422.447849745276,18,DP; rtol=1e-6,49d13118f7639cf7701ebdc5da2d9a8f43ebfc3e56c5c4c22a6d5bf65373419b,950268bb257438cf8666d50db7fb9a488f7a92802f8688fe738e5b8918ffdb64,627,100.0,ok,657.7330834567547,0.032206396654627815,73.40771008758614,1,1,197.0,0.002833524630527782,0,5.665677929034274e-05,"[[26, 653]]"
450,896x128,2,0.8,896,716,824.0,20993.259216613736,20993.27491379898,17,DP; rtol=1e-6,49d13118f7639cf7701ebdc5da2d9a8f43ebfc3e56c5c4c22a6d5bf65373419b,950268bb257438cf8666d50db7fb9a488f7a92802f8688fe738e5b8918ffdb64,716,100.0,ok,736.7716879844666,0.035095631430178166,82.22898289996266,1,1,108.0,0.0015534043659746217,0,7.477244645670567e-05,"[[52, 768]]"
450,896x128,2,0.9,896,806,824.0,21741.662343814558,21741.674757993933,16,DP; rtol=1e-6,49d13118f7639cf7701ebdc5da2d9a8f43ebfc3e56c5c4c22a6d5bf65373419b,950268bb257438cf8666d50db7fb9a488f7a92802f8688fe738e5b8918ffdb64,806,100.0,ok,826.5599415898323,0.03801732951781336,92.24999333065769,1,1,18.0,0.00025890072766243693,0,5.709854237201384e-05,"[[40, 846]]"
451,896x896,2,0.1,896,89,117.71428571428571,4961.224378604595,4961.229252202205,18,DP; rtol=1e-6,49d13118f7639cf7701ebdc5da2d9a8f43ebfc3e56c5c4c22a6d5bf65373419b,950268bb257438cf8666d50db7fb9a488f7a92802f8688fe738e5b8918ffdb64,89,100.0,ok,159.13892912864685,0.032076543406288474,17.76104116770797,1,1,28.714285714285708,0.0028910581255638785,0,9.823367078665157e-05,"[[640, 729]]"
451,896x896,2,0.2,896,179,117.71428571428571,4569.609898401251,4569.614429400801,18,DP; rtol=1e-6,49d13118f7639cf7701ebdc5da2d9a8f43ebfc3e56c5c4c22a6d5bf65373419b,950268bb257438cf8666d50db7fb9a488f7a92802f8688fe738e5b8918ffdb64,179,100.0,ok,268.23106241226196,0.05869889736235621,29.93650245133291,1,0,0.0,0.0,0,9.915496417267633e-05,"[[640, 819]]"
451,896x896,2,0.3,896,268,117.71428571428571,4290.5450453567155,4290.54850440976,14,DP; rtol=1e-6,49d13118f7639cf7701ebdc5da2d9a8f43ebfc3e56c5c4c22a6d5bf65373419b,950268bb257438cf8666d50db7fb9a488f7a92802f8688fe738e5b8918ffdb64,268,100.0,ok,377.071902513504,0.0878843826430808,42.08391762090059,2,0,0.0,0.0,0,8.062029928090908e-05,"[[612, 742], [757, 895]]"
451,896x896,2,0.4,896,358,117.71428571428571,4054.79737082721,4054.799865738466,18,DP; rtol=1e-6,49d13118f7639cf7701ebdc5da2d9a8f43ebfc3e56c5c4c22a6d5bf65373419b,950268bb257438cf8666d50db7fb9a488f7a92802f8688fe738e5b8918ffdb64,358,100.0,ok,479.46524769067764,0.11824641377649484,53.51174630460977,3,2,8.428571428571416,0.0008486190517824309,0,6.152982485740921e-05,"[[448, 558], [640, 771], [779, 896]]"
451,896x896,2,0.5,896,448,117.71428571428571,3869.447833809387,3869.4512834454777,16,DP; rtol=1e-6,49d13118f7639cf7701ebdc5da2d9a8f43ebfc3e56c5c4c22a6d5bf65373419b,950268bb257438cf8666d50db7fb9a488f7a92802f8688fe738e5b8918ffdb64,448,100.0,ok,568.4652509391308,0.14691120680634404,63.444782364844066,3,0,0.0,0.0,0,8.915052388536182e-05,"[[444, 562], [564, 745], [747, 896]]"
451,896x896,2,0.6,896,537,117.71428571428571,3733.605065482379,3733.607325750513,17,DP; rtol=1e-6,49d13118f7639cf7701ebdc5da2d9a8f43ebfc3e56c5c4c22a6d5bf65373419b,950268bb257438cf8666d50db7fb9a488f7a92802f8688fe738e5b8918ffdb64,537,100.0,ok,658.4958364963531,0.1763699761884901,73.49283877184698,4,1,2.714285714285708,0.0002732841014214606,0,6.053845348352738e-05,"[[140, 255], [449, 578], [597, 742], [747, 895]]"
451,896x896,2,0.7,896,627,117.71428571428571,3565.2123407842505,3565.215029594039,12,DP; rtol=1e-6,49d13118f7639cf7701ebdc5da2d9a8f43ebfc3e56c5c4c22a6d5bf65373419b,950268bb257438cf8666d50db7fb9a488f7a92802f8688fe738e5b8918ffdb64,627,100.0,ok,733.0436807721853,0.20561010416870024,81.81291066372572,4,0,0.0,0.0,0,7.541788549225714e-05,"[[147, 289], [403, 558], [564, 745], [747, 896]]"
451,896x896,2,0.8,896,716,117.71428571428571,3386.0263854749337,3386.0289822720233,15,DP; rtol=1e-6,49d13118f7639cf7701ebdc5da2d9a8f43ebfc3e56c5c4c22a6d5bf65373419b,950268bb257438cf8666d50db7fb9a488f7a92802f8688fe738e5b8918ffdb64,716,100.0,ok,795.0240610688925,0.23479558944942486,88.73036381027858,3,0,0.0,0.0,0,7.66915198679996e-05,"[[128, 320], [371, 532], [533, 896]]"
451,896x896,2,0.9,896,806,117.71428571428571,3226.9472799102414,3226.9492224911714,16,DP; rtol=1e-6,49d13118f7639cf7701ebdc5da2d9a8f43ebfc3e56c5c4c22a6d5bf65373419b,950268bb257438cf8666d50db7fb9a488f7a92802f8688fe738e5b8918ffdb64,806,100.0,ok,853.1432854905725,0.26438091839985156,95.21688438221385,5,1,0.7142857142857082,7.191686879512076e-05,0,6.019868290518815e-05,"[[0, 117], [134, 317], [387, 562], [564, 745], [746, 896]]"
453,896x4864,2,0.1,896,89,21.68421052631579,796.8860983574369,796.8866184289507,20,DP; rtol=1e-6,49d13118f7639cf7701ebdc5da2d9a8f43ebfc3e56c5c4c22a6d5bf65373419b,950268bb257438cf8666d50db7fb9a488f7a92802f8688fe738e5b8918ffdb64,89,100.0,ok,126.85106003284454,0.1591834269594028,14.157484382432882,4,2,1.3684210526315823,0.0007479354354692642,0,6.526292469777317e-05,"[[50, 71], [483, 508], [564, 585], [757, 779]]"
453,896x4864,2,0.2,896,179,21.68421052631579,741.8574807053045,741.8579497590699,18,DP; rtol=1e-6,49d13118f7639cf7701ebdc5da2d9a8f43ebfc3e56c5c4c22a6d5bf65373419b,950268bb257438cf8666d50db7fb9a488f7a92802f8688fe738e5b8918ffdb64,179,100.0,ok,237.076651096344,0.31957169303051125,26.45944767404333,8,1,1.6842105263157912,0.0009205359205775545,0,6.32268974842809e-05,"[[50, 72], [203, 225], [257, 277], [363, 387], [483, 508], [570, 592], [641, 663], [757, 779]]"
453,896x4864,2,0.3,896,268,21.68421052631579,695.8072313113744,695.8075945025371,16,DP; rtol=1e-6,49d13118f7639cf7701ebdc5da2d9a8f43ebfc3e56c5c4c22a6d5bf65373419b,950268bb257438cf8666d50db7fb9a488f7a92802f8688fe738e5b8918ffdb64,268,100.0,ok,332.2205495238304,0.47746061635160186,37.07818634065086,11,1,0.6842105263157912,0.0003739677177346321,0,5.2197067923476226e-05,"[[50, 72], [169, 209], [257, 278], [363, 387], [437, 459], [483, 508], [549, 571], [578, 600], [639, 663], [757, 779], [798, 822]]"
453,896x4864,2,0.4,896,358,21.68421052631579,663.027347798004,663.0277515216243,16,DP; rtol=1e-6,49d13118f7639cf7701ebdc5da2d9a8f43ebfc3e56c5c4c22a6d5bf65373419b,950268bb257438cf8666d50db7fb9a488f7a92802f8688fe738e5b8918ffdb64,358,100.0,ok,422.5488631427288,0.6373023142198673,47.159471345442604,14,0,0.0,0.0,0,6.0890908315514025e-05,"[[1, 23], [46, 71], [169, 195], [203, 225], [257, 281], [363, 387], [416, 459], [483, 508], [549, 571], [578, 602], [646, 677], [757, 779], [798, 822], [858, 882]]"
453,896x4864,2,0.5,896,448,21.68421052631579,640.8211200961543,640.8214477625844,15,DP; rtol=1e-6,49d13118f7639cf7701ebdc5da2d9a8f43ebfc3e56c5c4c22a6d5bf65373419b,950268bb257438cf8666d50db7fb9a488f7a92802f8688fe738e5b8918ffdb64,448,100.0,ok,511.3060115277767,0.7978919475236022,57.065403087481165,17,1,0.6842105263157912,0.0003739677177346321,0,5.113225083341888e-05,"[[0, 23], [46, 71], [123, 144], [169, 195], [203, 225], [257, 281], [363, 387], [416, 459], [483, 509], [549, 571], [578, 612], [646, 677], [697, 730], [757, 779], [798, 822], [843, 868], [872, 895]]"
453,896x4864,2,0.6,896,537,21.68421052631579,623.4799977556554,623.4803750022804,18,DP; rtol=1e-6,49d13118f7639cf7701ebdc5da2d9a8f43ebfc3e56c5c4c22a6d5bf65373419b,950268bb257438cf8666d50db7fb9a488f7a92802f8688fe738e5b8918ffdb64,537,100.0,ok,596.2510295510292,0.9563274390475357,66.54587385152756,21,1,0.6842105263157912,0.0003739677177346321,0,6.0506575694230236e-05,"[[0, 23], [52, 83], [93, 115], [123, 144], [169, 195], [201, 225], [257, 281], [309, 338], [363, 387], [402, 430], [434, 459], [483, 509], [547, 571], [578, 612], [639, 663], [670, 692], [697, 730], [757, 779], [795, 822], [843, 868], [872, 895]]"
453,896x4864,2,0.7,896,627,21.68421052631579,609.1203618110833,609.1208544641146,17,DP; rtol=1e-6,49d13118f7639cf7701ebdc5da2d9a8f43ebfc3e56c5c4c22a6d5bf65373419b,950268bb257438cf8666d50db7fb9a488f7a92802f8688fe738e5b8918ffdb64,627,100.0,ok,679.8813485205173,1.116169136915801,75.87961481042728,24,0,0.0,0.0,0,8.087935714495842e-05,"[[0, 23], [29, 63], [67, 90], [93, 115], [125, 159], [169, 195], [201, 225], [257, 281], [309, 338], [363, 387], [402, 430], [434, 459], [471, 509], [537, 571], [578, 600], [601, 624], [638, 663], [670, 692], [694, 717], [720, 742], [757, 787], [798, 822], [843, 868], [872, 895]]"
453,896x4864,2,0.8,896,716,21.68421052631579,595.8928068463265,595.8933728462123,16,DP; rtol=1e-6,49d13118f7639cf7701ebdc5da2d9a8f43ebfc3e56c5c4c22a6d5bf65373419b,950268bb257438cf8666d50db7fb9a488f7a92802f8688fe738e5b8918ffdb64,716,100.0,ok,759.5277296602726,1.2746046284397348,84.76871985071172,26,0,0.0,0.0,0,9.498341676517086e-05,"[[0, 23], [29, 63], [67, 92], [93, 115], [124, 159], [169, 195], [201, 233], [257, 281], [298, 320], [324, 357], [361, 387], [396, 430], [434, 459], [471, 509], [514, 542], [544, 571], [573, 600], [601, 624], [637, 663], [670, 692], [694, 717], [720, 742], [747, 787], [795, 822], [840, 869], [872, 895]]"
453,896x4864,2,0.9,896,806,21.68421052631579,582.3889096639045,582.389318406463,15,DP; rtol=1e-6,49d13118f7639cf7701ebdc5da2d9a8f43ebfc3e56c5c4c22a6d5bf65373419b,950268bb257438cf8666d50db7fb9a488f7a92802f8688fe738e5b8918ffdb64,806,100.0,ok,835.6234266012907,1.4348202940257349,93.26154317228165,28,0,0.0,0.0,0,7.018373200384787e-05,"[[0, 36], [38, 63], [67, 95], [99, 121], [124, 164], [169, 197], [200, 229], [232, 254], [257, 292], [298, 331], [332, 357], [358, 387], [389, 430], [434, 459], [462, 484], [486, 509], [514, 542], [543, 571], [573, 605], [609, 631], [633, 663], [670, 693], [694, 717], [720, 742], [747, 787], [791, 822], [826, 853], [858, 895]]"
454,4864x896,2,0.1,4864,486,117.71428571428571,3555.9513866076995,3555.953274515637,21,DP; rtol=1e-6,49d13118f7639cf7701ebdc5da2d9a8f43ebfc3e56c5c4c22a6d5bf65373419b,950268bb257438cf8666d50db7fb9a488f7a92802f8688fe738e5b8918ffdb64,486,100.0,ok,566.7205965220928,0.15937242524081072,11.651328050427242,3,0,0.0,0.0,0,5.309147201870701e-05,"[[77, 215], [3409, 3619], [3984, 4122]]"
454,4864x896,2,0.2,4864,972,117.71428571428571,3491.477154868022,3491.4789288454967,18,DP; rtol=1e-6,49d13118f7639cf7701ebdc5da2d9a8f43ebfc3e56c5c4c22a6d5bf65373419b,950268bb257438cf8666d50db7fb9a488f7a92802f8688fe738e5b8918ffdb64,972,100.0,ok,1113.1414597928524,0.31881676735041653,22.88530961142223,7,1,0.7142857142857082,7.191686879512076e-05,0,5.080876932517242e-05,"[[77, 238], [511, 629], [1851, 1968], [2379, 2501], [3044, 3191], [3411, 3580], [3984, 4122]]"
454,4864x896,2,0.3,4864,1459,117.71428571428571,3449.393629210138,3449.3961905380866,19,DP; rtol=1e-6,49d13118f7639cf7701ebdc5da2d9a8f43ebfc3e56c5c4c22a6d5bf65373419b,950268bb257438cf8666d50db7fb9a488f7a92802f8688fe738e5b8918ffdb64,1459,100.0,ok,1650.3458335101604,0.47844520252333916,33.92980742342414,10,0,0.0,0.0,0,7.42543856069311e-05,"[[77, 238], [503, 629], [646, 772], [1858, 1976], [2372, 2538], [3044, 3191], [3409, 3620], [3805, 3924], [3984, 4122], [4342, 4489]]"
454,4864x896,2,0.4,4864,1945,117.71428571428571,3403.2994328775258,3403.301160004206,18,DP; rtol=1e-6,49d13118f7639cf7701ebdc5da2d9a8f43ebfc3e56c5c4c22a6d5bf65373419b,950268bb257438cf8666d50db7fb9a488f7a92802f8688fe738e5b8918ffdb64,1945,100.0,ok,2170.9291254878044,0.6378895446329449,44.63258891685522,14,1,0.7142857142857082,7.191686879512076e-05,0,5.074857025721968e-05,"[[23, 141], [172, 329], [503, 629], [646, 772], [1546, 1663], [1858, 1976], [2372, 2538], [3044, 3191], [3409, 3620], [3805, 3924], [3984, 4122], [4278, 4396], [4438, 4604], [4745, 4863]]"
454,4864x896,2,0.5,4864,2432,117.71428571428571,3354.470692627882,3354.472501971147,19,DP; rtol=1e-6,49d13118f7639cf7701ebdc5da2d9a8f43ebfc3e56c5c4c22a6d5bf65373419b,950268bb257438cf8666d50db7fb9a488f7a92802f8688fe738e5b8918ffdb64,2432,100.0,ok,2675.250690102577,0.7975179798058675,55.00104213399957,18,0,0.0,0.0,0,5.39382351116835e-05,"[[23, 141], [164, 329], [503, 629], [646, 772], [1351, 1469], [1528, 1653], [1846, 1967], [2038, 2157], [2254, 2390], [2407, 2545], [2907, 3026], [3044, 3191], [3409, 3620], [3805, 3925], [3984, 4122], [4278, 4398], [4438, 4604], [4745, 4864]]"
454,4864x896,2,0.6,4864,2918,117.71428571428571,3305.2539829838834,3305.256104055552,18,DP; rtol=1e-6,49d13118f7639cf7701ebdc5da2d9a8f43ebfc3e56c5c4c22a6d5bf65373419b,950268bb257438cf8666d50db7fb9a488f7a92802f8688fe738e5b8918ffdb64,2918,100.0,ok,3162.765822559595,0.9568904050466783,65.02396837430743,21,0,0.0,0.0,0,6.417268744174365e-05,"[[23, 141], [164, 329], [403, 534], [563, 692], [744, 899], [1110, 1231], [1351, 1469], [1528, 1653], [1846, 1967], [2038, 2157], [2238, 2390], [2407, 2545], [2907, 3026], [3044, 3191], [3409, 3620], [3700, 3823], [3851, 3996], [4035, 4167], [4278, 4396], [4438, 4604], [4694, 4859]]"
454,4864x896,2,0.7,4864,3404,117.71428571428571,3255.744880323707,3255.7470142369066,17,DP; rtol=1e-6,49d13118f7639cf7701ebdc5da2d9a8f43ebfc3e56c5c4c22a6d5bf65373419b,950268bb257438cf8666d50db7fb9a488f7a92802f8688fe738e5b8918ffdb64,3404,100.0,ok,3634.266994804144,1.116262830287489,74.71766023533382,23,0,0.0,0.0,0,6.554296725358455e-05,"[[23, 141], [163, 329], [403, 534], [560, 698], [733, 899], [1110, 1299], [1351, 1469], [1528, 1653], [1737, 1946], [2038, 2157], [2237, 2391], [2407, 2574], [2635, 2753], [2904, 3026], [3044, 3192], [3208, 3340], [3409, 3620], [3700, 3823], [3851, 3998], [4035, 4167], [4278, 4398], [4438, 4624], [4694, 4859]]"
454,4864x896,2,0.8,4864,3891,117.71428571428571,3203.2723944856652,3203.274079062425,15,DP; rtol=1e-6,49d13118f7639cf7701ebdc5da2d9a8f43ebfc3e56c5c4c22a6d5bf65373419b,950268bb257438cf8666d50db7fb9a488f7a92802f8688fe738e5b8918ffdb64,3891,100.0,ok,4087.257638335228,1.2759631823292068,84.03079023968695,26,0,0.0,0.0,0,5.258921709216935e-05,"[[23, 141], [163, 329], [388, 534], [560, 698], [733, 899], [1012, 1148], [1173, 1306], [1333, 1487], [1528, 1684], [1720, 1839], [1846, 1976], [2038, 2189], [2237, 2391], [2407, 2574], [2592, 2752], [2861, 3026], [3044, 3192], [3208, 3352], [3409, 3624], [3700, 3823], [3851, 3998], [4035, 4267], [4278, 4398], [4409, 4527], [4537, 4655], [4694, 4861]]"
454,4864x896,2,0.9,4864,4377,117.71428571428571,3143.33658987369,3143.3389994942527,16,DP; rtol=1e-6,49d13118f7639cf7701ebdc5da2d9a8f43ebfc3e56c5c4c22a6d5bf65373419b,950268bb257438cf8666d50db7fb9a488f7a92802f8688fe738e5b8918ffdb64,4377,100.0,ok,4511.968992948532,1.4354075244388125,92.76252038979813,30,1,0.7142857142857082,7.191686879512076e-05,0,7.665799212075441e-05,"[[23, 154], [163, 307], [316, 436], [444, 575], [579, 698], [714, 901], [920, 1065], [1070, 1217], [1224, 1341], [1348, 1480], [1484, 1610], [1625, 1772], [1779, 1976], [2027, 2189], [2201, 2391], [2407, 2574], [2584, 2752], [2835, 3026], [3044, 3192], [3206, 3353], [3364, 3494], [3503, 3645], [3681, 3823], [3836, 3998], [4023, 4142], [4146, 4267], [4278, 4398], [4409, 4527], [4538, 4675], [4694, 4864]]"
464,896x128,2,0.1,896,89,824.0,7088.749063888306,7088.753339499133,21,DP; rtol=1e-6,49d13118f7639cf7701ebdc5da2d9a8f43ebfc3e56c5c4c22a6d5bf65373419b,950268bb257438cf8666d50db7fb9a488f7a92802f8688fe738e5b8918ffdb64,89,100.0,ok,104.49620518088341,0.014741134752986355,11.662522909349997,1,1,735.0,0.010571779712882841,0,6.031541263107343e-05,"[[560, 649]]"
464,896x128,2,0.2,896,179,824.0,11186.17200163233,11186.179846060135,20,DP; rtol=1e-6,49d13118f7639cf7701ebdc5da2d9a8f43ebfc3e56c5c4c22a6d5bf65373419b,950268bb257438cf8666d50db7fb9a488f7a92802f8688fe738e5b8918ffdb64,179,100.0,ok,197.57948619127274,0.01766283284062154,22.05128195932674,1,1,645.0,0.009277276074570656,0,7.012606548784106e-05,"[[30, 209]]"
464,896x128,2,0.3,896,268,824.0,14028.336919779153,14028.350289472783,19,DP; rtol=1e-6,49d13118f7639cf7701ebdc5da2d9a8f43ebfc3e56c5c4c22a6d5bf65373419b,950268bb257438cf8666d50db7fb9a488f7a92802f8688fe738e5b8918ffdb64,268,100.0,ok,288.3113289177418,0.0205520676161719,32.17760370061201,1,1,556.0,0.007997155810017496,0,9.530481741570895e-05,"[[449, 717]]"
464,896x128,2,0.4,896,358,824.0,16004.979954452814,16004.991225462698,19,DP; rtol=1e-6,49d13118f7639cf7701ebdc5da2d9a8f43ebfc3e56c5c4c22a6d5bf65373419b,950268bb257438cf8666d50db7fb9a488f7a92802f8688fe738e5b8918ffdb64,358,100.0,ok,375.6971495449543,0.023473765703807083,41.93048547515187,1,1,466.0,0.006702652171705311,0,7.042184356764736e-05,"[[449, 807]]"
464,896x128,2,0.5,896,448,824.0,17556.82346876415,17556.83266342446,19,DP; rtol=1e-6,49d13118f7639cf7701ebdc5da2d9a8f43ebfc3e56c5c4c22a6d5bf65373419b,950268bb257438cf8666d50db7fb9a488f7a92802f8688fe738e5b8918ffdb64,448,100.0,ok,463.420498162508,0.026395463791442274,51.721037784359346,1,1,376.0,0.005408148533393127,0,5.237083753328875e-05,"[[378, 826]]"
464,896x128,2,0.6,896,537,824.0,18570.013640981873,18570.028999290927,18,DP; rtol=1e-6,49d13118f7639cf7701ebdc5da2d9a8f43ebfc3e56c5c4c22a6d5bf65373419b,950268bb257438cf8666d50db7fb9a488f7a92802f8688fe738e5b8918ffdb64,537,100.0,ok,543.8172518610954,0.029284698566992628,60.69388976710939,1,1,287.0,0.0041280282688399665,0,8.270481998140511e-05,"[[42, 579]]"
464,896x128,2,0.7,896,627,824.0,19917.981257099374,19917.991596614265,18,DP; rtol=1e-6,49d13118f7639cf7701ebdc5da2d9a8f43ebfc3e56c5c4c22a6d5bf65373419b,950268bb257438cf8666d50db7fb9a488f7a92802f8688fe738e5b8918ffdb64,627,100.0,ok,641.4864049255848,0.032206396654627815,71.59446489497824,1,1,197.0,0.002833524630527782,0,5.191042902197296e-05,"[[30, 657]]"
464,896x128,2,0.8,896,716,824.0,20802.86191229532,20802.87517842871,17,DP; rtol=1e-6,49d13118f7639cf7701ebdc5da2d9a8f43ebfc3e56c5c4c22a6d5bf65373419b,950268bb257438cf8666d50db7fb9a488f7a92802f8688fe738e5b8918ffdb64,716,100.0,ok,730.0895743668079,0.035095631430178166,81.48321149262334,1,1,108.0,0.0015534043659746217,0,6.377067244267565e-05,"[[51, 767]]"
464,896x128,2,0.9,896,806,824.0,21523.538602803383,21523.550790707057,16,DP; rtol=1e-6,49d13118f7639cf7701ebdc5da2d9a8f43ebfc3e56c5c4c22a6d5bf65373419b,950268bb257438cf8666d50db7fb9a488f7a92802f8688fe738e5b8918ffdb64,806,100.0,ok,818.2674594521523,0.03801732951781336,91.32449331836749,1,1,18.0,0.00025890072766243693,0,5.662589687149833e-05,"[[30, 836]]"
465,896x896,2,0.1,896,89,117.71428571428571,5159.54446614676,5159.549103937905,19,DP; rtol=1e-6,49d13118f7639cf7701ebdc5da2d9a8f43ebfc3e56c5c4c22a6d5bf65373419b,950268bb257438cf8666d50db7fb9a488f7a92802f8688fe738e5b8918ffdb64,89,100.0,ok,165.50035202503204,0.032076543406288474,18.471021418463323,1,1,28.714285714285708,0.0028910581255638785,0,8.988752798755328e-05,"[[703, 792]]"
465,896x896,2,0.2,896,179,117.71428571428571,5237.454099274105,5237.456722711848,18,DP; rtol=1e-6,49d13118f7639cf7701ebdc5da2d9a8f43ebfc3e56c5c4c22a6d5bf65373419b,950268bb257438cf8666d50db7fb9a488f7a92802f8688fe738e5b8918ffdb64,179,100.0,ok,337.1890232563019,0.0643803299971708,37.63270346214041,2,2,56.428571428571416,0.005681432634814587,0,5.008991733612689e-05,"[[575, 641], [697, 810]]"
465,896x896,2,0.3,896,268,117.71428571428571,5006.9663607682905,5006.969399103031,11,DP; rtol=1e-6,49d13118f7639cf7701ebdc5da2d9a8f43ebfc3e56c5c4c22a6d5bf65373419b,950268bb257438cf8666d50db7fb9a488f7a92802f8688fe738e5b8918ffdb64,268,100.0,ok,440.03414753079414,0.0878843826430808,49.11095393118681,2,0,0.0,0.0,0,6.068211123588796e-05,"[[529, 662], [697, 832]]"
465,896x896,2,0.4,896,358,117.71428571428571,4516.264932823313,4516.267228346269,18,DP; rtol=1e-6,49d13118f7639cf7701ebdc5da2d9a8f43ebfc3e56c5c4c22a6d5bf65373419b,950268bb257438cf8666d50db7fb9a488f7a92802f8688fe738e5b8918ffdb64,358,100.0,ok,536.4356196522713,0.11877859860557874,59.87004679437224,3,1,13.714285714285708,0.0013808038808663296,0,5.0827881525883356e-05,"[[384, 488], [522, 641], [697, 832]]"
465,896x896,2,0.5,896,448,117.71428571428571,4213.366633849931,4213.369953230927,15,DP; rtol=1e-6,49d13118f7639cf7701ebdc5da2d9a8f43ebfc3e56c5c4c22a6d5bf65373419b,950268bb257438cf8666d50db7fb9a488f7a92802f8688fe738e5b8918ffdb64,448,100.0,ok,618.9907768964767,0.14691120680634404,69.08379201608444,2,0,0.0,0.0,0,7.878209209444265e-05,"[[384, 504], [505, 833]]"
465,896x896,2,0.6,896,537,117.71428571428571,4007.0969743739956,4007.1004063777837,17,DP; rtol=1e-6,49d13118f7639cf7701ebdc5da2d9a8f43ebfc3e56c5c4c22a6d5bf65373419b,950268bb257438cf8666d50db7fb9a488f7a92802f8688fe738e5b8918ffdb64,537,100.0,ok,710.7660880982876,0.17737681235162178,79.3265722769892,4,1,12.714285714285708,0.0012801202645531598,0,8.564806068811492e-05,"[[129, 258], [384, 489], [518, 681], [692, 832]]"
465,896x896,2,0.7,896,627,117.71428571428571,3762.1786538580627,3762.180575751463,17,DP; rtol=1e-6,49d13118f7639cf7701ebdc5da2d9a8f43ebfc3e56c5c4c22a6d5bf65373419b,950268bb257438cf8666d50db7fb9a488f7a92802f8688fe738e5b8918ffdb64,627,100.0,ok,773.5419449210167,0.20561010416870024,86.33280629248927,4,0,0.0,0.0,0,5.1084560181990923e-05,"[[127, 307], [384, 504], [505, 691], [692, 833]]"
465,896x896,2,0.8,896,716,117.71428571428571,3521.5667706992044,3521.5687812563046,16,DP; rtol=1e-6,49d13118f7639cf7701ebdc5da2d9a8f43ebfc3e56c5c4c22a6d5bf65373419b,950268bb257438cf8666d50db7fb9a488f7a92802f8688fe738e5b8918ffdb64,716,100.0,ok,826.8483457118273,0.23479558944942486,92.2821813765938,3,0,0.0,0.0,0,5.7092654581758495e-05,"[[63, 331], [384, 504], [505, 833]]"
465,896x896,2,0.9,896,806,117.71428571428571,3277.503777107758,3277.506039038786,10,DP; rtol=1e-6,49d13118f7639cf7701ebdc5da2d9a8f43ebfc3e56c5c4c22a6d5bf65373419b,950268bb257438cf8666d50db7fb9a488f7a92802f8688fe738e5b8918ffdb64,806,100.0,ok,866.2737508416176,0.2643090015310564,96.68233819604156,4,0,0.0,0.0,0,6.901378672985459e-05,"[[1, 119], [126, 326], [384, 504], [505, 873]]"
467,896x4864,2,0.1,896,89,21.68421052631579,766.1747843328982,766.1752396147524,18,DP; rtol=1e-6,49d13118f7639cf7701ebdc5da2d9a8f43ebfc3e56c5c4c22a6d5bf65373419b,950268bb257438cf8666d50db7fb9a488f7a92802f8688fe738e5b8918ffdb64,89,100.0,ok,121.67580318450928,0.15880945924166814,13.57988875143294,4,1,0.6842105263157912,0.0003739677177346321,0,5.942267913283672e-05,"[[53, 77], [483, 505], [557, 579], [643, 664]]"
467,896x4864,2,0.2,896,179,21.68421052631579,704.1654954656182,704.165906984389,19,DP; rtol=1e-6,49d13118f7639cf7701ebdc5da2d9a8f43ebfc3e56c5c4c22a6d5bf65373419b,950268bb257438cf8666d50db7fb9a488f7a92802f8688fe738e5b8918ffdb64,179,100.0,ok,224.64648509025574,0.3190251248276683,25.072152359660752,8,1,0.6842105263157912,0.0003739677177346321,0,5.844059856041639e-05,"[[53, 77], [257, 278], [365, 387], [437, 459], [482, 505], [557, 579], [643, 666], [756, 778]]"
467,896x4864,2,0.3,896,268,21.68421052631579,672.0205487380763,672.020960460684,18,DP; rtol=1e-6,49d13118f7639cf7701ebdc5da2d9a8f43ebfc3e56c5c4c22a6d5bf65373419b,950268bb257438cf8666d50db7fb9a488f7a92802f8688fe738e5b8918ffdb64,268,100.0,ok,321.36597338318825,0.47820855178707106,35.86673810915313,12,3,2.0526315789473735,0.0011219031532038962,0,6.126633422809391e-05,"[[3, 25], [53, 81], [204, 225], [257, 278], [365, 387], [437, 459], [483, 505], [557, 579], [643, 666], [720, 742], [756, 778], [781, 802]]"
467,896x4864,2,0.4,896,358,21.68421052631579,648.8843007894495,648.8847065746374,17,DP; rtol=1e-6,49d13118f7639cf7701ebdc5da2d9a8f43ebfc3e56c5c4c22a6d5bf65373419b,950268bb257438cf8666d50db7fb9a488f7a92802f8688fe738e5b8918ffdb64,358,100.0,ok,414.50611367821693,0.6387981850908059,46.26184305521503,16,4,2.7368421052631646,0.0014958708709385284,0,6.253579161175082e-05,"[[3, 25], [53, 81], [123, 144], [204, 225], [257, 278], [365, 387], [437, 459], [483, 505], [514, 536], [557, 579], [582, 604], [643, 666], [720, 742], [754, 778], [781, 802], [858, 881]]"
467,896x4864,2,0.5,896,448,21.68421052631579,632.1550995422676,632.1554108103862,16,DP; rtol=1e-6,49d13118f7639cf7701ebdc5da2d9a8f43ebfc3e56c5c4c22a6d5bf65373419b,950268bb257438cf8666d50db7fb9a488f7a92802f8688fe738e5b8918ffdb64,448,100.0,ok,504.8642747104168,0.7986398829590714,56.34645924419249,19,3,2.0526315789473735,0.0011219031532038962,0,4.923917651389331e-05,"[[3, 27], [53, 81], [123, 144], [160, 183], [204, 225], [257, 281], [324, 346], [365, 387], [399, 421], [437, 459], [483, 509], [514, 536], [554, 579], [582, 604], [643, 666], [720, 742], [754, 778], [781, 802], [844, 878]]"
467,896x4864,2,0.6,896,537,21.68421052631579,619.1752530273678,619.1755832056883,18,DP; rtol=1e-6,49d13118f7639cf7701ebdc5da2d9a8f43ebfc3e56c5c4c22a6d5bf65373419b,950268bb257438cf8666d50db7fb9a488f7a92802f8688fe738e5b8918ffdb64,537,100.0,ok,592.1342840492725,0.9563274390475356,66.0864156458861,20,1,0.6842105263157912,0.0003739677177346321,0,5.332547494685258e-05,"[[3, 27], [53, 81], [123, 144], [153, 186], [207, 233], [257, 281], [326, 349], [365, 387], [399, 421], [437, 459], [482, 509], [514, 536], [554, 579], [582, 612], [643, 666], [670, 705], [720, 742], [754, 778], [782, 822], [844, 888]]"
467,896x4864,2,0.7,896,627,21.68421052631579,605.9498982056592,605.9503359448199,17,DP; rtol=1e-6,49d13118f7639cf7701ebdc5da2d9a8f43ebfc3e56c5c4c22a6d5bf65373419b,950268bb257438cf8666d50db7fb9a488f7a92802f8688fe738e5b8918ffdb64,627,100.0,ok,676.3425748944283,1.116169136915801,75.48466239418543,22,0,0.0,0.0,0,7.224010528661395e-05,"[[3, 36], [53, 81], [83, 106], [122, 144], [153, 189], [207, 233], [257, 285], [325, 350], [363, 387], [399, 422], [427, 455], [464, 491], [503, 527], [529, 552], [554, 579], [582, 615], [632, 666], [670, 705], [720, 742], [754, 778], [782, 822], [844, 888]]"
467,896x4864,2,0.8,896,716,21.68421052631579,593.135578521359,593.1361179801822,16,DP; rtol=1e-6,49d13118f7639cf7701ebdc5da2d9a8f43ebfc3e56c5c4c22a6d5bf65373419b,950268bb257438cf8666d50db7fb9a488f7a92802f8688fe738e5b8918ffdb64,716,100.0,ok,756.0133536756039,1.2746046284397348,84.37649038522622,26,0,0.0,0.0,0,9.0950256925737e-05,"[[3, 36], [51, 81], [83, 106], [122, 144], [147, 189], [199, 225], [228, 250], [257, 285], [295, 317], [324, 350], [363, 387], [390, 422], [427, 455], [464, 494], [503, 540], [548, 572], [573, 596], [601, 624], [632, 666], [670, 693], [695, 717], [720, 742], [747, 778], [782, 822], [844, 870], [871, 894]]"
467,896x4864,2,0.9,896,806,21.68421052631579,581.110982771299,581.1114033843214,15,DP; rtol=1e-6,49d13118f7639cf7701ebdc5da2d9a8f43ebfc3e56c5c4c22a6d5bf65373419b,950268bb257438cf8666d50db7fb9a488f7a92802f8688fe738e5b8918ffdb64,806,100.0,ok,833.789831161499,1.434820294025735,93.05690082094094,28,0,0.0,0.0,0,7.238078963966998e-05,"[[3, 27], [28, 64], [66, 95], [96, 119], [122, 144], [147, 189], [199, 225], [228, 255], [257, 285], [294, 317], [324, 358], [362, 388], [389, 422], [425, 459], [460, 494], [495, 519], [520, 544], [548, 572], [573, 596], [598, 624], [631, 666], [670, 693], [695, 719], [720, 752], [754, 778], [782, 822], [827, 857], [858, 894]]"
468,4864x896,2,0.1,4864,486,117.71428571428571,3473.637599471763,3473.639269110331,20,DP; rtol=1e-6,49d13118f7639cf7701ebdc5da2d9a8f43ebfc3e56c5c4c22a6d5bf65373419b,950268bb257438cf8666d50db7fb9a488f7a92802f8688fe738e5b8918ffdb64,486,100.0,ok,553.6020486354828,0.15937242524081072,11.381621070299218,4,0,0.0,0.0,0,4.806597456719075e-05,"[[42, 163], [1145, 1269], [2029, 2149], [4191, 4312]]"
468,4864x896,2,0.2,4864,972,117.71428571428571,3368.2900297893507,3368.2917810750596,20,DP; rtol=1e-6,49d13118f7639cf7701ebdc5da2d9a8f43ebfc3e56c5c4c22a6d5bf65373419b,950268bb257438cf8666d50db7fb9a488f7a92802f8688fe738e5b8918ffdb64,972,100.0,ok,1073.6251019239426,0.3187448504816214,22.07288450571764,7,0,0.0,0.0,0,5.199328985128204e-05,"[[12, 163], [247, 379], [980, 1122], [1145, 1287], [2029, 2149], [3311, 3478], [4197, 4315]]"
468,4864x896,2,0.3,4864,1459,117.71428571428571,3320.7072302603533,3320.709356955772,19,DP; rtol=1e-6,49d13118f7639cf7701ebdc5da2d9a8f43ebfc3e56c5c4c22a6d5bf65373419b,950268bb257438cf8666d50db7fb9a488f7a92802f8688fe738e5b8918ffdb64,1459,100.0,ok,1588.7764433026314,0.47844520252333916,32.66398939031901,11,0,0.0,0.0,0,6.404340729959657e-05,"[[12, 163], [247, 379], [673, 794], [980, 1115], [1145, 1269], [1701, 1830], [2029, 2149], [2620, 2754], [3311, 3478], [3878, 4006], [4197, 4315]]"
468,4864x896,2,0.4,4864,1945,117.71428571428571,3280.3488662582413,3280.3510036303396,18,DP; rtol=1e-6,49d13118f7639cf7701ebdc5da2d9a8f43ebfc3e56c5c4c22a6d5bf65373419b,950268bb257438cf8666d50db7fb9a488f7a92802f8688fe738e5b8918ffdb64,1945,100.0,ok,2092.26433211565,0.63781762776415,43.01530289806211,13,0,0.0,0.0,0,6.515681083563152e-05,"[[12, 163], [247, 379], [673, 821], [980, 1127], [1145, 1287], [1300, 1418], [1701, 1830], [2029, 2211], [2335, 2531], [2620, 2754], [3311, 3497], [3878, 4040], [4197, 4315]]"
468,4864x896,2,0.5,4864,2432,117.71428571428571,3244.2263140279997,3244.2286555795718,17,DP; rtol=1e-6,49d13118f7639cf7701ebdc5da2d9a8f43ebfc3e56c5c4c22a6d5bf65373419b,950268bb257438cf8666d50db7fb9a488f7a92802f8688fe738e5b8918ffdb64,2432,100.0,ok,2587.328815996647,0.7975179798058677,53.19343785038933,17,0,0.0,0.0,0,7.217591053709782e-05,"[[12, 163], [247, 379], [673, 821], [980, 1127], [1145, 1287], [1303, 1448], [1701, 1830], [1864, 1984], [2029, 2211], [2335, 2531], [2620, 2754], [2950, 3074], [3229, 3393], [3420, 3538], [3878, 4040], [4093, 4213], [4238, 4356]]"
468,4864x896,2,0.6,4864,2918,117.71428571428571,3213.2174623374267,3213.2196325302,15,DP; rtol=1e-6,49d13118f7639cf7701ebdc5da2d9a8f43ebfc3e56c5c4c22a6d5bf65373419b,950268bb257438cf8666d50db7fb9a488f7a92802f8688fe738e5b8918ffdb64,2918,100.0,ok,3075.3902126550674,0.9571061556530637,63.227594858115225,21,3,2.1428571428571246,0.00021575060638536226,0,6.753950932969488e-05,"[[12, 163], [247, 386], [673, 894], [977, 1096], [1104, 1235], [1253, 1371], [1384, 1503], [1693, 1830], [1864, 1984], [2029, 2211], [2293, 2412], [2416, 2533], [2620, 2755], [2764, 2881], [2949, 3074], [3151, 3268], [3311, 3501], [3680, 3825], [3866, 4040], [4089, 4213], [4238, 4356]]"
468,4864x896,2,0.7,4864,3404,117.71428571428571,3184.2140212356107,3184.2170168262596,17,DP; rtol=1e-6,49d13118f7639cf7701ebdc5da2d9a8f43ebfc3e56c5c4c22a6d5bf65373419b,950268bb257438cf8666d50db7fb9a488f7a92802f8688fe738e5b8918ffdb64,3404,100.0,ok,3554.8777529895306,1.1164066640250792,73.08548014858322,25,2,1.4285714285714164,0.00014383373759024152,0,9.407620877865952e-05,"[[12, 163], [247, 386], [500, 631], [673, 794], [808, 951], [977, 1096], [1104, 1235], [1253, 1371], [1384, 1503], [1693, 1830], [1864, 1984], [2029, 2211], [2293, 2412], [2416, 2533], [2620, 2754], [2764, 2887], [2929, 3074], [3151, 3268], [3311, 3501], [3584, 3755], [3771, 3893], [3945, 4071], [4084, 4213], [4238, 4356], [4401, 4583]]"
468,4864x896,2,0.8,4864,3891,117.71428571428571,3155.176673254171,3155.1795468297614,16,DP; rtol=1e-6,49d13118f7639cf7701ebdc5da2d9a8f43ebfc3e56c5c4c22a6d5bf65373419b,950268bb257438cf8666d50db7fb9a488f7a92802f8688fe738e5b8918ffdb64,3891,100.0,ok,4026.343089669943,1.2761070160667969,82.7784352651759,28,2,1.4285714285714164,0.00014383373759024152,0,9.107486745874027e-05,"[[1, 163], [183, 394], [500, 641], [673, 794], [808, 951], [976, 1096], [1104, 1235], [1253, 1371], [1384, 1503], [1564, 1688], [1693, 1830], [1864, 1984], [2029, 2258], [2287, 2412], [2416, 2533], [2611, 2755], [2764, 2888], [2929, 3074], [3151, 3268], [3283, 3401], [3420, 3544], [3584, 3755], [3771, 3893], [3926, 4071], [4084, 4213], [4238, 4356], [4400, 4587], [4714, 4843]]"
468,4864x896,2,0.9,4864,4377,117.71428571428571,3118.659299717168,3118.66104238396,15,DP; rtol=1e-6,49d13118f7639cf7701ebdc5da2d9a8f43ebfc3e56c5c4c22a6d5bf65373419b,950268bb257438cf8666d50db7fb9a488f7a92802f8688fe738e5b8918ffdb64,4377,100.0,ok,4476.322740763426,1.4353356075700172,92.02966164830605,31,0,0.0,0.0,0,5.587868538992069e-05,"[[1, 135], [141, 275], [281, 400], [444, 565], [582, 737], [746, 907], [916, 1068], [1071, 1194], [1198, 1371], [1384, 1503], [1527, 1658], [1663, 1830], [1864, 1984], [2001, 2144], [2148, 2267], [2287, 2448], [2455, 2580], [2611, 2756], [2764, 2888], [2922, 3074], [3089, 3265], [3277, 3408], [3419, 3545], [3584, 3757], [3768, 3918], [3926, 4074], [4084, 4213], [4222, 4356], [4389, 4510], [4523, 4658], [4667, 4843]]"
482,4864x896,2,0.1,4864,486,117.71428571428571,3749.914836046427,3749.916972586877,21,DP; rtol=1e-6,49d13118f7639cf7701ebdc5da2d9a8f43ebfc3e56c5c4c22a6d5bf65373419b,950268bb257438cf8666d50db7fb9a488f7a92802f8688fe738e5b8918ffdb64,486,100.0,ok,597.902704000473,0.15944434210960584,12.292407574197053,4,1,0.7142857142857082,7.191686879512076e-05,0,5.697567347917598e-05,"[[93, 214], [284, 409], [3355, 3478], [4526, 4643]]"
482,4864x896,2,0.2,4864,972,117.71428571428571,3652.6336814990764,3652.636453272367,20,DP; rtol=1e-6,49d13118f7639cf7701ebdc5da2d9a8f43ebfc3e56c5c4c22a6d5bf65373419b,950268bb257438cf8666d50db7fb9a488f7a92802f8688fe738e5b8918ffdb64,972,100.0,ok,1167.1477224230766,0.3195359360383678,23.995635756999214,8,4,7.857142857142833,0.0007910855567463326,0,7.588418190485058e-05,"[[93, 214], [395, 542], [670, 787], [913, 1031], [2778, 2894], [3355, 3478], [3610, 3723], [4526, 4643]]"
482,4864x896,2,0.3,4864,1459,117.71428571428571,3555.660827545804,3555.662463739337,19,DP; rtol=1e-6,49d13118f7639cf7701ebdc5da2d9a8f43ebfc3e56c5c4c22a6d5bf65373419b,950268bb257438cf8666d50db7fb9a488f7a92802f8688fe738e5b8918ffdb64,1459,100.0,ok,1704.5131206512451,0.4793801218176757,35.04344411627723,12,6,9.28571428571425,0.0009349192943365741,0,4.60165594962092e-05,"[[93, 214], [407, 542], [670, 787], [914, 1031], [1842, 1959], [2519, 2637], [2778, 2894], [3266, 3415], [3455, 3574], [3610, 3723], [3967, 4087], [4526, 4643]]"
482,4864x896,2,0.4,4864,1945,117.71428571428571,3471.3365160154112,3471.3390557949597,14,DP; rtol=1e-6,49d13118f7639cf7701ebdc5da2d9a8f43ebfc3e56c5c4c22a6d5bf65373419b,950268bb257438cf8666d50db7fb9a488f7a92802f8688fe738e5b8918ffdb64,1945,100.0,ok,2214.3292694687843,0.637889544632945,45.52486165669319,15,1,0.7142857142857082,7.191686879512076e-05,0,7.31642604612226e-05,"[[93, 214], [284, 409], [481, 616], [637, 787], [913, 1031], [1674, 1794], [1842, 1959], [2090, 2244], [2529, 2662], [2778, 2898], [3259, 3419], [3455, 3574], [3592, 3723], [3967, 4087], [4526, 4648]]"
482,4864x896,2,0.5,4864,2432,117.71428571428571,3395.8372303317924,3395.8390718021374,19,DP; rtol=1e-6,49d13118f7639cf7701ebdc5da2d9a8f43ebfc3e56c5c4c22a6d5bf65373419b,950268bb257438cf8666d50db7fb9a488f7a92802f8688fe738e5b8918ffdb64,2432,100.0,ok,2708.2412476837635,0.7975179798058675,55.679302005221295,17,0,0.0,0.0,0,5.4227255941174946e-05,"[[93, 214], [284, 409], [481, 616], [637, 787], [913, 1031], [1581, 1790], [1842, 1966], [2090, 2282], [2529, 2662], [2772, 2894], [3258, 3419], [3455, 3574], [3592, 3723], [3889, 4069], [4265, 4419], [4526, 4648], [4726, 4862]]"
482,4864x896,2,0.6,4864,2918,117.71428571428571,3335.4869712552018,3335.4890427597543,18,DP; rtol=1e-6,49d13118f7639cf7701ebdc5da2d9a8f43ebfc3e56c5c4c22a6d5bf65373419b,950268bb257438cf8666d50db7fb9a488f7a92802f8688fe738e5b8918ffdb64,2918,100.0,ok,3192.271185621619,0.9570630055317866,65.63057540712369,21,1,1.7142857142857082,0.00017260048510829066,0,6.210497249803382e-05,"[[92, 214], [284, 409], [481, 616], [636, 787], [913, 1031], [1068, 1184], [1311, 1488], [1581, 1790], [1842, 1966], [2090, 2282], [2392, 2515], [2529, 2662], [2772, 2894], [3258, 3419], [3455, 3574], [3582, 3723], [3810, 3928], [3967, 4087], [4265, 4419], [4526, 4648], [4726, 4862]]"
482,4864x896,2,0.7,4864,3404,117.71428571428571,3284.2301895695914,3284.2319506019257,17,DP; rtol=1e-6,49d13118f7639cf7701ebdc5da2d9a8f43ebfc3e56c5c4c22a6d5bf65373419b,950268bb257438cf8666d50db7fb9a488f7a92802f8688fe738e5b8918ffdb64,3404,100.0,ok,3666.300278276205,1.1163347471562841,75.37623932526576,25,1,0.7142857142857082,7.191686879512076e-05,0,5.362082705628879e-05,"[[92, 214], [241, 359], [387, 506], [514, 641], [655, 787], [913, 1031], [1074, 1203], [1311, 1488], [1581, 1791], [1842, 1966], [2019, 2139], [2149, 2282], [2392, 2515], [2529, 2662], [2741, 2894], [2933, 3077], [3258, 3419], [3455, 3574], [3582, 3723], [3810, 3936], [3967, 4087], [4157, 4274], [4338, 4456], [4500, 4632], [4674, 4862]]"
482,4864x896,2,0.8,4864,3891,117.71428571428571,3225.054942357851,3225.057863588084,14,DP; rtol=1e-6,49d13118f7639cf7701ebdc5da2d9a8f43ebfc3e56c5c4c22a6d5bf65373419b,950268bb257438cf8666d50db7fb9a488f7a92802f8688fe738e5b8918ffdb64,3891,100.0,ok,4115.2833032906055,1.2760350991980016,84.60697586558513,27,1,0.7142857142857082,7.191686879512076e-05,0,9.05791572303194e-05,"[[0, 174], [200, 359], [387, 506], [514, 641], [654, 787], [913, 1031], [1074, 1203], [1242, 1360], [1371, 1488], [1574, 1794], [1834, 1966], [2011, 2189], [2198, 2345], [2392, 2515], [2519, 2662], [2707, 2869], [2881, 3017], [3036, 3156], [3258, 3419], [3455, 3574], [3582, 3723], [3791, 3936], [3967, 4110], [4163, 4319], [4338, 4456], [4500, 4648], [4657, 4862]]"
482,4864x896,2,0.9,4864,4377,117.71428571428571,3154.2063604725276,3154.208650471458,16,DP; rtol=1e-6,49d13118f7639cf7701ebdc5da2d9a8f43ebfc3e56c5c4c22a6d5bf65373419b,950268bb257438cf8666d50db7fb9a488f7a92802f8688fe738e5b8918ffdb64,4377,100.0,ok,4527.344702810049,1.4353356075700174,93.0786329338613,31,0,0.0,0.0,0,7.260137753206664e-05,"[[0, 202], [207, 359], [387, 506], [514, 641], [654, 787], [808, 932], [937, 1056], [1068, 1204], [1211, 1360], [1371, 1493], [1529, 1664], [1674, 1794], [1834, 1966], [1983, 2189], [2198, 2349], [2391, 2515], [2519, 2662], [2700, 2869], [2881, 3017], [3036, 3167], [3182, 3300], [3301, 3429], [3455, 3574], [3580, 3723], [3749, 3950], [3966, 4087], [4100, 4319], [4338, 4456], [4471, 4589], [4595, 4734], [4739, 4862]]"
483,896x896,2,0.1,896,89,117.71428571428571,3467.4042473969653,3467.4060201665316,22,DP; rtol=1e-6,49d13118f7639cf7701ebdc5da2d9a8f43ebfc3e56c5c4c22a6d5bf65373419b,950268bb257438cf8666d50db7fb9a488f7a92802f8688fe738e5b8918ffdb64,89,100.0,ok,111.22234284877777,0.032076543406288474,12.413207894843197,1,1,28.714285714285708,0.0028910581255638785,0,5.112667960105455e-05,"[[20, 109]]"
483,896x896,2,0.2,896,179,117.71428571428571,3458.9752467981457,3458.977590236773,21,DP; rtol=1e-6,49d13118f7639cf7701ebdc5da2d9a8f43ebfc3e56c5c4c22a6d5bf65373419b,950268bb257438cf8666d50db7fb9a488f7a92802f8688fe738e5b8918ffdb64,179,100.0,ok,222.68996784090996,0.0643803299971708,24.85379102887274,2,2,56.428571428571416,0.005681432634814587,0,6.774945966459e-05,"[[31, 109], [552, 653]]"
483,896x896,2,0.3,896,268,117.71428571428571,3481.1784520835763,3481.181314413844,18,DP; rtol=1e-6,49d13118f7639cf7701ebdc5da2d9a8f43ebfc3e56c5c4c22a6d5bf65373419b,950268bb257438cf8666d50db7fb9a488f7a92802f8688fe738e5b8918ffdb64,268,100.0,ok,313.2015272974968,0.08996997183813932,34.955527565286836,2,1,20.714285714285708,0.002085589195058519,0,8.222295850845995e-05,"[[12, 109], [480, 651]]"
483,896x896,2,0.4,896,358,117.71428571428571,3456.986465993472,3456.988123786979,19,DP; rtol=1e-6,49d13118f7639cf7701ebdc5da2d9a8f43ebfc3e56c5c4c22a6d5bf65373419b,950268bb257438cf8666d50db7fb9a488f7a92802f8688fe738e5b8918ffdb64,358,100.0,ok,405.8425875008106,0.11739779472471241,45.29493159551812,2,0,0.0,0.0,0,4.7954851090104e-05,"[[31, 213], [477, 653]]"
483,896x896,2,0.5,896,448,117.71428571428571,3433.028534560407,3433.030640966662,19,DP; rtol=1e-6,49d13118f7639cf7701ebdc5da2d9a8f43ebfc3e56c5c4c22a6d5bf65373419b,950268bb257438cf8666d50db7fb9a488f7a92802f8688fe738e5b8918ffdb64,448,100.0,ok,504.35036501288414,0.14691120680634404,56.28910318187727,3,0,0.0,0.0,0,6.1357047898003e-05,"[[31, 213], [386, 508], [570, 714]]"
483,896x896,2,0.6,896,537,117.71428571428571,3419.931264459565,3419.9330498577256,19,DP; rtol=1e-6,49d13118f7639cf7701ebdc5da2d9a8f43ebfc3e56c5c4c22a6d5bf65373419b,950268bb257438cf8666d50db7fb9a488f7a92802f8688fe738e5b8918ffdb64,537,100.0,ok,608.6824924349785,0.1779809140495008,67.93331382004546,4,1,18.714285714285708,0.0018842219624321793,0,5.220564655017412e-05,"[[31, 213], [386, 504], [552, 651], [693, 831]]"
483,896x896,2,0.7,896,627,117.71428571428571,3394.4278663741156,3394.4305046408626,17,DP; rtol=1e-6,49d13118f7639cf7701ebdc5da2d9a8f43ebfc3e56c5c4c22a6d5bf65373419b,950268bb257438cf8666d50db7fb9a488f7a92802f8688fe738e5b8918ffdb64,627,100.0,ok,698.1727838218212,0.20568202103749533,77.92106954521792,5,1,0.7142857142857082,7.191686879512076e-05,0,7.772339847278431e-05,"[[21, 147], [173, 290], [386, 508], [552, 676], [693, 831]]"
483,896x896,2,0.8,896,716,117.71428571428571,3292.1383268607233,3292.1414210220823,15,DP; rtol=1e-6,49d13118f7639cf7701ebdc5da2d9a8f43ebfc3e56c5c4c22a6d5bf65373419b,950268bb257438cf8666d50db7fb9a488f7a92802f8688fe738e5b8918ffdb64,716,100.0,ok,772.9795590043068,0.23479558944942486,86.27003998136077,5,0,0.0,0.0,0,9.398628318946223e-05,"[[12, 157], [169, 339], [369, 508], [552, 676], [693, 831]]"
483,896x896,2,0.9,896,806,117.71428571428571,3187.2661397187444,3187.2682049581026,14,DP; rtol=1e-6,49d13118f7639cf7701ebdc5da2d9a8f43ebfc3e56c5c4c22a6d5bf65373419b,950268bb257438cf8666d50db7fb9a488f7a92802f8688fe738e5b8918ffdb64,806,100.0,ok,844.8986875712872,0.2650857037140438,94.29672842948757,6,1,7.714285714285708,0.0007767021829873102,0,6.479653500424121e-05,"[[0, 110], [131, 249], [255, 387], [420, 540], [552, 676], [693, 895]]"
484,896x128,2,0.1,896,89,824.0,7545.032639108439,7545.0364966350735,22,DP; rtol=1e-6,49d13118f7639cf7701ebdc5da2d9a8f43ebfc3e56c5c4c22a6d5bf65373419b,950268bb257438cf8666d50db7fb9a488f7a92802f8688fe738e5b8918ffdb64,89,100.0,ok,111.22234284877777,0.014741134752986355,12.413207894843197,1,1,735.0,0.010571779712882841,0,5.112667958995232e-05,"[[20, 109]]"
484,896x128,2,0.2,896,179,824.0,11426.302252605301,11426.310352583903,21,DP; rtol=1e-6,49d13118f7639cf7701ebdc5da2d9a8f43ebfc3e56c5c4c22a6d5bf65373419b,950268bb257438cf8666d50db7fb9a488f7a92802f8688fe738e5b8918ffdb64,179,100.0,ok,201.8208666741848,0.01766283284062154,22.524650275982,1,1,645.0,0.009277276074570656,0,7.088883771100285e-05,"[[31, 210]]"
484,896x128,2,0.3,896,268,824.0,14099.327662665763,14099.341198645405,20,DP; rtol=1e-6,49d13118f7639cf7701ebdc5da2d9a8f43ebfc3e56c5c4c22a6d5bf65373419b,950268bb257438cf8666d50db7fb9a488f7a92802f8688fe738e5b8918ffdb64,268,100.0,ok,289.77033546566963,0.0205520676161719,32.340439193808436,1,1,556.0,0.007997155810017496,0,9.600434127676749e-05,"[[449, 717]]"
484,896x128,2,0.4,896,358,824.0,16165.906128549288,16165.916771340897,20,DP; rtol=1e-6,49d13118f7639cf7701ebdc5da2d9a8f43ebfc3e56c5c4c22a6d5bf65373419b,950268bb257438cf8666d50db7fb9a488f7a92802f8688fe738e5b8918ffdb64,358,100.0,ok,379.474692851305,0.023473765703807083,42.352086213465164,1,1,466.0,0.006702652171705311,0,6.583475443688869e-05,"[[471, 829]]"
484,896x128,2,0.5,896,448,824.0,17742.8016936911,17742.817967127005,19,DP; rtol=1e-6,49d13118f7639cf7701ebdc5da2d9a8f43ebfc3e56c5c4c22a6d5bf65373419b,950268bb257438cf8666d50db7fb9a488f7a92802f8688fe738e5b8918ffdb64,448,100.0,ok,468.32947966456413,0.026395463791442274,52.26891508897808,1,1,376.0,0.005408148533393127,0,9.17184402982052e-05,"[[385, 833]]"
484,896x128,2,0.6,896,537,824.0,18658.08124053956,18658.09388273272,19,DP; rtol=1e-6,49d13118f7639cf7701ebdc5da2d9a8f43ebfc3e56c5c4c22a6d5bf65373419b,950268bb257438cf8666d50db7fb9a488f7a92802f8688fe738e5b8918ffdb64,537,100.0,ok,546.3962849676609,0.029284698566992628,60.98172817214752,1,1,287.0,0.0041280282688399665,0,6.775715268858562e-05,"[[55, 592]]"
484,896x128,2,0.7,896,627,824.0,20088.97277044184,20088.989047290066,18,DP; rtol=1e-6,49d13118f7639cf7701ebdc5da2d9a8f43ebfc3e56c5c4c22a6d5bf65373419b,950268bb257438cf8666d50db7fb9a488f7a92802f8688fe738e5b8918ffdb64,627,100.0,ok,646.9934254288673,0.032206396654627815,72.20908758741828,1,1,197.0,0.002833524630527782,0,8.102372990315132e-05,"[[22, 649]]"
484,896x128,2,0.8,896,716,824.0,20879.96501286267,20879.9850715173,17,DP; rtol=1e-6,49d13118f7639cf7701ebdc5da2d9a8f43ebfc3e56c5c4c22a6d5bf65373419b,950268bb257438cf8666d50db7fb9a488f7a92802f8688fe738e5b8918ffdb64,716,100.0,ok,732.7955563664436,0.035095631430178166,81.78521826286014,1,1,108.0,0.0015534043659746217,0,9.606642228376927e-05,"[[18, 734]]"
484,896x128,2,0.9,896,806,824.0,21737.511538011357,21737.526193289625,16,DP; rtol=1e-6,49d13118f7639cf7701ebdc5da2d9a8f43ebfc3e56c5c4c22a6d5bf65373419b,950268bb257438cf8666d50db7fb9a488f7a92802f8688fe738e5b8918ffdb64,806,100.0,ok,826.4021390378475,0.03801732951781336,92.2323814970118,1,1,18.0,0.00025890072766243693,0,6.741925524522685e-05,"[[21, 827]]"
487,896x4864,2,0.1,896,89,21.68421052631579,782.2813062356969,782.2819387617255,18,DP; rtol=1e-6,49d13118f7639cf7701ebdc5da2d9a8f43ebfc3e56c5c4c22a6d5bf65373419b,950268bb257438cf8666d50db7fb9a488f7a92802f8688fe738e5b8918ffdb64,89,100.0,ok,124.23367121815681,0.15880945924166814,13.865365082088482,4,1,0.6842105263157912,0.0003739677177346321,0,8.085652976053126e-05,"[[53, 77], [434, 455], [482, 504], [549, 571]]"
487,896x4864,2,0.2,896,179,21.68421052631579,714.7383785307678,714.738865860138,19,DP; rtol=1e-6,49d13118f7639cf7701ebdc5da2d9a8f43ebfc3e56c5c4c22a6d5bf65373419b,950268bb257438cf8666d50db7fb9a488f7a92802f8688fe738e5b8918ffdb64,179,100.0,ok,228.94473186135292,0.32031962846598055,25.551867378242402,7,3,3.0526315789473735,0.0016684713560468187,0,6.818285579468508e-05,"[[53, 86], [434, 455], [482, 504], [531, 571], [642, 663], [720, 742], [858, 878]]"
487,896x4864,2,0.3,896,268,21.68421052631579,683.613827103388,683.6142422870182,18,DP; rtol=1e-6,49d13118f7639cf7701ebdc5da2d9a8f43ebfc3e56c5c4c22a6d5bf65373419b,950268bb257438cf8666d50db7fb9a488f7a92802f8688fe738e5b8918ffdb64,268,100.0,ok,326.9099782407284,0.4782085517870711,36.485488618667176,11,3,2.0526315789473735,0.0011219031532038962,0,6.073361328295945e-05,"[[53, 86], [330, 351], [373, 395], [434, 455], [482, 504], [531, 552], [570, 602], [643, 665], [720, 742], [772, 801], [858, 881]]"
487,896x4864,2,0.4,896,358,21.68421052631579,662.2226882015761,662.2232289985027,16,DP; rtol=1e-6,49d13118f7639cf7701ebdc5da2d9a8f43ebfc3e56c5c4c22a6d5bf65373419b,950268bb257438cf8666d50db7fb9a488f7a92802f8688fe738e5b8918ffdb64,358,100.0,ok,423.3886012136936,0.6393447532936488,47.25319206830833,15,4,3.7368421052631646,0.0020424390737814506,0,8.16638412670656e-05,"[[53, 86], [153, 175], [208, 233], [330, 351], [373, 395], [434, 455], [482, 504], [531, 571], [584, 604], [643, 665], [684, 705], [720, 742], [756, 778], [780, 802], [858, 881]]"
487,896x4864,2,0.5,896,448,21.68421052631579,644.2882907978753,644.2887916348689,18,DP; rtol=1e-6,49d13118f7639cf7701ebdc5da2d9a8f43ebfc3e56c5c4c22a6d5bf65373419b,950268bb257438cf8666d50db7fb9a488f7a92802f8688fe738e5b8918ffdb64,448,100.0,ok,513.8314960896969,0.7975179798058676,57.347265150433095,18,0,0.0,0.0,0,7.773486051521061e-05,"[[3, 25], [53, 86], [153, 175], [207, 233], [257, 282], [333, 357], [372, 396], [427, 455], [482, 504], [530, 552], [554, 579], [584, 612], [643, 665], [670, 705], [720, 742], [755, 778], [780, 802], [858, 881]]"
487,896x4864,2,0.6,896,537,21.68421052631579,627.3790917535655,627.3794312668851,18,DP; rtol=1e-6,49d13118f7639cf7701ebdc5da2d9a8f43ebfc3e56c5c4c22a6d5bf65373419b,950268bb257438cf8666d50db7fb9a488f7a92802f8688fe738e5b8918ffdb64,537,100.0,ok,599.7452206015587,0.955953471329801,66.93585046903905,20,0,0.0,0.0,0,5.4116106251722584e-05,"[[3, 25], [53, 86], [122, 144], [153, 175], [207, 233], [257, 284], [333, 357], [372, 396], [406, 430], [432, 455], [465, 487], [503, 541], [547, 579], [584, 612], [643, 665], [670, 705], [720, 742], [755, 789], [793, 822], [850, 878]]"
487,896x4864,2,0.7,896,627,21.68421052631579,611.9858010797249,611.98623469214,17,DP; rtol=1e-6,49d13118f7639cf7701ebdc5da2d9a8f43ebfc3e56c5c4c22a6d5bf65373419b,950268bb257438cf8666d50db7fb9a488f7a92802f8688fe738e5b8918ffdb64,627,100.0,ok,683.0796633958817,1.116169136915801,76.23656952471833,24,0,0.0,0.0,0,7.085329547518171e-05,"[[3, 25], [45, 86], [122, 144], [153, 176], [202, 224], [229, 251], [257, 289], [332, 357], [363, 388], [393, 421], [424, 455], [465, 487], [503, 541], [546, 579], [584, 612], [626, 648], [651, 678], [683, 705], [714, 743], [755, 779], [780, 802], [808, 830], [848, 870], [873, 896]]"
487,896x4864,2,0.8,896,716,21.68421052631579,597.2230516130529,597.2235499275812,16,DP; rtol=1e-6,49d13118f7639cf7701ebdc5da2d9a8f43ebfc3e56c5c4c22a6d5bf65373419b,950268bb257438cf8666d50db7fb9a488f7a92802f8688fe738e5b8918ffdb64,716,100.0,ok,761.2232657968998,1.2746046284397348,84.95795371545881,25,0,0.0,0.0,0,8.343852621051084e-05,"[[3, 36], [45, 68], [70, 107], [122, 144], [153, 185], [202, 224], [229, 251], [257, 289], [292, 314], [326, 351], [355, 388], [393, 421], [424, 455], [465, 490], [503, 541], [546, 579], [584, 612], [626, 648], [651, 679], [683, 705], [714, 743], [755, 789], [793, 822], [826, 869], [873, 896]]"
487,896x4864,2,0.9,896,806,21.68421052631579,582.4142624969816,582.4146505311032,15,DP; rtol=1e-6,49d13118f7639cf7701ebdc5da2d9a8f43ebfc3e56c5c4c22a6d5bf65373419b,950268bb257438cf8666d50db7fb9a488f7a92802f8688fe738e5b8918ffdb64,806,100.0,ok,835.6598033607006,1.4348202940257349,93.2656029916065,26,0,0.0,0.0,0,6.662506194521356e-05,"[[3, 40], [45, 69], [70, 107], [114, 143], [153, 194], [198, 224], [230, 264], [267, 289], [290, 322], [326, 351], [353, 388], [393, 421], [424, 449], [450, 472], [475, 500], [503, 542], [546, 579], [582, 604], [609, 648], [651, 692], [695, 718], [719, 751], [754, 791], [792, 822], [826, 870], [872, 896]]"
499,896x128,2,0.1,896,89,824.0,7977.2912738643745,7977.295645193679,22,DP; rtol=1e-6,49d13118f7639cf7701ebdc5da2d9a8f43ebfc3e56c5c4c22a6d5bf65373419b,950268bb257438cf8666d50db7fb9a488f7a92802f8688fe738e5b8918ffdb64,89,100.0,ok,117.59432563185692,0.014741134752986355,13.124366751058789,1,1,735.0,0.010571779712882841,0,5.479713299783029e-05,"[[415, 504]]"
499,896x128,2,0.2,896,179,824.0,12008.580260194522,12008.588633811098,21,DP; rtol=1e-6,49d13118f7639cf7701ebdc5da2d9a8f43ebfc3e56c5c4c22a6d5bf65373419b,950268bb257438cf8666d50db7fb9a488f7a92802f8688fe738e5b8918ffdb64,179,100.0,ok,212.10554578900337,0.01766283284062154,23.672494041789385,1,1,645.0,0.009277276074570656,0,6.973023084499985e-05,"[[433, 612]]"
499,896x128,2,0.3,896,268,824.0,15172.924538021289,15172.937469889075,20,DP; rtol=1e-6,49d13118f7639cf7701ebdc5da2d9a8f43ebfc3e56c5c4c22a6d5bf65373419b,950268bb257438cf8666d50db7fb9a488f7a92802f8688fe738e5b8918ffdb64,268,100.0,ok,311.8349710404873,0.0205520676161719,34.803010296207994,1,1,556.0,0.007997155810017496,0,8.522982324343786e-05,"[[449, 717]]"
499,896x128,2,0.4,896,358,824.0,17054.104581086907,17054.114604499875,20,DP; rtol=1e-6,49d13118f7639cf7701ebdc5da2d9a8f43ebfc3e56c5c4c22a6d5bf65373419b,950268bb257438cf8666d50db7fb9a488f7a92802f8688fe738e5b8918ffdb64,358,100.0,ok,400.32405522465706,0.023473765703807083,44.67902419448184,1,1,466.0,0.006702652171705311,0,5.8774162126074e-05,"[[372, 730]]"
499,896x128,2,0.5,896,448,824.0,18655.053513586772,18655.06832397182,19,DP; rtol=1e-6,49d13118f7639cf7701ebdc5da2d9a8f43ebfc3e56c5c4c22a6d5bf65373419b,950268bb257438cf8666d50db7fb9a488f7a92802f8688fe738e5b8918ffdb64,448,100.0,ok,492.4087895452976,0.026395463791442274,54.9563383327628,1,1,376.0,0.005408148533393127,0,7.939067705464709e-05,"[[385, 833]]"
499,896x128,2,0.6,896,537,824.0,19289.90375926442,19289.915397765857,19,DP; rtol=1e-6,49d13118f7639cf7701ebdc5da2d9a8f43ebfc3e56c5c4c22a6d5bf65373419b,950268bb257438cf8666d50db7fb9a488f7a92802f8688fe738e5b8918ffdb64,537,100.0,ok,564.8990169763565,0.029284698566992628,63.04676553289245,1,1,287.0,0.0041280282688399665,0,6.033464220456253e-05,"[[287, 824]]"
499,896x128,2,0.7,896,627,824.0,20008.643976127725,20008.66085426682,18,DP; rtol=1e-6,49d13118f7639cf7701ebdc5da2d9a8f43ebfc3e56c5c4c22a6d5bf65373419b,950268bb257438cf8666d50db7fb9a488f7a92802f8688fe738e5b8918ffdb64,627,100.0,ok,644.406324416399,0.032206396654627815,71.92034898707247,1,1,197.0,0.002833524630527782,0,8.435416650742766e-05,"[[205, 832]]"
499,896x128,2,0.8,896,716,824.0,21012.38649806136,21012.40592281719,17,DP; rtol=1e-6,49d13118f7639cf7701ebdc5da2d9a8f43ebfc3e56c5c4c22a6d5bf65373419b,950268bb257438cf8666d50db7fb9a488f7a92802f8688fe738e5b8918ffdb64,716,100.0,ok,737.4429720044136,0.035095631430178166,82.30390344578629,1,1,108.0,0.0015534043659746217,0,9.244422508603023e-05,"[[17, 733]]"
499,896x128,2,0.9,896,806,824.0,21804.376701505847,21804.390722442786,16,DP; rtol=1e-6,49d13118f7639cf7701ebdc5da2d9a8f43ebfc3e56c5c4c22a6d5bf65373419b,950268bb257438cf8666d50db7fb9a488f7a92802f8688fe738e5b8918ffdb64,806,100.0,ok,828.9441739916801,0.03801732951781336,92.51609120732115,1,1,18.0,0.00025890072766243693,0,6.430327320616769e-05,"[[17, 823]]"
500,896x896,2,0.1,896,89,117.71428571428571,4923.238257867179,4923.243135673685,19,DP; rtol=1e-6,49d13118f7639cf7701ebdc5da2d9a8f43ebfc3e56c5c4c22a6d5bf65373419b,950268bb257438cf8666d50db7fb9a488f7a92802f8688fe738e5b8918ffdb64,89,100.0,ok,157.9204656779766,0.032076543406288474,17.6250519882306,1,1,28.714285714285708,0.0028910581255638785,0,9.907709962453382e-05,"[[63, 152]]"
500,896x896,2,0.2,896,179,117.71428571428571,4690.209468824216,4690.212781935321,19,DP; rtol=1e-6,49d13118f7639cf7701ebdc5da2d9a8f43ebfc3e56c5c4c22a6d5bf65373419b,950268bb257438cf8666d50db7fb9a488f7a92802f8688fe738e5b8918ffdb64,179,100.0,ok,275.3101242184639,0.05869889736235621,30.726576390240176,1,0,0.0,0.0,0,7.063882299096491e-05,"[[64, 243]]"
500,896x896,2,0.3,896,268,117.71428571428571,4501.0112573073075,4501.015356755014,17,DP; rtol=1e-6,49d13118f7639cf7701ebdc5da2d9a8f43ebfc3e56c5c4c22a6d5bf65373419b,950268bb257438cf8666d50db7fb9a488f7a92802f8688fe738e5b8918ffdb64,268,100.0,ok,395.56859561800957,0.0878843826430808,44.14828079911798,2,0,0.0,0.0,0,9.10782874896654e-05,"[[64, 183], [194, 343]]"
500,896x896,2,0.4,896,358,117.71428571428571,4246.43308363141,4246.4360741535365,16,DP; rtol=1e-6,49d13118f7639cf7701ebdc5da2d9a8f43ebfc3e56c5c4c22a6d5bf65373419b,950268bb257438cf8666d50db7fb9a488f7a92802f8688fe738e5b8918ffdb64,358,100.0,ok,498.5218794643879,0.11739779472471243,55.63860266690953,3,0,0.0,0.0,0,7.042428225023656e-05,"[[64, 186], [194, 312], [313, 431]]"
500,896x896,2,0.5,896,448,117.71428571428571,4008.675497919888,4008.677848941439,16,DP; rtol=1e-6,49d13118f7639cf7701ebdc5da2d9a8f43ebfc3e56c5c4c22a6d5bf65373419b,950268bb257438cf8666d50db7fb9a488f7a92802f8688fe738e5b8918ffdb64,448,100.0,ok,588.9193550944328,0.14691120680634404,65.72760665220201,2,0,0.0,0.0,0,5.864830349144867e-05,"[[1, 240], [241, 450]]"
500,896x896,2,0.6,896,537,117.71428571428571,3704.9068450476216,3704.909762432899,15,DP; rtol=1e-6,49d13118f7639cf7701ebdc5da2d9a8f43ebfc3e56c5c4c22a6d5bf65373419b,950268bb257438cf8666d50db7fb9a488f7a92802f8688fe738e5b8918ffdb64,537,100.0,ok,653.0613086223602,0.17626929257217694,72.88630682892047,4,1,1.7142857142857082,0.00017260048510829066,0,7.874376068972566e-05,"[[2, 161], [172, 290], [298, 442], [776, 892]]"
500,896x896,2,0.7,896,627,117.71428571428571,3489.553354590874,3489.556444544521,15,DP; rtol=1e-6,49d13118f7639cf7701ebdc5da2d9a8f43ebfc3e56c5c4c22a6d5bf65373419b,950268bb257438cf8666d50db7fb9a488f7a92802f8688fe738e5b8918ffdb64,627,100.0,ok,717.4874287396669,0.20561010416870024,80.07672202680243,4,0,0.0,0.0,0,8.854860772400386e-05,"[[2, 240], [241, 359], [360, 510], [774, 895]]"
500,896x896,2,0.8,896,716,117.71428571428571,3342.1754818393006,3342.1778767035266,16,DP; rtol=1e-6,49d13118f7639cf7701ebdc5da2d9a8f43ebfc3e56c5c4c22a6d5bf65373419b,950268bb257438cf8666d50db7fb9a488f7a92802f8688fe738e5b8918ffdb64,716,100.0,ok,784.7280623018742,0.23479558944942486,87.5812570290744,5,0,0.0,0.0,0,7.165579793966259e-05,"[[2, 206], [207, 343], [346, 482], [582, 702], [774, 894]]"
500,896x896,2,0.9,896,806,117.71428571428571,3196.2497060701667,3196.2524479304684,11,DP; rtol=1e-6,49d13118f7639cf7701ebdc5da2d9a8f43ebfc3e56c5c4c22a6d5bf65373419b,950268bb257438cf8666d50db7fb9a488f7a92802f8688fe738e5b8918ffdb64,806,100.0,ok,844.7975684553385,0.26430900153105646,94.28544298949988,6,0,0.0,0.0,0,8.578359645960987e-05,"[[2, 206], [207, 327], [328, 449], [454, 574], [582, 702], [774, 895]]"
502,896x4864,2,0.1,896,89,21.68421052631579,733.2569007168034,733.2573151401375,19,DP; rtol=1e-6,49d13118f7639cf7701ebdc5da2d9a8f43ebfc3e56c5c4c22a6d5bf65373419b,950268bb257438cf8666d50db7fb9a488f7a92802f8688fe738e5b8918ffdb64,89,100.0,ok,116.4481318880571,0.15880945924166814,12.996443301035473,4,1,0.6842105263157912,0.0003739677177346321,0,5.651813156370977e-05,"[[53, 77], [433, 455], [483, 505], [780, 801]]"
502,896x4864,2,0.2,896,179,21.68421052631579,703.6243123057058,703.6246783300485,20,DP; rtol=1e-6,49d13118f7639cf7701ebdc5da2d9a8f43ebfc3e56c5c4c22a6d5bf65373419b,950268bb257438cf8666d50db7fb9a488f7a92802f8688fe738e5b8918ffdb64,179,100.0,ok,228.0767290283693,0.3241456058858809,25.45499209856229,8,3,10.052631578947373,0.005494448775947276,0,5.2019827334603974e-05,"[[53, 86], [332, 348], [433, 455], [483, 505], [642, 663], [674, 698], [719, 742], [783, 801]]"
502,896x4864,2,0.3,896,268,21.68421052631579,678.3210798405543,678.3214024917177,19,DP; rtol=1e-6,49d13118f7639cf7701ebdc5da2d9a8f43ebfc3e56c5c4c22a6d5bf65373419b,950268bb257438cf8666d50db7fb9a488f7a92802f8688fe738e5b8918ffdb64,268,100.0,ok,324.1252710510744,0.47783458406933643,36.174695457523896,11,2,1.3684210526315823,0.0007479354354692642,0,4.756611868828031e-05,"[[53, 86], [326, 348], [433, 455], [483, 505], [531, 552], [570, 602], [642, 663], [670, 698], [719, 742], [757, 779], [783, 805]]"
502,896x4864,2,0.4,896,358,21.68421052631579,660.8902947468583,660.8907135012007,17,DP; rtol=1e-6,49d13118f7639cf7701ebdc5da2d9a8f43ebfc3e56c5c4c22a6d5bf65373419b,950268bb257438cf8666d50db7fb9a488f7a92802f8688fe738e5b8918ffdb64,358,100.0,ok,421.92836919322144,0.6384242173730713,47.09021981210897,15,3,2.0526315789473735,0.0011219031532038962,0,6.336211627600008e-05,"[[53, 86], [189, 210], [239, 264], [326, 348], [433, 455], [483, 505], [530, 552], [570, 602], [642, 663], [670, 698], [719, 742], [757, 779], [783, 805], [821, 843], [875, 896]]"
502,896x4864,2,0.5,896,448,21.68421052631579,647.128511249588,647.128900160938,13,DP; rtol=1e-6,49d13118f7639cf7701ebdc5da2d9a8f43ebfc3e56c5c4c22a6d5bf65373419b,950268bb257438cf8666d50db7fb9a488f7a92802f8688fe738e5b8918ffdb64,448,100.0,ok,516.580633311416,0.7982659152413367,57.6540885833942,19,2,1.3684210526315823,0.0007479354354692642,0,6.009797274275641e-05,"[[53, 86], [153, 175], [189, 210], [239, 264], [326, 348], [363, 388], [408, 430], [433, 455], [483, 505], [530, 552], [556, 579], [584, 605], [645, 678], [684, 706], [719, 742], [757, 779], [783, 806], [821, 843], [873, 896]]"
502,896x4864,2,0.6,896,537,21.68421052631579,631.1613555599448,631.1616963782076,18,DP; rtol=1e-6,49d13118f7639cf7701ebdc5da2d9a8f43ebfc3e56c5c4c22a6d5bf65373419b,950268bb257438cf8666d50db7fb9a488f7a92802f8688fe738e5b8918ffdb64,537,100.0,ok,603.832956760074,0.9567014067652702,67.39207111860729,23,2,1.3684210526315823,0.0007479354354692642,0,5.399856561894012e-05,"[[17, 40], [53, 86], [122, 145], [153, 175], [188, 210], [229, 251], [253, 274], [326, 348], [363, 388], [407, 430], [433, 455], [483, 509], [530, 552], [556, 579], [584, 612], [642, 663], [669, 691], [695, 717], [719, 742], [754, 778], [783, 806], [821, 843], [873, 896]]"
502,896x4864,2,0.7,896,627,21.68421052631579,614.2587556441974,614.2591386238364,17,DP; rtol=1e-6,49d13118f7639cf7701ebdc5da2d9a8f43ebfc3e56c5c4c22a6d5bf65373419b,950268bb257438cf8666d50db7fb9a488f7a92802f8688fe738e5b8918ffdb64,627,100.0,ok,686.0760910202516,1.1169170723512707,76.57099236003486,27,2,1.3684210526315823,0.0007479354354692642,0,6.234821997574969e-05,"[[1, 23], [31, 60], [65, 86], [122, 145], [153, 178], [189, 213], [229, 251], [253, 274], [294, 316], [326, 348], [354, 376], [379, 403], [407, 430], [433, 455], [483, 509], [530, 552], [556, 579], [584, 612], [642, 664], [669, 691], [695, 717], [719, 743], [754, 779], [783, 806], [820, 843], [850, 872], [873, 896]]"
502,896x4864,2,0.8,896,716,21.68421052631579,598.3391501919695,598.3396012269491,16,DP; rtol=1e-6,49d13118f7639cf7701ebdc5da2d9a8f43ebfc3e56c5c4c22a6d5bf65373419b,950268bb257438cf8666d50db7fb9a488f7a92802f8688fe738e5b8918ffdb64,716,100.0,ok,762.6458502113819,1.2746046284397348,85.11672441916397,28,0,0.0,0.0,0,7.53811010834049e-05,"[[1, 27], [31, 63], [65, 88], [96, 120], [122, 145], [153, 184], [189, 222], [229, 251], [253, 275], [293, 316], [325, 348], [354, 376], [379, 404], [407, 430], [431, 455], [466, 490], [493, 518], [530, 552], [556, 579], [584, 612], [642, 664], [669, 691], [695, 717], [719, 743], [754, 779], [783, 806], [809, 843], [850, 896]]"
502,896x4864,2,0.9,896,806,21.68421052631579,582.4803163290179,582.4806207138326,15,DP; rtol=1e-6,49d13118f7639cf7701ebdc5da2d9a8f43ebfc3e56c5c4c22a6d5bf65373419b,950268bb257438cf8666d50db7fb9a488f7a92802f8688fe738e5b8918ffdb64,806,100.0,ok,835.7545787394047,1.434820294025735,93.27618073434674,29,0,0.0,0.0,0,5.225664235775085e-05,"[[1, 40], [45, 68], [70, 92], [96, 120], [122, 146], [151, 197], [198, 222], [229, 251], [253, 275], [279, 316], [325, 351], [353, 376], [379, 404], [406, 430], [431, 455], [458, 490], [491, 518], [526, 552], [554, 579], [584, 619], [626, 656], [658, 680], [683, 706], [708, 743], [745, 770], [771, 797], [798, 825], [827, 863], [864, 896]]"
503,4864x896,2,0.1,4864,486,117.71428571428571,4889.109402341245,4889.111449248432,20,DP; rtol=1e-6,49d13118f7639cf7701ebdc5da2d9a8f43ebfc3e56c5c4c22a6d5bf65373419b,950268bb257438cf8666d50db7fb9a488f7a92802f8688fe738e5b8918ffdb64,486,100.0,ok,829.8209819942713,0.16972845434730818,17.060464268392455,5,4,102.85714285714283,0.010356029106497475,0,4.1866650168920216e-05,"[[1112, 1194], [1340, 1397], [2228, 2346], [2497, 2614], [4069, 4181]]"
503,4864x896,2,0.2,4864,972,117.71428571428571,4543.362568618941,4543.3658751785815,19,DP; rtol=1e-6,49d13118f7639cf7701ebdc5da2d9a8f43ebfc3e56c5c4c22a6d5bf65373419b,950268bb257438cf8666d50db7fb9a488f7a92802f8688fe738e5b8918ffdb64,972,100.0,ok,1505.0269499123096,0.3312583856519725,30.94216591178445,9,6,124.28571428571425,0.012513535170351114,0,7.277775402325659e-05,"[[1060, 1176], [1340, 1397], [1814, 1928], [2228, 2346], [2497, 2614], [2665, 2789], [3377, 3439], [4144, 4292], [4369, 4485]]"
503,4864x896,2,0.3,4864,1459,117.71428571428571,4294.3048263829305,4294.307374738544,20,DP; rtol=1e-6,49d13118f7639cf7701ebdc5da2d9a8f43ebfc3e56c5c4c22a6d5bf65373419b,950268bb257438cf8666d50db7fb9a488f7a92802f8688fe738e5b8918ffdb64,1459,100.0,ok,2093.0701287686825,0.48740604437521123,43.03186942475289,12,7,88.99999999999996,0.008960841851872119,0,5.934264577511783e-05,"[[436, 538], [753, 901], [1060, 1176], [1340, 1397], [1814, 1928], [2228, 2346], [2497, 2614], [2641, 2789], [3312, 3431], [4101, 4292], [4370, 4485], [4749, 4863]]"
503,4864x896,2,0.4,4864,1945,117.71428571428571,4107.751127879285,4107.7527526104695,16,DP; rtol=1e-6,49d13118f7639cf7701ebdc5da2d9a8f43ebfc3e56c5c4c22a6d5bf65373419b,950268bb257438cf8666d50db7fb9a488f7a92802f8688fe738e5b8918ffdb64,1945,100.0,ok,2639.552658677101,0.6425785244783869,54.26711880636909,15,6,47.28571428571425,0.004760896714237031,0,3.955279886946883e-05,"[[185, 298], [362, 538], [753, 901], [1072, 1194], [1340, 1445], [1814, 1928], [2228, 2346], [2413, 2540], [2607, 2789], [3095, 3192], [3297, 3431], [3972, 4103], [4144, 4292], [4369, 4485], [4749, 4863]]"
503,4864x896,2,0.5,4864,2432,117.71428571428571,3922.98998199235,3922.991976390821,13,DP; rtol=1e-6,49d13118f7639cf7701ebdc5da2d9a8f43ebfc3e56c5c4c22a6d5bf65373419b,950268bb257438cf8666d50db7fb9a488f7a92802f8688fe738e5b8918ffdb64,2432,100.0,ok,3134.861886665225,0.7991001509193603,64.45028550045345,19,8,15.714285714285666,0.0015821711134926652,0,5.083870890931763e-05,"[[24, 141], [185, 298], [356, 538], [729, 845], [857, 975], [1032, 1194], [1328, 1445], [1810, 1928], [2228, 2346], [2413, 2540], [2607, 2789], [3080, 3193], [3297, 3431], [3716, 3840], [3876, 3995], [4068, 4185], [4196, 4313], [4363, 4485], [4747, 4863]]"
503,4864x896,2,0.6,4864,2918,117.71428571428571,3720.7959634435006,3720.7979828221432,19,DP; rtol=1e-6,49d13118f7639cf7701ebdc5da2d9a8f43ebfc3e56c5c4c22a6d5bf65373419b,950268bb257438cf8666d50db7fb9a488f7a92802f8688fe738e5b8918ffdb64,2918,100.0,ok,3563.3374245017767,0.9576814906034246,73.2594042884274,22,4,7.857142857142833,0.0007910855567463326,0,5.427272998792532e-05,"[[24, 144], [183, 300], [356, 538], [580, 704], [727, 845], [857, 975], [1001, 1194], [1258, 1397], [1672, 1793], [1810, 1928], [2221, 2346], [2411, 2540], [2607, 2808], [3080, 3194], [3297, 3433], [3545, 3661], [3708, 3856], [3876, 3995], [4057, 4181], [4195, 4313], [4363, 4485], [4747, 4863]]"
503,4864x896,2,0.7,4864,3404,117.71428571428571,3539.801526814348,3539.803895466774,18,DP; rtol=1e-6,49d13118f7639cf7701ebdc5da2d9a8f43ebfc3e56c5c4c22a6d5bf65373419b,950268bb257438cf8666d50db7fb9a488f7a92802f8688fe738e5b8918ffdb64,3404,100.0,ok,3951.3488709777594,1.116262830287489,81.23661330334295,24,0,0.0,0.0,0,6.69147923404445e-05,"[[1, 135], [180, 298], [356, 542], [580, 704], [727, 845], [859, 1078], [1112, 1237], [1258, 1410], [1678, 1875], [1910, 2029], [2077, 2195], [2221, 2352], [2411, 2540], [2607, 2808], [2893, 3011], [3062, 3192], [3297, 3439], [3451, 3607], [3708, 3856], [3876, 3995], [4049, 4181], [4195, 4313], [4360, 4485], [4718, 4863]]"
503,4864x896,2,0.8,4864,3891,117.71428571428571,3374.1815502726313,3374.184005427606,17,DP; rtol=1e-6,49d13118f7639cf7701ebdc5da2d9a8f43ebfc3e56c5c4c22a6d5bf65373419b,950268bb257438cf8666d50db7fb9a488f7a92802f8688fe738e5b8918ffdb64,3891,100.0,ok,4305.574089214206,1.276035099198002,88.51920413897469,29,1,0.7142857142857082,7.191686879512076e-05,0,7.276292491864567e-05,"[[1, 127], [134, 254], [261, 413], [434, 551], [580, 704], [724, 845], [857, 975], [988, 1106], [1112, 1237], [1258, 1381], [1387, 1505], [1600, 1723], [1737, 1875], [1910, 2029], [2055, 2191], [2221, 2355], [2400, 2540], [2607, 2828], [2893, 3011], [3062, 3192], [3297, 3531], [3545, 3664], [3708, 3856], [3876, 3995], [4049, 4185], [4195, 4313], [4360, 4485], [4528, 4654], [4718, 4863]]"
503,4864x896,2,0.9,4864,4377,117.71428571428571,3219.542637084289,3219.54438814799,16,DP; rtol=1e-6,49d13118f7639cf7701ebdc5da2d9a8f43ebfc3e56c5c4c22a6d5bf65373419b,950268bb257438cf8666d50db7fb9a488f7a92802f8688fe738e5b8918ffdb64,4377,100.0,ok,4621.124187096953,1.4353356075700172,95.00666503310465,30,0,0.0,0.0,0,5.438855595896186e-05,"[[0, 127], [134, 254], [261, 414], [436, 568], [574, 704], [724, 845], [857, 975], [988, 1207], [1220, 1359], [1368, 1505], [1559, 1723], [1731, 1875], [1910, 2031], [2051, 2169], [2179, 2304], [2316, 2437], [2442, 2584], [2607, 2767], [2777, 2965], [2984, 3124], [3137, 3259], [3297, 3531], [3545, 3664], [3698, 3866], [3876, 4000], [4014, 4185], [4193, 4313], [4331, 4485], [4494, 4615], [4638, 4863]]"
