block,order,size_kib,latency_ms,throughput_mib_s,count_points,max_count
0,0,736,0.14066490783817232,5109.661045147697,11,128
0,1,94,0.02637058009352648,3481.0335864600315,15,512
0,2,213,0.03929347855465291,5293.698093200988,15,512
0,3,37,0.017518987691666515,2062.4943139373154,15,512
0,4,215,0.03974915803125069,5282.148047888944,15,512
0,5,91,0.025998033605149077,3418.2272724810728,15,512
0,6,724,0.1345464684806656,5254.9223921221,11,128
0,7,572,0.10847920279053457,5149.316510728824,12,192
0,8,456,0.08704597088208774,5115.831272687155,13,256
0,9,191,0.03608489792120057,5169.016631481556,15,512
0,10,516,0.09759002941936308,5163.501363798326,12,192
0,11,56,0.0203032713527168,2693.5314536237142,15,512
0,12,292,0.05184576080933284,5500.088060211638,14,384
0,13,142,0.030651722789382132,4524.113569500128,15,512
0,14,424,0.07928404223967367,5222.520046950929,13,256
0,15,86,0.02400721682766444,3498.2970163880714,15,512
0,16,165,0.03458259713482544,4659.36123512643,15,512
0,17,300,0.05447598539795582,5377.943103916638,14,384
0,18,616,0.11648547764351967,5164.270363735476,12,192
0,19,129,0.029038120316638775,4338.316706671118,15,512
0,20,249,0.04440063602469155,5476.5896228327565,14,384
0,21,89,0.025469964024158756,3412.414026873392,15,512
0,22,209,0.0393863119659998,5182.043007128733,15,512
0,23,72,0.021018522579879115,3345.2636707829156,15,512
0,24,40,0.01708713991684182,2286.075972345631,15,512
0,25,400,0.07406477272308765,5274.099759415497,13,256
0,26,201,0.03947474548952778,4972.522560077641,15,512
0,27,39,0.01732467490612023,2198.3637618819334,15,512
0,28,76,0.02170186573036068,3419.924854486993,15,512
0,29,19,0.01452223231831646,1277.6746090611375,15,512
0,30,716,0.1319761147717736,5298.070421372531,11,128
0,31,146,0.031137187836941548,4579.03024983019,15,512
0,32,125,0.02806072187547628,4350.219963752379,15,512
0,33,161,0.033111884301060886,4748.342349546158,15,512
0,34,580,0.10880937527989507,5205.491241384381,12,192
0,35,221,0.04031469184689834,5353.3910991956245,15,512
0,36,732,0.13316420817785457,5368.137277888156,11,128
0,37,196,0.03688940901062253,5188.650486238026,15,512
0,38,231,0.04200044571638942,5371.036750973617,14,384
0,39,190,0.03684783596643111,5035.489062886509,15,512
0,40,163,0.03323215186921482,4789.930189487935,15,512
0,41,230,0.04169605270304388,5386.825860943023,14,384
0,42,162,0.0333429739077073,4744.721494786372,15,512
0,43,203,0.03833825499150328,5170.87143230529,15,512
0,44,45,0.018180503109251376,2417.167018751966,15,512
0,45,211,0.03957784414078679,5206.314087422745,15,512
0,46,214,0.03970134559815171,5263.911634514707,15,512
0,47,372,0.06885781545880616,5275.817241360658,13,256
0,48,205,0.03873901202120985,5167.796029242868,15,512
0,49,55,0.020622239082425997,2604.5153140413236,15,512
0,50,236,0.04114932019205375,5600.791189850696,14,384
0,51,134,0.029619170758172598,4418.063424813909,15,512
0,52,250,0.044068709700122194,5539.9993932502875,14,384
0,53,222,0.040011963821173356,5418.30128530898,15,512
0,54,108,0.025730081146173717,4099.044593012646,15,512
0,55,84,0.023307057767423114,3519.5883932916336,15,512
0,56,672,0.12556105805808532,5226.540857089742,11,128
0,57,252,0.043768907969016245,5622.5700256037535,14,384
0,58,472,0.09572446691832065,4815.252723144509,13,256
0,59,6,0.01148123724301707,510.34351751277444,15,512
0,60,408,0.07699959606545663,5174.540132149421,13,256
0,61,127,0.02827449644193977,4386.406589227001,15,512
0,62,158,0.03279743152166326,4704.5414180706275,15,512
0,63,120,0.026905059416478586,4355.593428952845,15,512
0,64,64,0.019493379545960907,3206.2167492629674,15,512
0,65,480,0.10421456988966019,4497.931531995007,13,256
0,66,243,0.0431413168075348,5500.636166454562,14,384
0,67,199,0.038233798083184826,5082.831087750832,15,512
0,68,272,0.04844153511287581,5483.414168875021,14,384
0,69,32,0.017103451112561577,1827.1166324466842,15,512
0,70,1,0.0091607548828125,106.6028414134556,15,512
0,71,728,0.13249968578917865,5365.578761682338,11,128
0,72,145,0.030846252015035554,4590.559735781786,15,512
0,73,247,0.04369856279164078,5519.882625204826,14,384
0,74,115,0.026693009571527173,4207.269592402681,15,512
0,75,85,0.02378980706928903,3489.2175568400157,15,512
0,76,332,0.060663283101294006,5344.563192510168,13,256
0,77,256,0.04424929337343131,5649.807735689356,14,384
0,78,556,0.10633451444884805,5106.232466610771,12,192
0,79,744,0.1373403430112091,5290.233620143947,11,128
0,80,71,0.02223453577275184,3118.389257533785,15,512
0,81,416,0.08041239546179978,5052.081804887788,13,256
0,82,404,0.07514654434012238,5250.158253642425,13,256
0,83,604,0.11557259910267037,5103.664316452769,12,192
0,84,244,0.04253740137299831,5601.687980668586,14,384
0,85,202,0.037996747985461134,5191.644955391463,15,512
0,86,428,0.07996689221849007,5226.772460507807,13,256
0,87,228,0.040337376370823505,5519.849579534128,14,384
0,88,620,0.11713993819996683,5168.76446499757,12,192
0,89,460,0.08983631942054435,5000.413562104034,13,256
0,90,110,0.026201168367553325,4099.888733703485,15,512
0,91,312,0.059811917259815515,5094.093517793042,13,256
0,92,46,0.018641864857230028,2409.7307508683916,15,512
0,93,93,0.026031181440247905,3488.9047471191184,15,512
0,94,632,0.12037435056531724,5127.2343078196145,12,192
0,95,223,0.04057514512671786,5367.163489369774,15,512
0,96,48,0.01879130781979418,2494.504397965496,15,512
0,97,204,0.03719504798324692,5356.0557332720855,15,512
0,98,11,0.012842254659245387,836.4720825923267,15,512
0,99,320,0.057646257860612005,5420.993688013911,13,256
0,100,237,0.04170204724108614,5549.97482886099,14,384
0,101,156,0.03194313000741328,4769.217980975704,15,512
0,102,154,0.032023673095601016,4696.232832224941,15,512
0,103,42,0.017818589438018204,2301.844662994928,15,512
0,104,99,0.026231603162212607,3685.6187135092805,15,512
0,105,476,0.10014421545689407,4641.743388564331,13,256
0,106,34,0.01700026109920613,1953.0950028497214,15,512
0,107,226,0.04095663431481536,5388.702677655435,14,384
0,108,148,0.03072075533717144,4704.677616605356,15,512
0,109,112,0.026263895880967343,4164.46213827937,15,512
0,110,124,0.027483235226386304,4406.095170474669,15,512
0,111,137,0.030509913984374217,4385.1012680180165,15,512
0,112,3,0.011946629916226926,245.23129288709697,15,512
0,113,488,0.09735962618667404,4894.867807793913,12,192
0,114,484,0.0990361412054921,4772.563270809148,12,192
0,115,18,0.01433116294691597,1226.56654349065,15,512
0,116,396,0.07653213388482553,5053.0245319172645,13,256
0,117,748,0.13895468181265164,5256.884766105749,11,128
0,118,117,0.027218432676687627,4197.810133199217,15,512
0,119,540,0.1021449705375002,5162.699124832561,12,192
0,120,668,0.12500061412765814,5218.724360296241,11,128
0,121,420,0.0797412272322383,5143.590890637553,13,256
0,122,280,0.05075401107382688,5387.505227956413,14,384
0,123,576,0.10945814501018511,5138.950600228601,12,192
0,124,118,0.027443150882590125,4199.0212965343,15,512
0,125,596,0.11285636028722612,5157.274685438162,12,192
0,126,168,0.03317656007468405,4945.132938155054,15,512
0,127,160,0.033993512477927035,4596.465284411477,15,512
0,128,107,0.026038380416265033,4013.0064093667024,15,512
0,129,296,0.052684958217913545,5486.62293333119,14,384
0,130,43,0.01832249063077501,2291.838393928206,15,512
0,131,376,0.07099776354574867,5171.81783850693,13,256
0,132,149,0.03125120736421921,4656.070109681517,15,512
0,133,182,0.03565920672134894,4984.249268046437,15,512
0,134,468,0.09433839173226066,4844.594460514957,13,256
0,135,13,0.013225576792965953,959.9061499345742,15,512
0,136,27,0.016232516562633057,1624.3437915656752,15,512
0,137,65,0.020283185809674573,3129.5163933134836,15,512
0,138,200,0.03742014369913041,5219.448155260258,15,512
0,139,245,0.043491270229832506,5501.283619347658,14,384
0,140,207,0.03814578692730444,5299.364721069728,15,512
0,141,26,0.015539975765022541,1633.8909007277446,15,512
0,142,9,0.012377771555407436,710.0682429512403,15,512
0,143,122,0.02760758352900052,4315.5035599131,15,512
0,144,69,0.0211150716977016,3191.218740087664,15,512
0,145,696,0.13034471496693173,5214.538235573539,11,128
0,146,75,0.02146896218692656,3411.538334377455,15,512
0,147,151,0.031666174209286,4656.733602405231,15,512
0,148,197,0.03743540970109785,5139.059891051709,15,512
0,149,348,0.06563048764800923,5178.138425889153,13,256
0,150,206,0.03807787174019389,5283.170140721096,15,512
0,151,284,0.050581533117378306,5483.102881765222,14,384
0,152,66,0.02036486741057008,3164.9174875819017,15,512
0,153,141,0.030444706696032924,4522.799771887515,15,512
0,154,324,0.0592433033812529,5340.793506462781,13,256
0,155,448,0.083639705644802,5230.769245625502,13,256
0,156,44,0.017701436637161644,2427.415970847995,15,512
0,157,700,0.12895152086083234,5301.168574333848,11,128
0,158,167,0.03332058119053596,4894.450566976343,15,512
0,159,224,0.040236662855565965,5436.584062282396,15,512
0,160,7,0.012014129441035389,568.9914973490474,15,512
0,161,95,0.026649831695984207,3481.2016285258487,15,512
0,162,344,0.06205608345124639,5413.449920086001,13,256
0,163,432,0.08086598394868368,5216.964901678751,13,256
0,164,62,0.01992573618403452,3038.626750890797,15,512
0,165,187,0.03634094585768415,5025.108268099365,15,512
0,166,104,0.0258928897477056,3922.4088539209715,15,512
0,167,500,0.09491969633468489,5144.150991363588,12,192
0,168,720,0.131291737965314,5355.4398082974485,11,128
0,169,764,0.13915877732039025,5361.456635122925,11,128
0,170,704,0.1308152335400609,5255.50412895498,11,128
0,171,14,0.013292911476343854,1028.5086923455822,15,512
0,172,98,0.02645935955899074,3616.9856941031144,15,512
0,173,752,0.13751070794068712,5340.493195022747,11,128
0,174,133,0.029709211820687437,4371.802701597038,15,512
0,175,159,0.03259895392025084,4763.14172165943,15,512
0,176,174,0.03421841098334748,4965.8026225324475,15,512
0,177,227,0.041030926350289265,5402.7463481442255,14,384
0,178,119,0.027127123160443675,4283.938875960754,15,512
0,179,131,0.029325147930212483,4362.456680677111,15,512
0,180,183,0.03621050163342708,4935.334486916529,15,512
0,181,73,0.021817003548831978,3267.5918276511725,15,512
0,182,660,0.12344407569566446,5221.240844226572,11,128
0,183,254,0.044367983523394244,5590.67271716801,14,384
0,184,536,0.09890186389273688,5292.49378523027,12,192
0,185,584,0.10872063869567007,5245.669146558402,12,192
0,186,38,0.017196358757923594,2157.9786466655946,15,512
0,187,29,0.016141108768292084,1754.5456700987595,15,512
0,188,150,0.03144965948062074,4657.74120989334,15,512
0,189,255,0.04472109959046856,5568.365710602396,14,384
0,190,251,0.044184046390650676,5547.640099161825,14,384
0,191,552,0.10105637680483208,5334.274956651962,12,192
0,192,412,0.07719856466794021,5211.803506070745,13,256
0,193,100,0.025931389855829923,3765.947392057924,15,512
0,194,5,0.011509052405421018,424.2584296253693,15,512
0,195,53,0.02104545681181716,2459.334238396653,15,512
0,196,560,0.10416813725976806,5249.925883154048,12,192
0,197,49,0.019502627787918298,2453.595639539591,15,512
0,198,47,0.018881836606005353,2430.8248428228662,15,512
0,199,92,0.02559055443816893,3510.8168608490905,15,512
0,200,169,0.0344361908263219,4792.605062864547,15,512
0,201,740,0.13691344204782904,5278.19795624997,11,128
0,202,628,0.11928762777121812,5141.197469164303,12,192
0,203,61,0.020315150399903795,2932.3096963280223,15,512
0,204,235,0.04145804874944959,5535.527947466337,14,384
0,205,152,0.031484881556972516,4714.564345157196,15,512
0,206,233,0.04136338801688793,5500.9773959304275,14,384
0,207,592,0.11222891519122857,5151.301685621072,12,192
0,208,198,0.03665527584234054,5275.076249096192,15,512
0,209,253,0.0448373542010123,5510.367792719176,14,384
0,210,175,0.034465491729381084,4958.537624876328,15,512
0,211,103,0.026028761475704827,3864.4150469428455,15,512
0,212,186,0.03533353689642939,5140.742788711752,15,512
0,213,680,0.12614555245872014,5264.25614741596,11,128
0,214,83,0.023424619829940704,3460.234919005948,15,512
0,215,304,0.05604564563050531,5297.021680457057,14,384
0,216,51,0.01988214130011191,2504.9961544997,15,512
0,217,139,0.030711291949970833,4419.943899498794,15,512
0,218,636,0.11997542748289852,5176.841316848249,12,192
0,219,692,0.12638199267586633,5347.13241729924,11,128
0,220,78,0.022198057064168254,3431.465861170139,15,512
0,221,180,0.035083902262173575,5010.310674292413,15,512
0,222,36,0.01681393011244289,2090.900209819664,15,512
0,223,123,0.02790383530807812,4304.683788942312,15,512
0,224,28,0.015510558045782583,1762.91207055796,15,512
0,225,220,0.03987072370413354,5388.508911809052,15,512
0,226,153,0.03223875737706009,4634.60985026419,15,512
0,227,172,0.033945444979395466,4948.197029143536,15,512
0,228,15,0.01378595545507518,1062.5623699231746,15,512
0,229,24,0.014885078582207056,1574.5634039188828,15,512
0,230,210,0.0386155765903175,5310.761695357449,15,512
0,231,260,0.04502656280730582,5639.0324770426905,14,384
0,232,217,0.03970891498604563,5336.6873049659025,15,512
0,233,140,0.030260255148194384,4518.096405018513,15,512
0,234,16,0.013687531447513933,1141.5498886643998,15,512
0,235,90,0.025110574497010783,3500.143933802179,15,512
0,236,234,0.04109627954218001,5560.49422346026,14,384
0,237,328,0.058971177359460794,5431.678903874081,13,256
0,238,81,0.023228517022388883,3405.36429526507,15,512
0,239,171,0.03402845412866101,4907.427968035378,15,512
0,240,143,0.030651896722527446,4555.947671498127,15,512
0,241,20,0.013944345801708344,1400.6573185819298,15,512
0,242,138,0.031287497520091766,4307.331543964426,15,512
0,243,600,0.11074067944258917,5291.077343477607,12,192
0,244,54,0.020891623231360516,2524.187537560039,15,512
0,245,360,0.06459179299050115,5442.835439661826,13,256
0,246,101,0.025952004096445557,3800.5855784181604,15,512
0,247,179,0.03547472236801381,4927.58437082554,15,512
0,248,97,0.026636846230271086,3556.2228982029137,15,512
0,249,248,0.043190131359117596,5607.47310505397,14,384
0,250,768,0.14103131509029207,5317.967853592159,11,128
0,251,624,0.11540247549099063,5280.432654562713,12,192
0,252,68,0.019925298967939098,3332.76053256974,15,512
0,253,33,0.016685044092382445,1931.4640297961832,15,512
0,254,10,0.012371100442236764,789.3901634375802,15,512
0,255,88,0.024369682253425336,3526.4103612972162,15,512
0,256,544,0.10412125119435918,5102.2245113856325,12,192
0,257,219,0.03922688571867959,5452.056251260288,15,512
0,258,684,0.12920007180455553,5170.0338913933,11,128
0,259,216,0.03981247029060982,5298.277109163753,15,512
0,260,452,0.08654643142530054,5100.224731749732,13,256
0,261,132,0.029362032006927614,4390.236001704042,15,512
0,262,17,0.013928822721173482,1191.8855478549262,15,512
0,263,676,0.12615168976425972,5233.0353341571345,11,128
0,264,106,0.026301774137956178,3935.689830543266,15,512
0,265,193,0.036421217490092396,5174.911095469858,15,512
0,266,111,0.02622560125251658,4133.306094921206,15,512
0,267,114,0.027547093260495883,4041.374672356119,15,512
0,268,31,0.016343619802895244,1852.3092108785543,15,512
0,269,2,0.00930673828125,209.86138655418097,15,512
0,270,195,0.03731991000637108,5102.629868815084,15,512
0,271,130,0.029077813360791092,4365.979086006008,15,512
0,272,756,0.13902883105777858,5310.274454463189,11,128
0,273,173,0.03429106677294554,4926.802470703302,15,512
0,274,648,0.1243511145555233,5088.916993320929,12,192
0,275,264,0.046638533600785535,5527.886065346996,14,384
0,276,268,0.047519456337021274,5507.612463909886,14,384
0,277,656,0.12525843173924098,5114.426159618802,11,128
0,278,178,0.03481973939063964,4992.229351570881,15,512
0,279,608,0.1180882553580367,5028.019070988767,12,192
0,280,113,0.027025359291017455,4083.2597750764435,15,512
0,281,12,0.012381249506087216,946.4917086307404,15,512
0,282,380,0.07333764101574318,5060.0720838612515,13,256
0,283,232,0.040558525518632135,5586.06352432412,14,384
0,284,166,0.03345954159889637,4844.937116692208,15,512
0,285,181,0.035990673004943234,4911.211648521347,15,512
0,286,52,0.020419350886108106,2486.9179379520824,15,512
0,287,520,0.09824716928193102,5168.723981683141,12,192
0,288,136,0.029881610973649237,4444.623153588313,15,512
0,289,352,0.06794043145338687,5059.57929095347,13,256
0,290,436,0.0823157071160603,5172.539542175997,13,256
0,291,21,0.014817357924667408,1384.0397596024407,15,512
0,292,229,0.0402879997884846,5550.854191672238,14,384
0,293,239,0.04219472996617435,5531.459442615351,14,384
0,294,340,0.06233945318265848,5326.1816241334,13,256
0,295,35,0.016942221052278075,2017.4266050792764,15,512
0,296,368,0.0693511852689529,5181.959019248151,13,256
0,297,225,0.040912416369345256,5370.657174496203,14,384
0,298,58,0.020016543106383844,2829.690656321955,15,512
0,299,155,0.03241747387276206,4669.308536936382,15,512
0,300,41,0.017515119149565987,2285.971460319306,15,512
0,301,688,0.12773532628363837,5259.899665563859,11,128
0,302,176,0.03426874794702093,5015.502762625489,15,512
0,303,212,0.03891634261119359,5319.905112060844,15,512
0,304,23,0.015300942738592765,1467.9446805161851,15,512
0,305,336,0.06130185323378318,5352.611425117108,13,256
0,306,760,0.13958675317454508,5317.033909886405,11,128
0,307,135,0.030166144634070084,4370.3277001165925,15,512
0,308,548,0.10076596593006919,5310.882946047422,12,192
0,309,109,0.0262563933942689,4054.072122610499,15,512
0,310,276,0.05053535620712269,5333.518356837287,14,384
0,311,218,0.03970335388067913,5362.031269192074,15,512
0,312,82,0.02297484144645631,3485.4701908008783,15,512
0,313,80,0.022462011609779994,3478.0945427872657,15,512
0,314,184,0.03558182990671773,5049.979173951242,15,512
0,315,652,0.12530028637450658,5081.542655831838,11,128
0,316,240,0.042039802625570805,5575.0737482635295,14,384
0,317,524,0.09816730470835043,5212.720788456888,12,192
0,318,4,0.010228758738841624,381.8889563957367,15,512
0,319,532,0.10193742181894244,5096.57043242444,12,192
0,320,612,0.11617857486363788,5144.289734156976,12,192
0,321,144,0.0303834507791067,4628.341955703772,15,512
0,322,588,0.1104219734420394,5200.221768373013,12,192
0,323,67,0.0205697765980813,3180.8652460573207,15,512
0,324,164,0.03276100051702151,4888.625117440727,15,512
0,325,77,0.022250902210207684,3379.4275750986794,15,512
0,326,238,0.04170071753899817,5573.570161775777,14,384
0,327,157,0.03260280829492912,4702.6719635021955,15,512
0,328,147,0.0312397879942376,4595.2516555643615,15,512
0,329,528,0.09872809392328007,5222.677553166209,12,192
0,330,194,0.036955928167042656,5126.461014418643,15,512
0,331,356,0.0669621191846686,5191.834640735176,13,256
0,332,246,0.043880221703530675,5474.77577991978,14,384
0,333,25,0.015613803776188429,1563.620425231183,15,512
0,334,664,0.1223996624986564,5297.706601169084,11,128
0,335,60,0.019511563994763205,3003.0268212085016,15,512
0,336,22,0.014920592367600826,1439.9143459379022,15,512
0,337,508,0.09711124581791539,5108.509790206801,12,192
0,338,189,0.0359424719898358,5135.159110708768,15,512
0,339,63,0.01986625732265689,3096.881133711799,15,512
0,340,440,0.08300864522811448,5176.418658793719,13,256
0,341,87,0.024314672656407948,3494.225017979388,15,512
0,342,512,0.09566588002763066,5226.523812414496,12,192
0,343,126,0.028032929373472456,4389.369136585461,15,512
0,344,364,0.06896630592437968,5154.23793163237,13,256
0,345,464,0.09127124773536635,4964.597408745846,13,256
0,346,102,0.02609131174494376,3817.722005460432,15,512
0,347,241,0.04280843528106191,5497.784746272134,14,384
0,348,50,0.019300913216041587,2529.834959281483,15,512
0,349,59,0.0199372108121482,2889.9321997885745,15,512
0,350,188,0.036133472477202694,5080.988275229646,15,512
0,351,170,0.03439937177658971,4826.123746625541,15,512
0,352,644,0.12070843171643317,5210.126923671904,12,192
0,353,708,0.13275709086847226,5208.055143999832,11,128
0,354,504,0.09636147900677063,5107.720482013539,12,192
0,355,308,0.06077035392726244,4949.473395531193,14,384
0,356,208,0.038063936472552816,5336.416010111555,15,512
0,357,242,0.042889949317509626,5510.10501902179,14,384
0,358,388,0.07138930038488146,5307.605592955821,13,256
0,359,57,0.02025159989686437,2748.625431248949,15,512
0,360,444,0.08449201456012326,5131.77194622885,13,256
0,361,492,0.09733512103058245,4936.232111418836,12,192
0,362,316,0.05782939047292901,5336.278793124377,13,256
0,363,74,0.021796171837578364,3315.5191443025888,15,512
0,364,288,0.05339991371866024,5266.86244254584,14,384
0,365,116,0.02646521752961249,4280.382349899343,15,512
0,366,384,0.07166867352044917,5232.411618348168,13,256
0,367,192,0.03634587857458547,5158.769229232712,15,512
0,368,105,0.026058573216009136,3934.945388222749,15,512
0,369,177,0.03542146311357477,4879.85383172264,15,512
0,370,568,0.10686190253261262,5190.694596053237,12,192
0,371,564,0.10728850803982147,5133.646278272139,12,192
0,372,8,0.011639553116736846,671.2027447828889,15,512
0,373,640,0.11825499303502766,5285.189098230061,12,192
0,374,70,0.021094111129081383,3240.6852595820637,15,512
0,375,712,0.13017103578406952,5341.530055529397,11,128
0,376,128,0.028454308387358802,4393.007846064284,15,512
0,377,79,0.022499296271065162,3428.9266904412225,15,512
0,378,121,0.02761801325011001,4278.514222942134,15,512
0,379,496,0.09643628732313127,5022.746244647449,12,192
0,380,30,0.01619878354182428,1808.5848807323857,15,512
0,381,185,0.03614995136634821,4997.629475877502,15,512
0,382,392,0.07499724126145121,5104.35442105744,13,256
0,383,96,0.026798060443078215,3498.3875120042535,15,512
1,0,3,0.012373321289062498,236.77454351643823,15,512
1,1,308,0.0601591957481133,4999.75517058725,14,384
1,2,184,0.03477195520333658,5167.598397882381,15,512
1,3,235,0.041512235948921686,5528.30225243411,14,384
1,4,194,0.03634322344416093,5212.887219293653,15,512
1,5,70,0.021113880946804248,3237.650869218656,15,512
1,6,704,0.1323897098347405,5193.001788871605,11,128
1,7,118,0.02704897174512996,4260.212775768358,15,512
1,8,324,0.05904318216749547,5358.895614779184,13,256
1,9,37,0.017262460239798296,2093.143850764472,15,512
1,10,216,0.03917647527746584,5384.289896067564,15,512
1,11,424,0.0787903980863249,5255.240613790806,13,256
1,12,195,0.03711861396759972,5130.301677380066,15,512
1,13,5,0.01123335426699499,434.67092588242485,15,512
1,14,24,0.01464530594047544,1600.3421229477665,15,512
1,15,147,0.03115111147392524,4608.332759495955,15,512
1,16,54,0.020755585676100995,2540.7317250855012,15,512
1,17,27,0.016026238096490644,1645.2512025123208,15,512
1,18,159,0.03267913921194558,4751.454329716284,15,512
1,19,352,0.06800939864963053,5054.448456027739,13,256
1,20,752,0.13533641924345957,5426.292524253336,11,128
1,21,57,0.02022004699724409,2752.9145954797623,15,512
1,22,211,0.03892930128106077,5293.048699033452,15,512
1,23,660,0.12281000774270912,5248.198105730223,11,128
1,24,162,0.032943272781552,4802.289257932886,15,512
1,25,116,0.02654535429200699,4267.460466109124,15,512
1,26,428,0.07955740619450308,5253.674924722207,13,256
1,27,202,0.03791553478913829,5202.765201574077,15,512
1,28,636,0.11762721748633134,5280.1873858163235,12,192
1,29,46,0.01851571998054412,2426.147892018395,15,512
1,30,292,0.051984443904613674,5485.415031528155,14,384
1,31,79,0.022500865736206924,3428.6875182699205,15,512
1,32,476,0.09800194156361067,4743.20959955963,13,256
1,33,101,0.025999003077701543,3793.7151745865976,15,512
1,34,227,0.04104396642366245,5401.029842286354,14,384
1,35,556,0.10564290298468917,5139.661393806004,12,192
1,36,312,0.060031348077583487,5075.473227858003,13,256
1,37,155,0.033196963327800484,4559.669690427347,15,512
1,38,143,0.030559773790835507,4569.681649341227,15,512
1,39,210,0.03870454056767723,5298.554691313504,15,512
1,40,131,0.029507792704974303,4335.454324864975,15,512
1,41,14,0.013251270537239184,1031.7406894364444,15,512
1,42,492,0.09891580188549537,4857.350805851922,12,192
1,43,99,0.02631658508527543,3673.717056628822,15,512
1,44,15,0.013574123324064847,1079.1442769663481,15,512
1,45,532,0.10108927422769383,5139.331090950421,12,192
1,46,680,0.12660685749240694,5245.0752917536565,11,128
1,47,96,0.026666484773755043,3515.648980186097,15,512
1,48,189,0.03613871995404857,5107.273105817984,15,512
1,49,712,0.1324103736029758,5251.193551381789,11,128
1,50,174,0.034242731107755865,4962.275773660859,15,512
1,51,20,0.01425987059677131,1369.665304285596,15,512
1,52,26,0.015338850283097687,1655.3147420689443,15,512
1,53,221,0.040077513865360646,5385.072368137471,15,512
1,54,256,0.04446288028924024,5622.667680854192,14,384
1,55,217,0.03996277425842424,5302.786566558953,15,512
1,56,238,0.042400690443395714,5481.558733348452,14,384
1,57,280,0.05024078470929373,5442.540389888029,14,384
1,58,452,0.08562819650394343,5154.917048611107,13,256
1,59,632,0.11882807880610569,5193.9533669233015,12,192
1,60,74,0.021726821777370373,3326.1019830920895,15,512
1,61,75,0.021908288030848135,3343.1269205914573,15,512
1,62,580,0.11018857816223085,5140.335409048286,12,192
1,63,106,0.025888587392085625,3998.5041838028465,15,512
1,64,163,0.0330375328793147,4818.1469264511825,15,512
1,65,29,0.016161273877558398,1752.3564487899487,15,512
1,66,145,0.031013777624604316,4565.763133210271,15,512
1,67,41,0.01762206324816031,2272.0984447822793,15,512
1,68,157,0.03265469648224988,4695.199435809803,15,512
1,69,240,0.0415460181186692,5641.334852609636,14,384
1,70,8,0.012470395428994977,626.4837425952924,15,512
1,71,316,0.05784970210324672,5334.405170302177,13,256
1,72,166,0.03417162419966945,4743.976290174937,15,512
1,73,82,0.023004566840249242,3480.9664340166464,15,512
1,74,448,0.08433556684995977,5187.6096449123315,13,256
1,75,104,0.025925395342464394,3917.490887155195,15,512
1,76,58,0.019906720572701275,2845.301655445604,15,512
1,77,64,0.019944398515179543,3133.7119518761965,15,512
1,78,600,0.11228829025467016,5218.153190070773,12,192
1,79,560,0.10529544221031188,5193.719581021362,12,192
1,80,90,0.025141100406658682,3495.8941167396933,15,512
1,81,13,0.013357289219517626,950.4407886481677,15,512
1,82,612,0.11695685784229169,5110.057341023119,12,192
1,83,85,0.023862723749769058,3478.5556489880305,15,512
1,84,95,0.02653917249709429,3495.717039035695,15,512
1,85,332,0.06046462171772725,5362.123185250067,13,256
1,86,6,0.011558070350400287,506.95097212287465,15,512
1,87,9,0.013945700546550772,630.2345637397057,15,512
1,88,708,0.12949925392527445,5339.075160996413,11,128
1,89,656,0.1244417903730734,5147.989257301925,11,128
1,90,716,0.13127034663257012,5326.555219337811,11,128
1,91,196,0.03629830196413029,5273.146115461441,15,512
1,92,516,0.09751806168109176,5167.311996498643,12,192
1,93,219,0.03998533487856788,5348.640649115401,15,512
1,94,276,0.050603607470854794,5326.324811037174,14,384
1,95,83,0.02344693565989861,3456.941609586457,15,512
1,96,768,0.14125469138946917,5309.558164918508,11,128
1,97,236,0.04060834037669968,5675.404310101743,14,384
1,98,193,0.037304946033434684,5052.321006739354,15,512
1,99,568,0.10809979232262186,5131.254076275607,12,192
1,100,392,0.07482601829524982,5116.034618994314,13,256
1,101,480,0.10391584573777345,4510.861617609962,13,256
1,102,177,0.0347256614069436,4977.631972920099,15,512
1,103,241,0.043072194478110996,5464.118217138996,14,384
1,104,231,0.04112308920491247,5485.627219684946,14,384
1,105,142,0.03072311569416211,4513.6006510677535,15,512
1,106,696,0.12854930399651912,5287.368183793548,11,128
1,107,340,0.06305710737088639,5265.564245550844,13,256
1,108,49,0.019512580571991848,2452.3441337475183,15,512
1,109,175,0.034714551773706935,4922.962526321304,15,512
1,110,113,0.02645735298378064,4170.922259972481,15,512
1,111,344,0.06376473166411312,5268.390397525442,13,256
1,112,584,0.10893242234587822,5235.470649768209,12,192
1,113,254,0.04470719683651807,5548.253805914946,14,384
1,114,576,0.10745636664671139,5234.682853640063,12,192
1,115,150,0.031464744240815266,4655.508205592982,15,512
1,116,304,0.057033618649274864,5205.263264560095,14,384
1,117,52,0.02035893485487794,2494.2979758999013,15,512
1,118,524,0.09876794066140634,5181.020749984661,12,192
1,119,724,0.13288257969707137,5320.721885530812,11,128
1,120,464,0.09361613903625698,4840.244477765819,13,256
1,121,684,0.1275112228084007,5238.50948401377,11,128
1,122,59,0.020115738847870435,2864.2839289047383,15,512
1,123,160,0.03324488643689496,4699.970935277275,15,512
1,124,69,0.02092638307501401,3219.993262020264,15,512
1,125,644,0.11896054796348073,5286.679161843351,12,192
1,126,98,0.02653188524337829,3607.0985579091166,15,512
1,127,242,0.042718385772807815,5532.234440151377,14,384
1,128,250,0.044047280864658186,5542.694581991527,14,384
1,129,460,0.09071563699074554,4951.943952571568,13,256
1,130,148,0.030877465703433395,4680.800276427121,15,512
1,131,110,0.02612627180255621,4111.641944622569,15,512
1,132,42,0.017607967524514906,2329.378728288515,15,512
1,133,63,0.01991764286041345,3088.8914883737853,15,512
1,134,213,0.039247478649421186,5299.902558277273,15,512
1,135,520,0.09776385968537253,5194.2763065437675,12,192
1,136,102,0.025923570970014898,3842.4249157346226,15,512
1,137,121,0.027790332742337758,4251.984443496083,15,512
1,138,169,0.03382366091433337,4879.396790252878,15,512
1,139,165,0.03410145875469208,4725.100285565627,15,512
1,140,388,0.07152179097715224,5297.773515221987,13,256
1,141,552,0.10214048577259861,5277.657492251864,12,192
1,142,764,0.1383228296332174,5393.858352799559,11,128
1,143,544,0.10594437286296103,5014.4239438480745,12,192
1,144,252,0.0437646295801809,5623.11968273679,14,384
1,145,172,0.03383517974499925,4964.322674385241,15,512
1,146,237,0.04180289407148542,5536.58586662002,14,384
1,147,204,0.03784945617373403,5263.450790034062,15,512
1,148,206,0.03843907272975706,5233.525699600596,15,512
1,149,141,0.03070397693778426,4484.608387343868,15,512
1,150,17,0.014257194129679927,1164.4340638835577,15,512
1,151,199,0.037766175515667896,5145.766942151096,15,512
1,152,122,0.02763154114095549,4311.76185187187,15,512
1,153,223,0.04053726545328813,5372.178785738384,15,512
1,154,209,0.03860127960860507,5287.429965262118,15,512
1,155,396,0.0767881060900716,5036.180336918105,13,256
1,156,126,0.028234416127985468,4358.04567171616,15,512
1,157,756,0.1372678810212269,5378.397659433771,11,128
1,158,207,0.037561055046025346,5381.862603494442,15,512
1,159,164,0.03288450531560801,4870.2648394100925,15,512
1,160,251,0.044644029555272906,5490.480808783741,14,384
1,161,368,0.06925109003237695,5189.449001192349,13,256
1,162,648,0.12301789927176496,5144.068495284759,12,192
1,163,161,0.03376819412609153,4656.054804497716,15,512
1,164,120,0.02721580090454557,4305.862627780592,15,512
1,165,668,0.12443858725307809,5242.294728670377,11,128
1,166,182,0.035759510148368236,4970.268727467742,15,512
1,167,400,0.07378430862193305,5294.147323403708,13,256
1,168,16,0.013612155601898865,1147.8710982278478,15,512
1,169,572,0.10937122549370984,5107.319109559816,12,192
1,170,112,0.026201009867626617,4174.4574179616375,15,512
1,171,384,0.07185209989334891,5219.054148126746,13,256
1,172,151,0.03169869855194412,4651.955576610133,15,512
1,173,56,0.020248359896069903,2700.836032187207,15,512
1,174,119,0.027277731276890857,4260.28603040208,15,512
1,175,512,0.09512508847099463,5256.236898559722,12,192
1,176,197,0.03761599197427482,5114.388918191193,15,512
1,177,146,0.031134399562476024,4579.440329783613,15,512
1,178,93,0.02606488512554116,3484.3933538385154,15,512
1,179,2,0.009620669409855995,203.01342004321455,15,512
1,180,130,0.029162783741520648,4353.25811572816,15,512
1,181,348,0.06593691466183019,5154.074189593983,13,256
1,182,137,0.030450657569651464,4393.634593735026,15,512
1,183,78,0.02229296986505558,3416.856321122116,15,512
1,184,111,0.026156896250846353,4144.162841816241,15,512
1,185,81,0.023125658008842,3420.510779401643,15,512
1,186,35,0.016909054061973943,2021.3837731387503,15,512
1,187,700,0.12981142845358237,5266.052135343673,11,128
1,188,608,0.11684806688612208,5081.384877155542,12,192
1,189,21,0.014962075096417346,1370.6529587537343,15,512
1,190,688,0.1300306388512711,5167.051442148875,11,128
1,191,36,0.016992912781907524,2068.8772108235094,15,512
1,192,77,0.022265654326000393,3377.188534369357,15,512
1,193,19,0.014453205195497358,1283.7766605417314,15,512
1,194,444,0.08533206001521992,5081.252578722038,13,256
1,195,22,0.015049635324985135,1427.5678138414441,15,512
1,196,420,0.07919956360800211,5178.769065320443,13,256
1,197,224,0.040301610984170975,5427.822726141571,15,512
1,198,4,0.009449185575568396,413.3954158017505,15,512
1,199,328,0.06018496621562335,5322.134747943921,13,256
1,200,243,0.04303604426797213,5514.091537372188,14,384
1,201,228,0.040590504489312715,5485.427018001817,14,384
1,202,380,0.07260343129854163,5111.242586787411,13,256
1,203,11,0.012937073611059604,830.3413757201438,15,512
1,204,72,0.02104778624299454,3340.6126035417396,15,512
1,205,55,0.020572742285599112,2610.7816232937294,15,512
1,206,225,0.040933771480911624,5367.8553075047985,14,384
1,207,114,0.026644403940799644,4178.2929446407,15,512
1,208,364,0.06894068886975442,5156.153148854752,13,256
1,209,200,0.03764818371023627,5187.833269813119,15,512
1,210,139,0.03091757468613037,4390.45393689609,15,512
1,211,124,0.02755905793708151,4393.972764833331,15,512
1,212,144,0.03027197422754359,4645.38582594489,15,512
1,213,376,0.07035342456826923,5219.184456951208,13,256
1,214,222,0.04045738058878342,5358.648331773256,15,512
1,215,372,0.06923625028743857,5246.980425598085,13,256
1,216,80,0.022405850278868506,3486.8125524199168,15,512
1,217,171,0.03412479052602979,4893.573994912036,15,512
1,218,244,0.04276193579137935,5572.274631403301,14,384
1,219,158,0.03286340227316405,4695.097413148772,15,512
1,220,180,0.03542935955306458,4961.457170478127,15,512
1,221,86,0.023916123191291612,3511.621608914465,15,512
1,222,7,0.011924425665798,573.2718448324973,15,512
1,223,239,0.042333271309406215,5513.356995119349,14,384
1,224,100,0.02604803995701995,3749.082470740054,15,512
1,225,744,0.13893548757667112,5229.495449095025,11,128
1,226,167,0.03348989561409513,4869.705757797611,15,512
1,227,548,0.10224617122599734,5233.997944207909,12,192
1,228,540,0.10222774051626139,5158.519080406705,12,192
1,229,624,0.11743019136200536,5189.253231491913,12,192
1,230,215,0.03938063197718103,5331.578670999012,15,512
1,231,246,0.04407056748227822,5451.129602463225,14,384
1,232,247,0.04460986637687977,5407.120825293794,14,384
1,233,198,0.03693842445079823,5234.64056398923,15,512
1,234,218,0.039593889850038026,5376.85551498789,15,512
1,235,123,0.027799833530116346,4320.788013707839,15,512
1,236,51,0.019803579537468207,2514.933596008234,15,512
1,237,94,0.026379281356402145,3479.88536002029,15,512
1,238,73,0.021663893259712616,3290.6856420204545,15,512
1,239,115,0.026678914118024973,4209.49244797501,15,512
1,240,740,0.13656104267651245,5291.8184852457325,11,128
1,241,214,0.038469539967056474,5432.463584928869,15,512
1,242,33,0.016699543199387927,1929.787067539738,15,512
1,243,136,0.029874161307578553,4445.731501299345,15,512
1,244,50,0.01968080503908157,2481.002423581684,15,512
1,245,205,0.03836197194824301,5218.587635956213,15,512
1,246,47,0.018961333225375847,2420.6334520071814,15,512
1,247,528,0.0986656253183106,5225.984210169589,12,192
1,248,226,0.04097821701035505,5385.86451782978,14,384
1,249,65,0.020402721582749944,3111.1811354455795,15,512
1,250,732,0.13666329652080983,5230.693011207659,11,128
1,251,496,0.09544679028810112,5074.817063391441,12,192
1,252,456,0.0864452010297911,5151.38486226129,13,256
1,253,127,0.029205791804974707,4246.535698404682,15,512
1,254,154,0.03206773204094219,4689.780518559595,15,512
1,255,536,0.09959802337963551,5255.500884840106,12,192
1,256,628,0.11769231303906896,5210.886201177948,12,192
1,257,255,0.04512388860904842,5518.660850742036,14,384
1,258,97,0.026614468121161108,3559.213059181262,15,512
1,259,736,0.1356965355775356,5296.745395458631,11,128
1,260,128,0.02857998353182031,4373.690413811044,15,512
1,261,652,0.12398315559179131,5135.526249197645,11,128
1,262,61,0.019793110342485362,3009.648886366989,15,512
1,263,404,0.07528993114639594,5240.1595272130335,13,256
1,264,432,0.08060288921405809,5233.993521989284,13,256
1,265,201,0.0377714939885157,5196.751353274007,15,512
1,266,68,0.019790151770460597,3355.519996522718,15,512
1,267,212,0.038875332130669425,5325.517202119785,15,512
1,268,67,0.020533985368511132,3186.409570561808,15,512
1,269,249,0.04413556172910803,5509.481537642464,14,384
1,270,92,0.02531729599114539,3548.710337447666,15,512
1,271,220,0.03967257904363972,5415.421814741928,15,512
1,272,178,0.03470812981682688,5008.282667991123,15,512
1,273,28,0.015922951690763097,1717.2538440760395,15,512
1,274,91,0.025511242714388236,3483.4519233310134,15,512
1,275,264,0.046606473114918355,5531.68868548168,14,384
1,276,272,0.047929281896773965,5542.019189273076,14,384
1,277,484,0.09852810836323772,4797.171668591122,12,192
1,278,440,0.0832608592233031,5160.738238931586,13,256
1,279,692,0.1287599917187729,5248.379104248364,11,128
1,280,676,0.12373144040710561,5335.396143679653,11,128
1,281,129,0.028938338159909437,4353.275637456102,15,512
1,282,468,0.09577592475933776,4771.880314895538,13,256
1,283,43,0.018133012452301405,2315.7866135293166,15,512
1,284,132,0.029219985411512068,4411.578177900582,15,512
1,285,192,0.03572835499437169,5247.932630246676,15,512
1,286,232,0.04085546896716008,5545.463207927256,14,384
1,287,616,0.11463507483945931,5247.63036830096,12,192
1,288,504,0.09649029603561225,5100.901543698709,12,192
1,289,288,0.053838749279425495,5223.932646360338,14,384
1,290,40,0.016977616043960583,2300.8236196916255,15,512
1,291,508,0.09688001048507403,5120.702893363451,12,192
1,292,229,0.04103255010669818,5450.131954228554,14,384
1,293,108,0.025825252186096104,4083.9388223586316,15,512
1,294,173,0.0342517611484878,4932.456225173078,15,512
1,295,18,0.014060954158865685,1250.1374232072776,15,512
1,296,153,0.03229448990375359,4626.611627720233,15,512
1,297,234,0.0415950992870562,5493.811264230129,14,384
1,298,53,0.021012152307823617,2463.2323115575655,15,512
1,299,168,0.03317672944770524,4945.107692384302,15,512
1,300,208,0.0378653463588246,5364.403591482302,15,512
1,301,23,0.015234913781812463,1474.3068337422435,15,512
1,302,140,0.030404264813719824,4496.696461422284,15,512
1,303,12,0.012601507409339064,929.9482688329139,15,512
1,304,760,0.13914168479445194,5334.041348546281,11,128
1,305,320,0.05766696420360861,5419.047184392009,13,256
1,306,181,0.035035399380454066,5045.120524546142,15,512
1,307,38,0.01711626649515132,2168.076490893169,15,512
1,308,149,0.03135385352793881,4640.827079527587,15,512
1,309,296,0.05256996909898488,5498.624118566997,14,384
1,310,117,0.027200053872258396,4200.6465515324835,15,512
1,311,44,0.01754482830654833,2449.0835275921504,15,512
1,312,76,0.02145964776074066,3458.5260125182226,15,512
1,313,134,0.02991029506247633,4375.061320079331,15,512
1,314,620,0.11663512625714693,5191.135547494632,12,192
1,315,748,0.13555071518221182,5388.896318385922,11,128
1,316,245,0.0431846917763209,5540.338547262487,14,384
1,317,604,0.11408873257021049,5170.043848431822,12,192
1,318,10,0.01242825691118083,785.759826964516,15,512
1,319,152,0.031338533280935506,4736.580958314999,15,512
1,320,248,0.043411049908754315,5578.936711022975,14,384
1,321,728,0.13425050124109725,5295.60406425034,11,128
1,322,416,0.08029551965305236,5059.435467325689,13,256
1,323,170,0.0347011408034063,4784.154674929412,15,512
1,324,268,0.04777846241270793,5477.755808449563,14,384
1,325,87,0.02421580392114342,3508.491304962149,15,512
1,326,488,0.09777557598739947,4874.044414337334,12,192
1,327,183,0.03548476870326726,5036.271730962282,15,512
1,328,185,0.03543965581876535,5097.793935242964,15,512
1,329,84,0.02318858803810693,3537.5698539813666,15,512
1,330,300,0.05433464453749571,5391.9327621224365,14,384
1,331,1,0.009259502828425177,105.46597566794958,15,512
1,332,66,0.023066583504772763,2794.220695347616,15,512
1,333,472,0.0960374097145178,4799.561976631706,13,256
1,334,230,0.04116617932312496,5456.162769854778,14,384
1,335,186,0.036323856939464605,5000.587501011045,15,512
1,336,188,0.03526649364712337,5205.897468487782,15,512
1,337,125,0.028068795516184027,4348.9686769642885,15,512
1,338,34,0.016773917611322155,1979.4496294406717,15,512
1,339,45,0.018329694238303565,2397.4929384346997,15,512
1,340,109,0.02632398890482279,4043.661957344856,15,512
1,341,284,0.05100332161217892,5437.758585781479,14,384
1,342,720,0.13449780942520886,5227.780311106046,11,128
1,343,32,0.017717205368429207,1763.8221914888036,15,512
1,344,138,0.030521090959774722,4415.49173906052,15,512
1,345,179,0.0347950812928599,5023.833283466725,15,512
1,346,103,0.02603658096687998,3863.254458331187,15,512
1,347,156,0.032539406646725055,4681.823232180317,15,512
1,348,176,0.03441505843036807,4994.180101357503,15,512
1,349,596,0.11351058171029815,5127.55058806289,12,192
1,350,233,0.04132560678030823,5506.006571412837,14,384
1,351,39,0.01719458080334282,2214.9965698841384,15,512
1,352,105,0.025952775598057087,3950.986364158923,15,512
1,353,260,0.04534674938775925,5599.216116437634,14,384
1,354,436,0.08189256300241997,5199.266385000283,13,256
1,355,187,0.03632289778039489,5027.605137786302,15,512
1,356,500,0.09585796387246524,5093.799516226283,12,192
1,357,640,0.12119410517631626,5157.016499199644,12,192
1,358,25,0.015614406252240932,1563.5600935191608,15,512
1,359,89,0.02473387149753692,3513.9691943760276,15,512
1,360,133,0.029627328661029087,4383.885364286792,15,512
1,361,71,0.021250183031588366,3262.8395434021545,15,512
1,362,588,0.11037761266534504,5202.311738169038,12,192
1,363,88,0.024576957678148922,3496.669568520517,15,512
1,364,356,0.06745502133431015,5153.897265512671,13,256
1,365,190,0.03676091102284196,5047.395993116373,15,512
1,366,592,0.11314195283583674,5109.731496669765,12,192
1,367,336,0.062049156199407346,5288.146045781909,13,256
1,368,30,0.0160410058217348,1826.3739397378768,15,512
1,369,135,0.029986784567139546,4396.467957570547,15,512
1,370,107,0.02608130864797316,4006.4012473592015,15,512
1,371,253,0.04467919048717924,5529.874418179022,14,384
1,372,203,0.03793731601354679,5225.519576271842,15,512
1,373,48,0.018660678319398886,2511.96656400591,15,512
1,374,360,0.06557598609767178,5361.146982622073,13,256
1,375,60,0.019762810302674034,2964.849082828665,15,512
1,376,31,0.016367974459178813,1849.5530754584786,15,512
1,377,191,0.03599504107143125,5181.920396474863,15,512
1,378,412,0.07734856574417047,5201.696322731407,13,256
1,379,664,0.12259228177698837,5289.382745804453,11,128
1,380,564,0.10877540008096051,5063.472527704414,12,192
1,381,62,0.019382269927972727,3123.827870780915,15,512
1,382,672,0.12635409512054133,5193.737483331584,11,128
1,383,408,0.07709387600929707,5168.21206332849,13,256
2,0,576,0.1073857895915161,5238.12323902156,12,192
2,1,176,0.0340629832167429,5045.799979008259,15,512
2,2,190,0.036507079990323606,5082.490164898978,15,512
2,3,404,0.07495529655450747,5263.553986649856,13,256
2,4,192,0.036097458657871666,5194.271479804366,15,512
2,5,604,0.11409181015530878,5169.904388378696,12,192
2,6,212,0.0387147574686787,5347.605500757532,15,512
2,7,162,0.03277820661133955,4826.472871925517,15,512
2,8,452,0.08511482630029849,5186.0089385913725,13,256
2,9,548,0.10224451746690986,5234.082601770765,12,192
2,10,91,0.02550587052909718,3484.185626937141,15,512
2,11,648,0.12296021303619113,5146.48181207805,12,192
2,12,181,0.03571212662910989,4949.517970064546,15,512
2,13,174,0.035242237900418284,4821.5404333895385,15,512
2,14,238,0.041434810675330225,5609.338409222686,14,384
2,15,48,0.01858360562563279,2522.384565422775,15,512
2,16,2,0.009411878677394467,207.51701832823585,15,512
2,17,206,0.03878617992457253,5186.689573224764,15,512
2,18,115,0.02682504757984491,4186.560607794802,15,512
2,19,188,0.0352974217096196,5201.335993046915,15,512
2,20,280,0.04995424509968025,5473.759025972154,14,384
2,21,130,0.02899722684998874,4378.112626313067,15,512
2,22,480,0.10281731891574189,4559.056829561346,13,256
2,23,444,0.0842985726838322,5143.547941508146,13,256
2,24,239,0.04205266442519938,5550.146243769033,14,384
2,25,54,0.020887019123720946,2524.743942045358,15,512
2,26,472,0.09584935008210495,4808.978877844858,13,256
2,27,131,0.029264259078097717,4371.533451730085,15,512
2,28,252,0.04386106378237211,5610.756529323071,14,384
2,29,98,0.026390474143651987,3626.426887181207,15,512
2,30,200,0.03756368042679477,5199.503823397467,15,512
2,31,42,0.017750162848870005,2310.7182367406335,15,512
2,32,660,0.12231954995255173,5269.2415092274,11,128
2,33,316,0.057691316731333715,5349.050212133473,13,256
2,34,364,0.06907336324670434,5146.249339711431,13,256
2,35,105,0.026024718149423115,3940.0642847028475,15,512
2,36,92,0.025407947889003118,3536.0490501826603,15,512
2,37,332,0.06008676400685457,5395.843083894712,13,256
2,38,96,0.026647071966160243,3518.2101853087415,15,512
2,39,109,0.026161755038018663,4068.7374507295876,15,512
2,40,15,0.013740669114187375,1066.0643508892406,15,512
2,41,60,0.019755764804647236,2965.9064369007233,15,512
2,42,213,0.03927523960158247,5296.156423489241,15,512
2,43,724,0.13107329406749788,5394.167095822779,11,128
2,44,219,0.03976711958029137,5377.990404062175,15,512
2,45,588,0.11088500035348989,5178.506995260406,12,192
2,46,304,0.05627669097628685,5275.274627022641,14,384
2,47,712,0.13122799615233302,5298.507333700823,11,128
2,48,3,0.011407523514676271,256.82064088939467,15,512
2,49,234,0.04162181646550755,5490.284769031486,14,384
2,50,40,0.016912541784280612,2309.676481409004,15,512
2,51,356,0.06716263434979451,5176.334331815317,13,256
2,52,264,0.04626493094719132,5572.525338777176,14,384
2,53,245,0.043675226042236844,5478.112746769114,14,384
2,54,4,0.009145381069203505,427.128183116836,15,512
2,55,59,0.021259080003393754,2710.238989213179,15,512
2,56,123,0.027904611002340526,4304.564127051442,15,512
2,57,86,0.023744652508335035,3536.980588388023,15,512
2,58,324,0.05887273964441654,5374.410158437528,13,256
2,59,37,0.017327084265484002,2085.3371488460693,15,512
2,60,114,0.026344566045613277,4225.84774436008,15,512
2,61,207,0.038305637137426365,5277.250363302055,15,512
2,62,620,0.11610842921275398,5214.683844275899,12,192
2,63,172,0.03331133026252571,5042.390942548459,15,512
2,64,250,0.04393755814192067,5556.536032599096,14,384
2,65,18,0.013959763932903891,1259.1993019715358,15,512
2,66,16,0.013561795388612727,1152.1335894154295,15,512
2,67,157,0.0314156283788783,4880.383440080479,15,512
2,68,124,0.02738932393859357,4421.202592349131,15,512
2,69,235,0.041213745465260423,5568.340972393344,14,384
2,70,7,0.011791337255747122,579.742344038896,15,512
2,71,276,0.05005493024157239,5384.7093323115805,14,384
2,72,177,0.0344196881907502,5021.880545287781,15,512
2,73,78,0.022357380519523316,3407.0125045947943,15,512
2,74,35,0.016993687387498416,2011.3167154731025,15,512
2,75,169,0.033121151233125375,4982.890278733425,15,512
2,76,344,0.06109990650101706,5498.167169771496,13,256
2,77,186,0.03506656387237208,5179.880916222572,15,512
2,78,396,0.07492779439619303,5161.218919045728,13,256
2,79,308,0.05861466053754899,5131.502037912806,14,384
2,80,676,0.12368504454406294,5337.3975199145325,11,128
2,81,61,0.019915685525197454,2991.1253832880248,15,512
2,82,151,0.030857117655255888,4778.830581244616,15,512
2,83,79,0.022623343121039162,3410.12542166033,15,512
2,84,253,0.043949656676475185,5621.666497163985,14,384
2,85,165,0.032967063406550694,4887.6907995384945,15,512
2,86,182,0.03535769710485705,5026.752010259877,15,512
2,87,150,0.030687064643979203,4773.489308914406,15,512
2,88,217,0.03901221961985101,5431.991939063356,15,512
2,89,652,0.1238319390967319,5141.797460690849,11,128
2,90,237,0.04203704009778788,5505.747121148508,14,384
2,91,636,0.12226055634140756,5080.082805002305,12,192
2,92,99,0.02621989234459313,3687.264853318002,15,512
2,93,195,0.03739781431445663,5092.000454860456,15,512
2,94,572,0.11071764726081883,5045.209718773325,12,192
2,95,231,0.04110838078106891,5487.589956447179,14,384
2,96,740,0.14031797733147797,5150.133031727249,11,128
2,97,63,0.019653052580818738,3130.4774282264175,15,512
2,98,179,0.03521228409287893,4964.309814123963,15,512
2,99,17,0.014257450091355827,1164.4131589887443,15,512
2,100,312,0.05931242818784308,5136.992520944371,13,256
2,101,146,0.030728798522342542,4639.886095654965,15,512
2,102,184,0.034822690740553566,5160.069373695491,15,512
2,103,708,0.1322115361970572,5229.545544115609,11,128
2,104,320,0.05688988174593912,5493.068194368442,13,256
2,105,224,0.03992186509291544,5479.4534145855705,15,512
2,106,568,0.10984565296759066,5049.699146161545,12,192
2,107,145,0.030430811426714655,4653.229929179298,15,512
2,108,76,0.02176674395029869,3409.7313851565546,15,512
2,109,166,0.03270365910189231,4956.918566663385,15,512
2,110,127,0.028293405194975606,4383.475111791221,15,512
2,111,6,0.011645280897467424,503.15445815259613,15,512
2,112,167,0.03305443560899257,4933.859389679971,15,512
2,113,251,0.04408073738179655,5560.641723775312,14,384
2,114,692,0.13207975228201765,5116.463639007036,11,128
2,115,57,0.019812692050937303,2809.5153529308823,15,512
2,116,31,0.016309842697747323,1856.1452774882555,15,512
2,117,360,0.06413242532764714,5481.821375129615,13,256
2,118,62,0.020015908867038724,3024.9375835091755,15,512
2,119,65,0.020113480205985676,3155.921394503855,15,512
2,120,156,0.03109466699113934,4899.3529997736105,15,512
2,121,129,0.02904566496321606,4337.189823663494,15,512
2,122,214,0.03940593128970585,5303.373582610741,15,512
2,123,400,0.07322668052255525,5334.462756094479,13,256
2,124,352,0.06515160150448834,5276.155797587245,13,256
2,125,616,0.11921745106229503,5045.926537094505,12,192
2,126,73,0.02166018168145526,3291.2495171282594,15,512
2,127,1,0.009188240234374999,106.2839537375709,15,512
2,128,22,0.01618623266611134,1327.3239946056892,15,512
2,129,164,0.03206673470487913,4994.467053598425,15,512
2,130,75,0.021889570292381515,3345.98562336746,15,512
2,131,135,0.029720969968935723,4435.788523651636,15,512
2,132,187,0.03626106778162766,5036.177880909684,15,512
2,133,672,0.12864665395715327,5101.182034773861,11,128
2,134,420,0.07887430609753059,5200.124987379651,13,256
2,135,191,0.036587040303994046,5098.073961441425,15,512
2,136,268,0.047514303219469936,5508.209786663892,14,384
2,137,108,0.025565487737228585,4125.434690863179,15,512
2,138,716,0.13483739443876488,5185.644182093296,11,128
2,139,173,0.03365499484595536,5019.9179430361355,15,512
2,140,196,0.03673239403061005,5210.829706348468,15,512
2,141,328,0.05937931470507058,5394.344841986658,13,256
2,142,209,0.038233846499895155,5338.242975384642,15,512
2,143,232,0.04047507513484512,5597.580714679183,14,384
2,144,68,0.019928846411015326,3332.167283064367,15,512
2,145,260,0.04506124830377187,5634.691881776979,14,384
2,146,74,0.021712700380988745,3328.2651964964475,15,512
2,147,584,0.11112923848312876,5131.975236981245,12,192
2,148,592,0.11192868261506028,5165.119310733421,12,192
2,149,668,0.12452161977940668,5238.799102964161,11,128
2,150,140,0.02995321082377204,4564.410500242419,15,512
2,151,696,0.1275383367589739,5329.279942583033,11,128
2,152,133,0.030045483037096296,4322.873169974915,15,512
2,153,228,0.04070227851021537,5470.363285537398,14,384
2,154,412,0.07646435664411946,5261.847057349726,13,256
2,155,121,0.02770223693243023,4265.50616790331,15,512
2,156,255,0.04450123831013205,5595.876585827552,14,384
2,157,9,0.012240139398346308,718.0524840417617,15,512
2,158,161,0.03283172749722889,4788.860486042669,15,512
2,159,52,0.02031029122575744,2500.271878701542,15,512
2,160,13,0.013133800712452763,966.6137607800755,15,512
2,161,244,0.04229917906783378,5633.235803888211,14,384
2,162,688,0.12747735038924912,5270.544123708607,11,128
2,163,39,0.0172878047052887,2203.052275824745,15,512
2,164,292,0.05058069722192366,5637.6496501990105,14,384
2,165,416,0.07961539132159572,5102.656575020871,13,256
2,166,87,0.024328846803884717,3492.189259313098,15,512
2,167,85,0.023737158532617382,3496.956570683826,15,512
2,168,229,0.0409024481223126,5467.467664313388,14,384
2,169,112,0.02590295210647415,4222.491689380183,15,512
2,170,141,0.030103566800880218,4574.053081841911,15,512
2,171,132,0.02887003331863222,4465.053731573151,15,512
2,172,496,0.09347630174281021,5181.794647082901,12,192
2,173,728,0.13741467072116703,5173.665200876466,11,128
2,174,66,0.02009854030861148,3206.8560209013895,15,512
2,175,242,0.041977375279060467,5629.892851301909,14,384
2,176,680,0.12789249899080482,5192.349084114343,11,128
2,177,210,0.03847505373007289,5330.15824847846,15,512
2,178,77,0.022201114788658646,3387.006157835517,15,512
2,179,71,0.021505141780933153,3224.1562602239846,15,512
2,180,24,0.014765025966151485,1587.3659859271486,15,512
2,181,612,0.11532041789763568,5182.570969613641,12,192
2,182,348,0.06434472202035725,5281.610353254474,13,256
2,183,100,0.02609689838688751,3742.0634648701307,15,512
2,184,25,0.015270390178616144,1598.784458971335,15,512
2,185,336,0.06013711070177338,5456.281423748613,13,256
2,186,89,0.024837814261042895,3499.2637269343454,15,512
2,187,12,0.012508084611916694,936.8940460184704,15,512
2,188,700,0.1304203509154277,5241.465348021359,11,128
2,189,198,0.03691850531304052,5237.46488002321,15,512
2,190,230,0.04065489384360078,5524.78075244942,14,384
2,191,155,0.03137890898407764,4823.851191792776,15,512
2,192,560,0.10535696911881368,5190.686525760583,12,192
2,193,720,0.13462587727616682,5222.807191500294,11,128
2,194,38,0.01712657065415693,2166.7720730181836,15,512
2,195,126,0.02777818960353199,4429.621827635398,15,512
2,196,104,0.02582993574808921,3931.9687431864077,15,512
2,197,240,0.04179517254620111,5607.705046340407,14,384
2,198,118,0.02674349345322586,4308.875173751849,15,512
2,199,158,0.03134681719680956,4922.250129295556,15,512
2,200,564,0.10620070863379386,5186.229518479289,12,192
2,201,656,0.12600317558614607,5084.197259473166,11,128
2,202,5,0.011078164886125268,440.7600491770462,15,512
2,203,520,0.09662490613325796,5255.503164987942,12,192
2,204,556,0.1045146533034429,5195.144726965416,12,192
2,205,428,0.07944957850854506,5260.805127557047,13,256
2,206,147,0.030477523057821167,4710.182229299007,15,512
2,207,26,0.015078818384887229,1683.8603895811755,15,512
2,208,628,0.11763875671714012,5213.258513727935,12,192
2,209,107,0.025795145787472308,4050.8469446506388,15,512
2,210,143,0.029931311088739677,4665.630485947423,15,512
2,211,484,0.09832417278502505,4807.121551212139,12,192
2,212,93,0.025984866680753484,3495.123281400899,15,512
2,213,159,0.032079798618132274,4840.224820246712,15,512
2,214,201,0.037518033660890994,5231.859011433555,15,512
2,215,684,0.1273451584936732,5245.340756579971,11,128
2,216,202,0.037303090748765894,5288.184465157922,15,512
2,217,50,0.019631362354968845,2487.25096695295,15,512
2,218,110,0.02612344470748733,4112.086909013628,15,512
2,219,29,0.01584721089710668,1787.0849756388745,15,512
2,220,11,0.012331774331488268,871.0982873381508,15,512
2,221,197,0.03714833419521895,5178.773602310274,15,512
2,222,748,0.13925233327399916,5245.648190057231,11,128
2,223,23,0.015118742441277505,1485.635302488961,15,512
2,224,111,0.026264411934723255,4127.198346165529,15,512
2,225,288,0.052329304008869315,5374.617632069611,14,384
2,226,704,0.1356244788936089,5069.143900927441,11,128
2,227,84,0.02310982188752414,3549.627097917386,15,512
2,228,744,0.13676536485375965,5312.4744029813255,11,128
2,229,226,0.04073384588728331,5418.175480182225,14,384
2,230,392,0.07498262238097901,5105.349584267258,13,256
2,231,70,0.02101026363433464,3253.618145385296,15,512
2,232,185,0.0360743300679853,5008.105823712385,15,512
2,233,125,0.028210095162485817,4327.185420569967,15,512
2,234,88,0.02435051479161986,3529.186168564086,15,512
2,235,119,0.027658767135699754,4201.59499264174,15,512
2,236,116,0.027324760857235106,4145.736191136881,15,512
2,237,254,0.04411389049361118,5622.874614423852,14,384
2,238,464,0.09212505058564369,4918.586173027435,13,256
2,239,368,0.06873792243430321,5228.1911828725315,13,256
2,240,376,0.06943252286492498,5288.407864918459,13,256
2,241,552,0.10396970053537397,5184.803815190301,12,192
2,242,380,0.07112411221900476,5217.551944371991,13,256
2,243,241,0.04242149288152053,5547.932109728341,14,384
2,244,408,0.07619019685999415,5229.511360000319,13,256
2,245,246,0.04329277290032832,5549.064171821115,14,384
2,246,51,0.02029118660795056,2454.498520085827,15,512
2,247,227,0.04086199582151779,5425.082232113201,14,384
2,248,440,0.0813636464059663,5281.07476717626,13,256
2,249,53,0.021066165960495407,2456.916583542515,15,512
2,250,81,0.022842982051534965,3462.838710004794,15,512
2,251,436,0.08101512673211911,5255.577164100091,13,256
2,252,136,0.02970620055687927,4470.867950470485,15,512
2,253,544,0.1032939014237699,5143.091631523458,12,192
2,254,221,0.0400154277250809,5393.4276045418355,15,512
2,255,138,0.030430104980697422,4428.694054308561,15,512
2,256,67,0.020712352400878077,3158.9694030710957,15,512
2,257,194,0.03652225673362214,5187.333476728747,15,512
2,258,101,0.02576250447729293,3828.541304551153,15,512
2,259,204,0.03750090018485901,5312.372476872824,15,512
2,260,756,0.1392175520122197,5303.075936396282,11,128
2,261,532,0.09997655679824997,5196.530733183782,12,192
2,262,97,0.026556703985319053,3566.954790487791,15,512
2,263,41,0.017740515164710858,2256.9278359878213,15,512
2,264,8,0.012009583219711078,650.5221586022658,15,512
2,265,460,0.08948729716268349,5019.916393086971,13,256
2,266,536,0.0999005463169521,5239.585961214889,12,192
2,267,205,0.03807528971922819,5257.880215128093,15,512
2,268,223,0.040690952537054535,5351.888415531395,15,512
2,269,608,0.11687083979235836,5080.39474222057,12,192
2,270,82,0.02308253042862591,3469.209116721914,15,512
2,271,468,0.09309243028549243,4909.435155988445,13,256
2,272,144,0.02977094461996883,4723.565267918168,15,512
2,273,203,0.037711197354258034,5256.852113119557,15,512
2,274,516,0.09585270190670321,5257.089680064205,12,192
2,275,44,0.018047019542784846,2380.933311349951,15,512
2,276,47,0.01898849892977369,2417.170397183524,15,512
2,277,28,0.01545095387320958,1769.712745529022,15,512
2,278,175,0.03407215666945719,5015.779868528135,15,512
2,279,760,0.1363381428699442,5443.726050368665,11,128
2,280,134,0.029625187511634725,4417.16613434455,15,512
2,281,208,0.037823898279222584,5370.281997389481,15,512
2,282,180,0.03502591201473482,5018.605937400053,15,512
2,283,216,0.038827102263973304,5432.738672226993,15,512
2,284,102,0.025878036243122758,3849.1860071674405,15,512
2,285,106,0.025839308974790164,4006.1297730908313,15,512
2,286,46,0.018230580089408994,2464.0946574210902,15,512
2,287,249,0.04369610777482637,5564.890670653474,14,384
2,288,171,0.03345051253664726,4992.2161078114705,15,512
2,289,580,0.11125493900262216,5091.066114257187,12,192
2,290,56,0.02007642583115778,2723.965931980147,15,512
2,291,296,0.051902202453133324,5569.36866525111,14,384
2,292,34,0.016504268669009156,2011.7901414406244,15,512
2,293,36,0.01671761975121399,2102.9459051697263,15,512
2,294,233,0.0412485887088711,5516.287214235392,14,384
2,295,432,0.08036484161912621,5249.497062401937,13,256
2,296,215,0.03906301025815876,5374.929789394489,15,512
2,297,764,0.13754665654577644,5424.29578978312,11,128
2,298,160,0.03283154542086231,4759.142403961079,15,512
2,299,72,0.020988389727861493,3350.066437286618,15,512
2,300,30,0.01589828061120314,1842.7700275560105,15,512
2,301,117,0.027725632942326356,4121.017281649587,15,512
2,302,218,0.039614333763548414,5374.080661578455,15,512
2,303,222,0.0408785623546657,5303.436875275917,15,512
2,304,512,0.09387836309614128,5326.040884287124,12,192
2,305,732,0.13973265983621705,5115.795769134289,11,128
2,306,211,0.038518223991384624,5349.537599295551,15,512
2,307,340,0.06187805571514582,5365.896619772575,13,256
2,308,163,0.03262930003831538,4878.4278949619265,15,512
2,309,752,0.13836270614312424,5307.607956441331,11,128
2,310,220,0.03938346325925174,5455.176671125542,15,512
2,311,640,0.12217156253990255,5115.756785019986,12,192
2,312,45,0.018275365651826372,2404.6201502736153,15,512
2,313,148,0.030233977059178335,4780.424676419593,15,512
2,314,508,0.09672477355193182,5128.921286475235,12,192
2,315,43,0.017921188998675952,2343.1585651544915,15,512
2,316,488,0.09503162300647289,5014.778080424238,12,192
2,317,243,0.04301479445715004,5516.815562989504,14,384
2,318,500,0.0932918763002578,5233.909632479444,12,192
2,319,236,0.041414530939297985,5564.924792648313,14,384
2,320,189,0.036565311807189214,5047.688734975072,15,512
2,321,372,0.0678198827075163,5356.559691598206,13,256
2,322,178,0.03430408928796513,5067.271238154804,15,512
2,323,596,0.11453850038225401,5081.533703144038,12,192
2,324,424,0.0795450053463323,5205.38653806366,13,256
2,325,94,0.026234671559927626,3499.0670567500424,15,512
2,326,142,0.03010104515798767,4606.879072542827,15,512
2,327,128,0.02858912999305741,4372.291148081632,15,512
2,328,139,0.03026859380146815,4484.58849427673,15,512
2,329,103,0.025885161938581033,3885.853128470476,15,512
2,330,69,0.020800554742136088,3239.4718955981175,15,512
2,331,64,0.019850772582607975,3148.4920669918233,15,512
2,332,624,0.11859472601182201,5138.297633397753,12,192
2,333,456,0.0863512061903584,5156.992237240129,13,256
2,334,80,0.022352827390187215,3495.083580983429,15,512
2,335,524,0.09742150128761318,5252.626404198755,12,192
2,336,32,0.017388778003284887,1797.1360606304027,15,512
2,337,193,0.03689862399485019,5107.95639767773,15,512
2,338,55,0.020644809791655228,2601.667830415678,15,512
2,339,149,0.030643744476906824,4748.369201735608,15,512
2,340,300,0.053729534101936004,5452.657554114984,14,384
2,341,152,0.03071001402730735,4833.521074526679,15,512
2,342,137,0.030235337149204337,4424.923785032797,15,512
2,343,492,0.09717896357654339,4944.164172131316,12,192
2,344,528,0.0967807410686974,5327.764535652775,12,192
2,345,644,0.11964289703666285,5256.528098005523,12,192
2,346,10,0.012430509796890218,785.6174171105274,15,512
2,347,83,0.023458349387635514,3455.259624648719,15,512
2,348,19,0.014766876726036623,1256.507238750412,15,512
2,349,284,0.05009524615574101,5536.328719451074,14,384
2,350,504,0.09558804529392025,5149.04869627358,12,192
2,351,21,0.014770792130629401,1388.4030266375523,15,512
2,352,272,0.047686023949729,5570.290370193667,14,384
2,353,49,0.01898120542837077,2520.9970294340405,15,512
2,354,183,0.03577543850271101,4995.352816890212,15,512
2,355,600,0.11320817637356355,5175.752483341199,12,192
2,356,90,0.025043741199565674,3509.4846372843153,15,512
2,357,540,0.10182232596706006,5179.0581779736385,12,192
2,358,95,0.026686514303905465,3476.416456772812,15,512
2,359,388,0.07135637153490396,5310.054895583614,13,256
2,360,33,0.016533678117035648,1949.146600767256,15,512
2,361,14,0.013237463928084081,1032.8167898530994,15,512
2,362,248,0.04314652246236211,5613.140669940823,14,384
2,363,736,0.13948874222114357,5152.745580431884,11,128
2,364,168,0.03258417695575958,5035.035877160626,15,512
2,365,27,0.015971312148803363,1650.909283741946,15,512
2,366,256,0.043974535589781545,5685.108362078826,14,384
2,367,384,0.07001672355317995,5355.86329907562,13,256
2,368,20,0.014161075246114188,1379.2208332032833,15,512
2,369,199,0.03706079779560194,5243.706262660707,15,512
2,370,153,0.03150221916940029,4742.969430075374,15,512
2,371,154,0.03142777789903818,4785.277071867132,15,512
2,372,170,0.033976719059061015,4886.158216495787,15,512
2,373,113,0.02645995185314876,4170.512596260377,15,512
2,374,58,0.020169635316244692,2808.212647968972,15,512
2,375,225,0.040676491535538636,5401.807142290705,14,384
2,376,632,0.12058967079755062,5118.079317391554,12,192
2,377,664,0.12405159770695362,5227.159601215296,11,128
2,378,120,0.027208598901932286,4307.002371653824,15,512
2,379,768,0.14253150902071357,5261.994383929558,11,128
2,380,247,0.043511750871532584,5543.581507721204,14,384
2,381,476,0.09661998405335472,4811.0518186724985,13,256
2,382,448,0.08261536716795219,5295.624954502571,13,256
2,383,122,0.02750857043072396,4331.036587307838,15,512
3,0,472,0.09506471815707179,4848.670557655371,13,256
3,1,130,0.028769227044348363,4412.8097291004415,15,512
3,2,170,0.033260608149029244,4991.358674385675,15,512
3,3,480,0.10134085433099183,4625.479063645983,13,256
3,4,162,0.03297196066021704,4798.110935237256,15,512
3,5,17,0.013973915404101077,1188.0394306042356,15,512
3,6,167,0.03303063161985219,4937.415044827102,15,512
3,7,40,0.01695037143775143,2304.521770714771,15,512
3,8,376,0.07010293971843394,5237.833127609142,13,256
3,9,161,0.03225356337013205,4874.703631834906,15,512
3,10,348,0.06441687215934082,5275.694683830138,13,256
3,11,203,0.03806420387466799,5208.1001917902095,15,512
3,12,716,0.13134127154915265,5323.678853971861,11,128
3,13,620,0.11778684023418337,5140.376877384682,12,192
3,14,32,0.017388047897399575,1797.2115204877894,15,512
3,15,107,0.026092404390381123,4004.697533299028,15,512
3,16,240,0.041845160937902526,5601.006060122659,14,384
3,17,624,0.11993450435899534,5080.898139004112,12,192
3,18,66,0.019937232967146837,3232.801919213552,15,512
3,19,163,0.03258702362760421,4884.756868840274,15,512
3,20,584,0.110020228215836,5183.705844357727,12,192
3,21,214,0.03870459931559303,5399.471346957102,15,512
3,22,178,0.0351008199283206,4952.252550082148,15,512
3,23,127,0.02855930476696402,4342.663048417906,15,512
3,24,141,0.03139682048908238,4385.645118042472,15,512
3,25,219,0.039591740886802985,5401.813173900818,15,512
3,26,205,0.037912490436838336,5280.457975545619,15,512
3,27,332,0.060594332720606756,5350.644778859667,13,256
3,28,182,0.03551557398627197,5004.406660264048,15,512
3,29,104,0.025680716064099902,3954.8157359201628,15,512
3,30,173,0.03426077407775928,4931.158651481624,15,512
3,31,580,0.1100698340750952,5145.880837919398,12,192
3,32,464,0.09425683331815483,4807.343765417201,13,256
3,33,191,0.0359482968223175,5188.65854540853,15,512
3,34,243,0.04255292060225617,5576.695656641205,14,384
3,35,428,0.07951600301692442,5256.410460055925,13,256
3,36,688,0.1306245527388012,5143.55828144722,11,128
3,37,296,0.05203327901455873,5555.338919139063,14,384
3,38,13,0.01342436418227654,945.6919022474772,15,512
3,39,600,0.11508268046085711,5091.448145399203,12,192
3,40,201,0.037489221309513265,5235.879958119847,15,512
3,41,38,0.01748650268394203,2122.172493306954,15,512
3,42,220,0.039435606452416026,5447.963638120686,15,512
3,43,696,0.13178286508268627,5157.631833042442,11,128
3,44,628,0.1191333997865128,5147.853172149882,12,192
3,45,91,0.025333722209034966,3507.861449128332,15,512
3,46,80,0.022426394616237442,3483.6183584959726,15,512
3,47,49,0.01926077312366952,2484.405075162602,15,512
3,48,7,0.012130720004692796,563.5228162347744,15,512
3,49,99,0.026278138923955262,3679.091878605847,15,512
3,50,126,0.02804542311282796,4387.413750364081,15,512
3,51,604,0.11634216738915808,5069.905118984121,12,192
3,52,752,0.13923667704824963,5274.292776647617,11,128
3,53,207,0.03791898505821738,5331.061398126548,15,512
3,54,102,0.026610736647620398,3743.2024644423864,15,512
3,55,184,0.03462640538765934,5189.320057577782,15,512
3,56,21,0.014900905740128768,1376.2795938485535,15,512
3,57,684,0.12981156235918503,5145.679921421397,11,128
3,58,264,0.04634958499621833,5562.347538193383,14,384
3,59,45,0.018223352530212983,2411.483420909621,15,512
3,60,188,0.035894787844960356,5114.774623908987,15,512
3,61,210,0.03824796962488851,5361.804221538408,15,512
3,62,129,0.028488488736583183,4422.0163331524345,15,512
3,63,11,0.01262806044762869,850.6601266718817,15,512
3,64,364,0.06865333190873951,5177.734861762028,13,256
3,65,76,0.02152845420330239,3447.4723219382417,15,512
3,66,484,0.09592241366280436,4927.484953219864,12,192
3,67,47,0.018608564248988102,2466.5222359911977,15,512
3,68,87,0.02425026033842327,3503.506202173996,15,512
3,69,520,0.09636901550105041,5269.458210813255,12,192
3,70,164,0.03203306647176017,4999.716469267503,15,512
3,71,616,0.11485608236109338,5237.532811791034,12,192
3,72,67,0.020479839484112673,3194.8340000788276,15,512
3,73,117,0.02678817889872056,4265.232546489269,15,512
3,74,151,0.031001769189411478,4756.532977168434,15,512
3,75,732,0.1375887651512022,5195.50959858116,11,128
3,76,668,0.12709380784026483,5132.773666045827,11,128
3,77,392,0.07414845718986354,5162.784426111193,13,256
3,78,227,0.0410618672089599,5398.675281177384,14,384
3,79,61,0.020137244006611987,2958.2157558621384,15,512
3,80,652,0.12337910712285242,5160.669134734451,11,128
3,81,2,0.010233455650151031,190.8568392506958,15,512
3,82,77,0.021902213107240092,3433.2289678591023,15,512
3,83,237,0.0426513862039226,5426.442915440676,14,384
3,84,388,0.07135732616799384,5309.983856569337,13,256
3,85,448,0.08277956365949314,5285.120875964265,13,256
3,86,588,0.11122507741950245,5162.673412527697,12,192
3,87,110,0.026082496973583367,4118.542603831145,15,512
3,88,284,0.05003957841146104,5542.48774279196,14,384
3,89,157,0.031595519936239075,4852.596596270802,15,512
3,90,229,0.04159142900447262,5376.896583090501,14,384
3,91,25,0.015534260447044803,1571.6269585685018,15,512
3,92,360,0.06520573979972265,5391.588241768486,13,256
3,93,111,0.02626804981230799,4126.626768052249,15,512
3,94,250,0.04343476416170833,5620.857617438891,14,384
3,95,217,0.03919801441578067,5406.24482281648,15,512
3,96,34,0.016676266575860844,1991.0406714211465,15,512
3,97,424,0.07957409350884154,5203.483718655158,13,256
3,98,404,0.07458268941912637,5289.850139123897,13,256
3,99,172,0.03353114435436599,5009.335447214742,15,512
3,100,198,0.03835369810987478,5041.47929740878,15,512
3,101,95,0.02651926560429837,3498.341126194793,15,512
3,102,664,0.12405474663558366,5227.026918242911,11,128
3,103,158,0.031994883606901704,4822.5484079184525,15,512
3,104,249,0.043255718142312834,5621.54722989413,14,384
3,105,108,0.02621652459236802,4022.9874722106892,15,512
3,106,181,0.03559157257510166,4966.282738056148,15,512
3,107,18,0.013903400112415271,1264.3040449007378,15,512
3,108,304,0.05550841482700181,5348.288199640436,14,384
3,109,179,0.0344278959175442,5077.414196867047,15,512
3,110,255,0.04455790023041816,5588.760606138262,14,384
3,111,195,0.03781570273931482,5035.730495681657,15,512
3,112,468,0.09320722550342603,4903.388632496102,13,256
3,113,328,0.05890501920245843,5437.7794004119705,13,256
3,114,764,0.14160185566860345,5268.954608519492,11,128
3,115,420,0.07906537814355168,5187.558190834392,13,256
3,116,139,0.029971508925251033,4529.040824689245,15,512
3,117,756,0.1377212890482967,5360.690820582548,11,128
3,118,41,0.017902147640603102,2236.5507928886195,15,512
3,119,380,0.07231971945370087,5131.294103506229,13,256
3,120,247,0.04294362771330368,5616.920375482724,14,384
3,121,168,0.032962623265909805,4977.2282587009595,15,512
3,122,676,0.12930490510173742,5105.423104255692,11,128
3,123,30,0.016222445671684127,1805.9468709540486,15,512
3,124,504,0.09507073268673832,5177.066444010446,12,192
3,125,146,0.03049446996725262,4675.540357091358,15,512
3,126,216,0.03884971157030548,5429.576989735715,15,512
3,127,215,0.0392805051563166,5345.168975410611,15,512
3,128,106,0.02573521195113054,4022.334270903589,15,512
3,129,119,0.027085173091090636,4290.573927999976,15,512
3,130,408,0.07616476524830194,5231.257507340417,13,256
3,131,39,0.01716381059809356,2218.9674770840415,15,512
3,132,79,0.022586646919237403,3415.665803598827,15,512
3,133,692,0.13139523388762997,5143.118437446006,11,128
3,134,239,0.04183895930768348,5578.495291519781,14,384
3,135,512,0.09450956823292297,5290.46962491383,12,192
3,136,142,0.029974704546174003,4626.296642436804,15,512
3,137,276,0.04948750170694053,5446.450936160286,14,384
3,138,352,0.06511131619530564,5279.420231176091,13,256
3,139,500,0.09616398579157885,5077.589556845918,12,192
3,140,209,0.03859524368577732,5288.256868169826,15,512
3,141,96,0.026687238957124226,3512.9149235190253,15,512
3,142,183,0.03587480443003681,4981.516703415703,15,512
3,143,260,0.0449206392848812,5652.329397846669,14,384
3,144,28,0.015510175228684041,1762.9555821800975,15,512
3,145,225,0.04061931686209481,5409.4105828019165,14,384
3,146,177,0.03445384677912087,5016.901700646923,15,512
3,147,116,0.026516836572057632,4272.049936732317,15,512
3,148,175,0.0339910872648092,5027.742601129747,15,512
3,149,194,0.036074752725642395,5251.68187404745,15,512
3,150,720,0.13347859488787464,5267.698544404387,11,128
3,151,10,0.012352092045763744,790.6049407516523,15,512
3,152,24,0.014705948306485306,1593.7428523167112,15,512
3,153,452,0.08265033168989391,5340.647048534144,13,256
3,154,160,0.03346609507587085,4668.904443310947,15,512
3,155,124,0.027697073659409297,4372.07740749398,15,512
3,156,241,0.04258264406572577,5526.936329663745,14,384
3,157,78,0.022462821132392945,3391.0199681087643,15,512
3,158,115,0.026884360450513796,4177.324125181252,15,512
3,159,192,0.03727594993110232,5030.052898626566,15,512
3,160,31,0.01630267216288365,1856.961680731312,15,512
3,161,145,0.03070673947349484,4611.416416328615,15,512
3,162,52,0.020219162804519502,2511.5406849906312,15,512
3,163,137,0.0305557473592971,4378.523651436476,15,512
3,164,272,0.04766829532620125,5572.362052854806,14,384
3,165,246,0.043536471410657446,5518.0028885205475,14,384
3,166,84,0.023326432375256584,3516.6650724957967,15,512
3,167,97,0.026580208626985083,3563.800564147211,15,512
3,168,35,0.016808668016228056,2033.456039883765,15,512
3,169,159,0.03202834628245867,4848.0004596753215,15,512
3,170,180,0.034270372816898154,5129.248255896568,15,512
3,171,564,0.10667761046196844,5163.044500292389,12,192
3,172,636,0.11938169620451017,5202.587747924254,12,192
3,173,128,0.028598224971011835,4370.900645991294,15,512
3,174,176,0.03359455639736647,5116.1562595740525,15,512
3,175,356,0.06651243046917975,5226.93649213579,13,256
3,176,336,0.0598648676633285,5481.094551905273,13,256
3,177,492,0.09608244798817908,5000.5881413336965,12,192
3,178,256,0.043758751486703426,5713.142891564565,14,384
3,179,169,0.03365986874121839,4903.140406424119,15,512
3,180,213,0.03902686925451875,5329.861617734446,15,512
3,181,58,0.02007185526210851,2821.8928574542742,15,512
3,182,208,0.037812676607109505,5371.875736556788,15,512
3,183,308,0.05856576915678937,5135.785875103311,14,384
3,184,5,0.011396468443464267,428.4496135116517,15,512
3,185,460,0.09091583386592178,4941.039760604141,13,256
3,186,51,0.020150076701919564,2471.6872415307203,15,512
3,187,231,0.04117341749145542,5478.921868625918,14,384
3,188,245,0.04309664097627302,5551.658019745068,14,384
3,189,136,0.029820651690177905,4453.708838420347,15,512
3,190,456,0.08649142521814415,5148.631773344653,13,256
3,191,140,0.030281355681708342,4514.948123098263,15,512
3,192,54,0.02077280568367158,2538.6255377843227,15,512
3,193,189,0.03662426297509181,5039.563871238212,15,512
3,194,19,0.01433767523256193,1294.1210620994484,15,512
3,195,648,0.12191064883498914,5190.78936948762,12,192
3,196,234,0.041226756226105325,5542.896068434821,14,384
3,197,199,0.03776169683166848,5146.377250108688,15,512
3,198,235,0.041505315528153945,5529.224018170167,14,384
3,199,202,0.03759195971344669,5247.548318941133,15,512
3,200,206,0.037888030612772086,5309.64190395752,15,512
3,201,148,0.03014396945456633,4794.698661629178,15,512
3,202,149,0.030857411055087144,4715.4899754952585,15,512
3,203,476,0.09519472668536463,4883.082983539525,13,256
3,204,222,0.040363346204793385,5371.132361029426,15,512
3,205,230,0.041184180501411774,5453.777937679262,14,384
3,206,248,0.04353994454251953,5562.4209572313175,14,384
3,207,171,0.03426265622742882,4873.883285392074,15,512
3,208,242,0.04231545460221833,5584.912822550908,14,384
3,209,152,0.03088621382217222,4805.946784368937,15,512
3,210,71,0.021560962279145487,3215.8090442495754,15,512
3,211,56,0.01977864052898726,2764.9777000522795,15,512
3,212,42,0.01768794849144936,2318.8457960417295,15,512
3,213,400,0.07430793778011038,5256.840812295514,13,256
3,214,320,0.05677853478646583,5503.840512532738,13,256
3,215,416,0.07962897173041524,5101.786336954895,13,256
3,216,62,0.019772123048985304,3062.2343817098204,15,512
3,217,123,0.027956953902237194,4296.5048309640015,15,512
3,218,122,0.027358159240735366,4354.8479980555,15,512
3,219,708,0.13253420473809466,5216.813662301829,11,128
3,220,154,0.03160086007646354,4759.067463230585,15,512
3,221,576,0.10896692400730094,5162.1169003753075,12,192
3,222,73,0.02159096723654777,3301.8003185761204,15,512
3,223,223,0.039939293651802855,5452.611140261609,15,512
3,224,165,0.03266040352196652,4933.583027889607,15,512
3,225,204,0.03766215187458878,5289.627386756301,15,512
3,226,120,0.027061049063793464,4330.486217431678,15,512
3,227,444,0.0823055654088367,5268.097580597477,13,256
3,228,516,0.09556584652026419,5272.869632281754,12,192
3,229,134,0.02966829826850366,4410.747587060711,15,512
3,230,196,0.03693240716906133,5182.609655629029,15,512
3,231,132,0.029089315218580644,4431.395137059185,15,512
3,232,59,0.019619440124610393,2936.739638544817,15,512
3,233,232,0.04069719830115286,5567.029413756523,14,384
3,234,712,0.13262037187803072,5242.878527285915,11,128
3,235,568,0.10844512839529641,5114.913949643666,12,192
3,236,174,0.03387976452681834,5015.438488821086,15,512
3,237,82,0.022840780905669402,3505.9276357807666,15,512
3,238,6,0.01164202303515493,503.295259106316,15,512
3,239,253,0.044622316235841585,5536.922628448137,14,384
3,240,53,0.02095104764599043,2470.4164380966076,15,512
3,241,233,0.04124140974148984,5517.247444407563,14,384
3,242,212,0.03826843781567162,5409.973905838846,15,512
3,243,15,0.013725122829282479,1067.2718694180014,15,512
3,244,344,0.06096599839330847,5510.243559578481,13,256
3,245,368,0.06912415009376739,5198.978931567409,13,256
3,246,100,0.025982521410404257,3758.536304367105,15,512
3,247,23,0.015021589385081953,1495.2437404730365,15,512
3,248,544,0.10454782495118096,5081.40652613356,12,192
3,249,185,0.036242836992520455,4984.821208595899,15,512
3,250,560,0.10498269377985749,5209.191918305741,12,192
3,251,1,0.009244164062500003,105.64097449995899,15,512
3,252,608,0.1204029642347226,4931.356995850194,12,192
3,253,700,0.1322585786667969,5168.615577838612,11,128
3,254,197,0.03832315266029618,5020.015294809338,15,512
3,255,103,0.025961127196615266,3874.4826731989547,15,512
3,256,9,0.012373072078287086,710.3379374491406,15,512
3,257,166,0.03290722132708653,4926.255346469039,15,512
3,258,186,0.03693133108648448,4918.334098888568,15,512
3,259,81,0.02307904209579208,3427.4196551000837,15,512
3,260,488,0.09805425547627356,4860.191918088808,12,192
3,261,524,0.09809507430694549,5216.559074095818,12,192
3,262,43,0.018334639606968434,2290.319766309454,15,512
3,263,156,0.031238673162546995,4876.767627334749,15,512
3,264,94,0.026284789618587007,3492.39527240069,15,512
3,265,396,0.07574034514529389,5105.8487950926465,13,256
3,266,114,0.026498964311078614,4201.225515574442,15,512
3,267,226,0.040549048429850104,5442.868169442167,14,384
3,268,552,0.10331588688011026,5217.614795539997,12,192
3,269,292,0.051613190229913855,5524.871621571065,14,384
3,270,412,0.07619231320082495,5280.6343986369975,13,256
3,271,125,0.02785718010785728,4382.005358308659,15,512
3,272,131,0.02907008738203955,4400.732815789165,15,512
3,273,65,0.020124167836075846,3154.2453341204964,15,512
3,274,150,0.031300957965097354,4679.868749171824,15,512
3,275,218,0.03960535989426884,5375.298332557425,15,512
3,276,640,0.12078440856659683,5174.508923934451,12,192
3,277,4,0.009382591357636742,416.329545975654,15,512
3,278,109,0.02698612251579297,3944.446351553673,15,512
3,279,280,0.04987498308420876,5482.457999801804,14,384
3,280,36,0.017175815324265927,2046.8460644387217,15,512
3,281,69,0.02122863215804169,3174.147632233313,15,512
3,282,68,0.019870498491820165,3341.951890504238,15,512
3,283,432,0.07982638959361485,5284.906434422344,13,256
3,284,316,0.05731033885195522,5384.60871426992,13,256
3,285,228,0.040567409118354214,5488.549918246122,14,384
3,286,244,0.042710382861915384,5579.000562237387,14,384
3,287,224,0.03996080341711902,5474.114164238463,15,512
3,288,63,0.01996194731756463,3082.035861594784,15,512
3,289,138,0.03018610324111102,4464.492283868564,15,512
3,290,143,0.030514468726427702,4576.46629053235,15,512
3,291,251,0.045081082191217474,5437.251627197024,14,384
3,292,187,0.03545894179777761,5150.102576141896,15,512
3,293,105,0.026210411717094356,3912.1500114828154,15,512
3,294,29,0.01603406532686915,1766.2590193231981,15,512
3,295,147,0.030816942937585048,4658.3039658004955,15,512
3,296,572,0.10959547197096507,5096.868875641023,12,192
3,297,536,0.09882242259850636,5296.748311125813,12,192
3,298,268,0.047561803734199895,5502.708674856415,14,384
3,299,760,0.14105662170436056,5261.628210234219,11,128
3,300,300,0.053437889341695764,5482.416195869594,14,384
3,301,37,0.01720222670798617,2100.4729860480948,15,512
3,302,644,0.12101298289047119,5197.01469196262,12,192
3,303,312,0.06006640691532443,5072.5108367064095,13,256
3,304,740,0.13985909173116143,5167.030909861028,11,128
3,305,340,0.06159388523413081,5390.652801619545,13,256
3,306,60,0.019740196600309463,2968.245513779809,15,512
3,307,98,0.026392670945216367,3626.1250404952307,15,512
3,308,252,0.0439942438433287,5593.771559670021,14,384
3,309,89,0.025386228217816026,3423.6697848246636,15,512
3,310,133,0.030502242304654308,4258.1398181399045,15,512
3,311,33,0.016426646841586384,1961.8466757569715,15,512
3,312,93,0.025947992949034576,3500.090071643829,15,512
3,313,238,0.042119901010690367,5518.101168875242,14,384
3,314,22,0.014793789112349211,1452.2564054982897,15,512
3,315,508,0.09674058077739,5128.083230568593,12,192
3,316,372,0.06784202225037893,5354.811633699066,13,256
3,317,83,0.023580380836016265,3437.3782197867845,15,512
3,318,540,0.10204062726133648,5167.978325431289,12,192
3,319,236,0.04173579583109718,5522.088303591868,14,384
3,320,27,0.01578821115521731,1670.0554129140085,15,512
3,321,12,0.01260852251935708,929.430865671131,15,512
3,322,596,0.11519216681391,5052.698166015547,12,192
3,323,44,0.017827280008880123,2410.2807595211616,15,512
3,324,532,0.10007841404392287,5191.241837345521,12,192
3,325,26,0.01547870075416893,1640.3589295543077,15,512
3,326,155,0.03173823777023128,4769.237302833937,15,512
3,327,436,0.08076529347347534,5271.834369546786,13,256
3,328,88,0.024460864627866993,3513.2650177089763,15,512
3,329,612,0.11551596104375805,5173.798015441387,12,192
3,330,121,0.027713922961304323,4263.707547465837,15,512
3,331,48,0.018379204757858307,2550.436790795199,15,512
3,332,324,0.06118908402516487,5170.9590859355485,13,256
3,333,153,0.03145559422508488,4749.999679893087,15,512
3,334,660,0.12336906832554503,5224.4153153464495,11,128
3,335,86,0.02394915010181058,3506.77893131793,15,512
3,336,736,0.1399687826511838,5135.073595597362,11,128
3,337,92,0.02543963769297914,3531.6442429050467,15,512
3,338,254,0.04469641751198768,5549.591864571099,14,384
3,339,112,0.02624061435185472,4168.156984947619,15,512
3,340,200,0.03748304858296361,5210.6887615531705,15,512
3,341,193,0.037301049708146086,5052.848752908931,15,512
3,342,70,0.021488324034767733,3181.2334405138217,15,512
3,343,85,0.024247950586030083,3423.2918862769006,15,512
3,344,20,0.013859759715111839,1409.205527474211,15,512
3,345,744,0.1404973932962361,5171.359289691993,11,128
3,346,548,0.10300568318028787,5195.405083264498,12,192
3,347,144,0.03023018477346849,4651.807491544659,15,512
3,348,57,0.020280269313509982,2744.7398079136265,15,512
3,349,211,0.0393541255732617,5235.9107081774255,15,512
3,350,440,0.0818391299357096,5250.3918399126405,13,256
3,351,16,0.013720874101550184,1138.775845063303,15,512
3,352,221,0.04054343502993388,5323.187646548852,15,512
3,353,50,0.01995072859954973,2447.435679171236,15,512
3,354,135,0.030175411206645502,4368.985615379647,15,512
3,355,118,0.027176576675968143,4240.209367572778,15,512
3,356,90,0.02522213137680556,3484.6628814575442,15,512
3,357,680,0.12552186525429507,5290.4129384523885,11,128
3,358,592,0.11337846533096689,5099.07237068676,12,192
3,359,632,0.11861017659539425,5203.49532996114,12,192
3,360,14,0.013385894041850583,1021.3643524485781,15,512
3,361,72,0.021264410498453193,3306.5812007868567,15,512
3,362,496,0.09605511878220753,5042.6776432212555,12,192
3,363,64,0.020020476838613823,3121.8037664045655,15,512
3,364,768,0.14454750578901535,5188.605613816098,11,128
3,365,556,0.10667080671549987,5090.1344680756365,12,192
3,366,101,0.026470748705511547,3726.105883792527,15,512
3,367,528,0.09996747774639386,5157.927474253997,12,192
3,368,656,0.12371157527176031,5178.375577165863,11,128
3,369,74,0.02188869247897533,3301.5048783481725,15,512
3,370,75,0.022182422952019953,3301.811874132104,15,512
3,371,8,0.011740771819236813,665.4162196730127,15,512
3,372,3,0.011301049052984772,259.24031355533555,15,512
3,373,384,0.07077179947863016,5298.720715914999,13,256
3,374,728,0.1370572611115184,5187.156771077868,11,128
3,375,288,0.052562908190046366,5350.731336689229,14,384
3,376,748,0.13923643567926286,5246.247122288209,11,128
3,377,55,0.02067823078721393,2597.462909312887,15,512
3,378,724,0.13343200491807441,5298.813057887486,11,128
3,379,46,0.018594950765936476,2415.8103759161877,15,512
3,380,672,0.12542877891431273,5232.052848480015,11,128
3,381,704,0.13556476357148448,5071.3768230597425,11,128
3,382,190,0.03711375610497905,4999.409773431897,15,512
3,383,113,0.027208984237454166,4055.703128678248,15,512
4,0,73,0.021977646569321576,3243.7077498330436,15,512
4,1,31,0.01611219557828322,1878.91447524408,15,512
4,2,218,0.04030822032521033,5281.568456319316,15,512
4,3,66,0.020477368877394323,3147.5296160314833,15,512
4,4,63,0.020427315940835553,3011.821899567852,15,512
4,5,32,0.017301884951748343,1806.161588009069,15,512
4,6,376,0.06949160445406298,5283.911673714875,13,256
4,7,87,0.02427771539690263,3499.5441750190125,15,512
4,8,106,0.025896472583800303,3997.2866831583397,15,512
4,9,242,0.04254518115235651,5554.756581096615,14,384
4,10,624,0.11799843233161558,5164.263524175048,12,192
4,11,253,0.04505592918943127,5483.635937486227,14,384
4,12,155,0.032791625197068325,4616.031885895448,15,512
4,13,158,0.032329636428352175,4772.613986610935,15,512
4,14,181,0.03512354840730291,5032.458863502766,15,512
4,15,55,0.02058803870597911,2608.8418749864427,15,512
4,16,72,0.021085622072711502,3334.6182416404363,15,512
4,17,468,0.0920542409688662,4964.803850314438,13,256
4,18,27,0.016136831250934323,1633.9755364593864,15,512
4,19,4,0.01078883203125,362.0642149850413,15,512
4,20,372,0.06749657056265737,5382.217895985758,13,256
4,21,42,0.017493893231255515,2344.5681563163603,15,512
4,22,113,0.026566266569853274,4153.822751489822,15,512
4,23,6,0.011410641392638145,513.5009328906191,15,512
4,24,216,0.03947957202264204,5342.953056305288,15,512
4,25,532,0.10012896566802354,5188.620960317317,12,192
4,26,256,0.044418703574267075,5628.259716810636,14,384
4,27,198,0.037311716049116365,5182.2696856254415,15,512
4,28,684,0.13805584722446193,4838.395210555366,11,128
4,29,159,0.0368110943158207,4218.1152281926725,15,512
4,30,552,0.10486925968847897,5140.329030655128,12,192
4,31,51,0.020914746189657576,2381.3192399450973,15,512
4,32,324,0.06276609973108059,5041.037301276211,13,256
4,33,77,0.023116960649452376,3252.82002423538,15,512
4,34,744,0.14176535719821523,5125.106121547918,11,128
4,35,336,0.06057626348784618,5416.725646437963,13,256
4,36,608,0.11886482433467274,4995.169961537593,12,192
4,37,296,0.05211557034795818,5546.56694861107,14,384
4,38,284,0.05022164947371918,5522.394284264459,14,384
4,39,225,0.04051799391539917,5422.9378423518465,14,384
4,40,38,0.016878576246568595,2198.6081324569254,15,512
4,41,48,0.018530258729220716,2529.6462766643363,15,512
4,42,612,0.11675839765132774,5118.743165564534,12,192
4,43,520,0.09559387169742552,5312.186764517,12,192
4,44,250,0.04492601580839037,5434.281687502865,14,384
4,45,436,0.08302396819594517,5128.413628641697,13,256
4,46,86,0.023730346305182084,3539.1129113720526,15,512
4,47,232,0.040341636293858514,5616.095944885884,14,384
4,48,238,0.042185980304575085,5509.4577232046395,14,384
4,49,644,0.11931979646104948,5270.762008090576,12,192
4,50,25,0.015257567799086071,1600.128069000775,15,512
4,51,392,0.07534724271996353,5080.643779132908,13,256
4,52,760,0.14034321278396064,5288.374729902308,11,128
4,53,720,0.1353341671235504,5195.472916740215,11,128
4,54,176,0.03447347219801702,4985.717684970723,15,512
4,55,768,0.14422060566900866,5200.366456103203,11,128
4,56,65,0.020627649463859532,3077.256214345385,15,512
4,57,142,0.030744492455743636,4510.462327508469,15,512
4,58,464,0.09248385494358613,4899.503813680777,13,256
4,59,169,0.03359401507223751,4912.7519334951485,15,512
4,60,668,0.12335510392651908,5288.340159711528,11,128
4,61,80,0.022510741962615582,3470.5653029893488,15,512
4,62,260,0.044879716032985295,5657.483434462603,14,384
4,63,8,0.011948522620639222,653.8465254696105,15,512
4,64,130,0.029584143887965642,4291.255663194719,15,512
4,65,103,0.025700047830298233,3913.8424241147713,15,512
4,66,171,0.033124784070857324,5041.306447244652,15,512
4,67,194,0.03665740127268356,5168.209377165453,15,512
4,68,191,0.03644943260545446,5117.320741834751,15,512
4,69,134,0.030410382678936754,4303.115037438762,15,512
4,70,46,0.01825213409158937,2461.1848003406963,15,512
4,71,116,0.026434110100324124,4285.419466366337,15,512
4,72,193,0.03634570370729174,5185.662768229398,15,512
4,73,560,0.10564835802972161,5176.370084674198,12,192
4,74,688,0.1300129341733597,5167.75507200014,11,128
4,75,150,0.030734106922173737,4766.182904580055,15,512
4,76,136,0.029723128330404407,4468.321723193024,15,512
4,77,90,0.025708050325434665,3418.7977651904635,15,512
4,78,34,0.016627542101642023,1996.875112210426,15,512
4,79,680,0.12602652255746927,5269.228147568551,11,128
4,80,254,0.04505908254121485,5504.925111893153,14,384
4,81,736,0.13955474888057073,5150.308432822287,11,128
4,82,52,0.02030615485036423,2500.7811855177074,15,512
4,83,62,0.019885463521270626,3044.780672838509,15,512
4,84,58,0.020217410173809847,2801.5766862846617,15,512
4,85,121,0.027714547092059266,4263.6115289019535,15,512
4,86,178,0.03426660081431711,5072.814953018975,15,512
4,87,516,0.09854007529437958,5113.718946272626,12,192
4,88,69,0.021002587647190915,3208.310025027436,15,512
4,89,368,0.06923138582833892,5190.925989710505,13,256
4,90,117,0.02677369490374779,4267.539945859552,15,512
4,91,195,0.036949322239838815,5153.807321929126,15,512
4,92,444,0.08210559465821533,5280.928197462552,13,256
4,93,94,0.02608809398973378,3518.7267815013247,15,512
4,94,604,0.11709930302722266,5037.124344479455,12,192
4,95,126,0.02846631577592602,4322.5430353744905,15,512
4,96,540,0.10152649898648523,5194.148870140767,12,192
4,97,177,0.034704137704570155,4980.719128406332,15,512
4,98,400,0.07283406494332895,5363.218437745294,13,256
4,99,416,0.07965556536516002,5100.083065604437,13,256
4,100,432,0.08059560831123413,5234.466354182171,13,256
4,101,660,0.12213537010658333,5277.187512819094,11,128
4,102,133,0.029152915273234895,4455.225533456154,15,512
4,103,364,0.06870441273375649,5173.885284159453,13,256
4,104,99,0.026377191208750067,3665.2760612331076,15,512
4,105,620,0.11844890809705151,5111.644841030591,12,192
4,106,11,0.012503941792196426,859.1040872170472,15,512
4,107,716,0.13468787150667189,5191.4009938553645,11,128
4,108,114,0.026350669725627645,4224.868899317825,15,512
4,109,214,0.038815581266784145,5384.033117103808,15,512
4,110,137,0.030268638278055093,4420.05554630443,15,512
4,111,180,0.034824868152222674,5047.578334873922,15,512
4,112,36,0.01643595492339842,2138.984328190822,15,512
4,113,45,0.018535202431915566,2370.910847152715,15,512
4,114,348,0.06512432532205042,5218.384195451042,13,256
4,115,628,0.1181630429506979,5190.12742635516,12,192
4,116,84,0.023192116906830262,3537.0315840310873,15,512
4,117,164,0.032347489779332016,4951.118343109568,15,512
4,118,209,0.038133411086993765,5352.3027886066375,15,512
4,119,124,0.027532235713415468,4398.253424112426,15,512
4,120,244,0.04242776839929889,5616.162692260231,14,384
4,121,712,0.13428441719356787,5177.909056995967,11,128
4,122,524,0.097931586237468,5225.267655311598,12,192
4,123,708,0.13424359003332792,5150.385577652894,11,128
4,124,13,0.012986868113077516,977.5499673563385,15,512
4,125,2,0.0088312333984375,221.1610668500239,15,512
4,126,128,0.028994869004938684,4311.10759557868,15,512
4,127,504,0.09587488707282862,5133.643595596872,12,192
4,128,584,0.10789157391381954,5285.978128890288,12,192
4,129,165,0.03238155745989005,4976.067401933641,15,512
4,130,21,0.01471936142880342,1393.2542250011957,15,512
4,131,138,0.03054601854356502,4411.888403976315,15,512
4,132,92,0.025297599040902195,3551.473396931343,15,512
4,133,68,0.020280130359197502,3274.4488730509192,15,512
4,134,217,0.039510613795234135,5363.471790093061,15,512
4,135,82,0.023110128417396403,3465.066206197293,15,512
4,136,500,0.09470847393863899,5155.623670130661,12,192
4,137,576,0.11088248237684897,5072.938375317648,12,192
4,138,272,0.04772413661252125,5565.841916777782,14,384
4,139,154,0.031296251669054545,4805.387769446681,15,512
4,140,88,0.024382239104976527,3524.5942601908027,15,512
4,141,152,0.030717807095179007,4832.29481649087,15,512
4,142,632,0.12276518443986678,5027.382175296716,12,192
4,143,596,0.11688264644375304,4979.620736771121,12,192
4,144,211,0.03967927008508224,5193.00599678793,15,512
4,145,240,0.041670628905218124,5624.46514865656,14,384
4,146,328,0.05931227460489676,5400.442018683858,13,256
4,147,229,0.041026935484161836,5450.877816266143,14,384
4,148,43,0.01772890071382073,2368.5725459145133,15,512
4,149,3,0.01080539780329461,271.1318503337958,15,512
4,150,104,0.025776338865853034,3940.144507276942,15,512
4,151,71,0.021392613044605362,3241.1158634725384,15,512
4,152,78,0.02219269224481487,3432.2953772225133,15,512
4,153,440,0.082505992568327,5207.955042103834,13,256
4,154,276,0.050441730727962056,5343.4179618778835,14,384
4,155,139,0.030123675353214953,4506.162873831161,15,512
4,156,129,0.029192691578749933,4315.345920062451,15,512
4,157,59,0.019995855082845813,2881.4565449331067,15,512
4,158,472,0.09282991127078923,4965.398476525778,13,256
4,159,203,0.03796814133390447,5221.277116427486,15,512
4,160,592,0.11294517319420487,5118.633967703395,12,192
4,161,125,0.027912571735986318,4373.309405332247,15,512
4,162,26,0.015410274596690489,1647.6426062811945,15,512
4,163,163,0.0323651073261786,4918.249950348445,15,512
4,164,145,0.030281762987720822,4676.133372994798,15,512
4,165,696,0.12857223712471813,5286.425088339149,11,128
4,166,616,0.11566987528768391,5200.6842620331945,12,192
4,167,412,0.07663632034779484,5250.040035508792,13,256
4,168,428,0.08031997974174866,5203.795510704648,13,256
4,169,50,0.019392451405492152,2517.893379182136,15,512
4,170,740,0.13995658450505977,5163.431592415534,11,128
4,171,210,0.03845194100061329,5333.362105094489,15,512
4,172,146,0.0306738901989119,4648.1918033682505,15,512
4,173,188,0.03575272438732278,5135.098181919216,15,512
4,174,248,0.04342889480205431,5576.644331012169,14,384
4,175,79,0.022490440669697548,3430.2768288549278,15,512
4,176,147,0.031149306599061375,4608.599778729127,15,512
4,177,360,0.06528190608606904,5385.297719960759,13,256
4,178,144,0.02979484052123562,4719.776898949085,15,512
4,179,172,0.0338542570414578,4961.525216586679,15,512
4,180,344,0.061492309728892,5463.081505331075,13,256
4,181,456,0.0861256231488193,5170.499599527191,13,256
4,182,223,0.040060320291649125,5436.13820145608,15,512
4,183,98,0.026358120415970337,3630.8782071582636,15,512
4,184,53,0.020910923054893935,2475.156757266473,15,512
4,185,568,0.10833953503613751,5119.899211446492,12,192
4,186,20,0.013609053312048355,1435.1659554973314,15,512
4,187,132,0.029286129831397396,4401.614373156291,15,512
4,188,312,0.058897884534886105,5173.148448473205,13,256
4,189,512,0.0944186193541643,5295.565677829917,12,192
4,190,22,0.01451963836935194,1479.6770038948926,15,512
4,191,39,0.0171892192032125,2215.6874637378587,15,512
4,192,245,0.04267653255067129,5606.308624439464,14,384
4,193,288,0.05363809849255805,5243.474468786802,14,384
4,194,292,0.051177681761852035,5571.886810483787,14,384
4,195,388,0.07160062291254982,5291.940692510192,13,256
4,196,300,0.05398938630042722,5426.413783808499,14,384
4,197,141,0.03028369476858739,4546.846530854231,15,512
4,198,704,0.13595991126851195,5056.637604317293,11,128
4,199,352,0.06595145147653302,5212.167318596677,13,256
4,200,580,0.11001841425222429,5148.285892409585,12,192
4,201,255,0.045634205202870946,5456.946963203238,14,384
4,202,35,0.016780677984140197,2036.847827739976,15,512
4,203,101,0.02586700312460011,3813.0745964227276,15,512
4,204,508,0.09574863303330536,5181.209739333176,12,192
4,205,187,0.03654569913623757,4996.954274132972,15,512
4,206,308,0.06006023539441286,5007.993192580467,14,384
4,207,648,0.12557845717796123,5039.180399415333,12,192
4,208,156,0.03192791382168713,4771.4908919767895,15,512
4,209,12,0.012464017594622153,940.2064712309366,15,512
4,210,109,0.025807500356871727,4124.588240939691,15,512
4,211,16,0.013184657752413871,1185.0895406928062,15,512
4,212,85,0.023822734085482616,3484.3948726516787,15,512
4,213,189,0.03624858483935826,5091.793605680183,15,512
4,214,170,0.03288887305147966,5047.774812476617,15,512
4,215,15,0.013459022834375051,1088.3730327425496,15,512
4,216,480,0.09875002544455078,4746.834219938589,13,256
4,217,9,0.01243766059031762,706.6491673556396,15,512
4,218,168,0.032444913846891583,5056.647731419948,15,512
4,219,476,0.09622668515403585,4830.715609250144,13,256
4,220,404,0.0758411216129055,5202.07562348161,13,256
4,221,207,0.03837302292448404,5267.9831322597865,15,512
4,222,192,0.03656567163514797,5127.760317679209,15,512
4,223,149,0.030614503018176094,4752.904609087097,15,512
4,224,356,0.06626615398425126,5246.362269381494,13,256
4,225,33,0.016898531991341042,1907.0628452526632,15,512
4,226,120,0.026974352289145687,4344.404593809488,15,512
4,227,304,0.05555152061844048,5344.138138703831,14,384
4,228,111,0.0261762029057888,4141.106251740888,15,512
4,229,60,0.01966133904439798,2980.150531339057,15,512
4,230,208,0.03834400865257737,5297.437778101131,15,512
4,231,75,0.021623205235723458,3387.203085831022,15,512
4,232,151,0.031421318707753644,4693.021921566009,15,512
4,233,460,0.08817178267825568,5094.81306099058,13,256
4,234,175,0.034928829452824994,4892.761657839581,15,512
4,235,199,0.03753510308160405,5177.445152541596,15,512
4,236,161,0.03194973285991808,4921.060316508798,15,512
4,237,756,0.1399952728091442,5273.61556705204,11,128
4,238,19,0.014149514377057483,1311.3303400776226,15,512
4,239,239,0.04193918688991093,5565.163628771909,14,384
4,240,127,0.028109457087684732,4412.1605448700375,15,512
4,241,396,0.07629361480772821,5068.821958096905,13,256
4,242,384,0.06976835969472613,5374.929289449049,13,256
4,243,230,0.041226620960507554,5448.163583796046,14,384
4,244,54,0.02081686563115869,2533.2524086175185,15,512
4,245,484,0.09493949921301648,4978.499506717405,12,192
4,246,202,0.038800032506920136,5084.161333236432,15,512
4,247,162,0.03278816520980477,4825.006949540802,15,512
4,248,157,0.0323736769763811,4735.956085923081,15,512
4,249,264,0.04674431174667875,5515.376959600179,14,384
4,250,183,0.035187887220116634,5078.762938566893,15,512
4,251,420,0.07880950549963749,5204.4007559708225,13,256
4,252,247,0.044466167054889705,5424.594775669457,14,384
4,253,204,0.037697586658531804,5284.655269965733,15,512
4,254,185,0.03509211778464768,5148.280408970873,15,512
4,255,228,0.04096609670900266,5435.134608542515,14,384
4,256,227,0.04057189988966904,5463.872485706469,14,384
4,257,57,0.02031965868206658,2739.419168941413,15,512
4,258,222,0.040185746443490905,5394.869927447017,15,512
4,259,186,0.03569647860388417,5088.47460881577,15,512
4,260,40,0.01691298168558473,2309.616407454266,15,512
4,261,30,0.01573167712140154,1862.2855512426086,15,512
4,262,246,0.04322462042775921,5557.81340871462,14,384
4,263,588,0.11192820109949005,5130.241926157573,12,192
4,264,636,0.11941494361257425,5201.139247823583,12,192
4,265,197,0.037461371603878316,5135.498361733315,15,512
4,266,61,0.019999469319211278,2978.59465914815,15,512
4,267,221,0.03982556252736698,5419.140341123732,15,512
4,268,424,0.07950669230879787,5207.894932816638,13,256
4,269,732,0.13781803190260475,5186.866625008664,11,128
4,270,201,0.037485273381747744,5236.4313980320785,15,512
4,271,492,0.09411234439557002,5105.268103624207,12,192
4,272,107,0.026108670375992057,4002.202563179343,15,512
4,273,219,0.039750264547798494,5380.270796508314,15,512
4,274,548,0.10389481976386071,5150.94257073009,12,192
4,275,652,0.12436490590495307,5119.762246164667,11,128
4,276,108,0.02577813488043998,4091.403450605262,15,512
4,277,572,0.11109140661041841,5028.23545982191,12,192
4,278,600,0.11418255761248906,5131.585000824253,12,192
4,279,28,0.015376681455696472,1778.2608086655907,15,512
4,280,74,0.0217700047035232,3319.5043356285873,15,512
4,281,448,0.08291340896204284,5276.589220933906,13,256
4,282,179,0.03460464597414785,5051.480302112948,15,512
4,283,672,0.12855595709957593,5104.780943691989,11,128
4,284,67,0.020693293613367324,3161.8788542068596,15,512
4,285,131,0.029497515945429573,4336.964771429229,15,512
4,286,536,0.10131907956306073,5166.228337814832,12,192
4,287,268,0.04777911485579458,5477.681007484364,14,384
4,288,564,0.10702849309932141,5146.117954672876,12,192
4,289,196,0.03679180927033081,5202.414716645953,15,512
4,290,93,0.026068390519436515,3483.9248104820526,15,512
4,291,160,0.03310027605620873,4720.504437324524,15,512
4,292,528,0.0982711008108527,5246.964730683634,12,192
4,293,252,0.04373068076183584,5627.484999382133,14,384
4,294,724,0.13742665195354703,5144.789893004093,11,128
4,295,97,0.02665358490815202,3553.9895599945285,15,512
4,296,231,0.04130677306072878,5461.233613391826,14,384
4,297,316,0.05745375846048237,5371.167322539148,13,256
4,298,95,0.026488167883530207,3502.448259461712,15,512
4,299,96,0.026782239516859766,3500.454095371045,15,512
4,300,408,0.07658398059400713,5202.621970151009,13,256
4,301,100,0.0258646253308463,3775.6684564664697,15,512
4,302,123,0.028088657230148445,4276.359190679803,15,512
4,303,544,0.1041187111388957,5102.348984048656,12,192
4,304,320,0.05688601397143495,5493.441677191874,13,256
4,305,340,0.061554738525900744,5394.081072414747,13,256
4,306,215,0.040060527021840056,5241.092744125264,15,512
4,307,452,0.08540344852896269,5168.482743999581,13,256
4,308,233,0.04163006484336378,5465.738844177463,14,384
4,309,280,0.04952854809734846,5520.805888808976,14,384
4,310,332,0.06031763631032627,5375.18990850267,13,256
4,311,112,0.026392259131755726,4144.207566846662,15,512
4,312,676,0.12461937079296107,5297.380702529497,11,128
4,313,119,0.027335849755653927,4251.2282785708485,15,512
4,314,692,0.1284791950684634,5259.849656124425,11,128
4,315,29,0.01657780051710772,1708.327499222494,15,512
4,316,234,0.04153446380630294,5501.831588959198,14,384
4,317,728,0.1376703321278562,5164.057418992374,11,128
4,318,206,0.0379885609972825,5295.590823100427,15,512
4,319,174,0.03395927504992971,5003.69559568533,15,512
4,320,49,0.018914184567601477,2529.9299755150955,15,512
4,321,235,0.042630545948858685,5383.280518511493,14,384
4,322,7,0.011985941775229634,570.3296101543955,15,512
4,323,153,0.03159815696486224,4728.568905653305,15,512
4,324,212,0.03839733670678335,5391.812759852832,15,512
4,325,200,0.037165378740885484,5255.226950913257,15,512
4,326,140,0.030014733861228132,4555.054548613139,15,512
4,327,205,0.03827782950475332,5230.059151476701,15,512
4,328,488,0.0955704429275592,4986.505088829885,12,192
4,329,135,0.030090728203815306,4381.281057973335,15,512
4,330,44,0.017413535551376483,2467.5488715790093,15,512
4,331,243,0.04314152109287018,5500.610119637584,14,384
4,332,143,0.030588496677913204,4565.390675143406,15,512
4,333,110,0.026153866989686015,4107.303713151201,15,512
4,334,640,0.12240802716471677,5105.8742998853895,12,192
4,335,656,0.12790669118875297,5008.5339089463605,11,128
4,336,224,0.04019634066664834,5442.037667411377,15,512
4,337,748,0.13883763851531378,5261.316439917908,11,128
4,338,496,0.0938215269989044,5162.727739505415,12,192
4,339,5,0.011660672320853492,418.74193576881225,15,512
4,340,102,0.025987470514672276,3832.9769318549684,15,512
4,341,220,0.03994404168858115,5378.618209819705,15,512
4,342,184,0.0347539425497961,5170.276717311724,15,512
4,343,91,0.025361699862354894,3503.9917664157892,15,512
4,344,122,0.027745481948035795,4294.054982470197,15,512
4,345,56,0.020205728497819105,2706.534436801062,15,512
4,346,190,0.03660296192908417,5069.17651526357,15,512
4,347,18,0.013957020064258635,1259.4468532014473,15,512
4,348,664,0.12286936277308845,5277.454732124846,11,128
4,349,213,0.0388821699042651,5349.696609323828,15,512
4,350,173,0.033800803776030466,4998.263166150091,15,512
4,351,23,0.015383193069732695,1460.0959240505906,15,512
4,352,17,0.01427889417242691,1162.6644402238271,15,512
4,353,14,0.013235031654972675,1033.0065961620269,15,512
4,354,226,0.040854204840587854,5402.213208191872,14,384
4,355,118,0.027126381268019164,4248.055568541919,15,512
4,356,380,0.0716581480684289,5178.667883596844,13,256
4,357,166,0.03290626592716516,4926.398375276412,15,512
4,358,89,0.02553413290306319,3403.838416207718,15,512
4,359,148,0.03039716995847172,4754.760071330884,15,512
4,360,182,0.03590663652058,4949.903199597406,15,512
4,361,47,0.018515978481182672,2478.8556298358976,15,512
4,362,10,0.012385266641343295,788.4872633586538,15,512
4,363,1,0.009144998046874998,106.78651815936779,15,512
4,364,24,0.018147351924454477,1291.5107447944943,15,512
4,365,105,0.025854248082184297,3966.0431111380044,15,512
4,366,251,0.04419170815059808,5546.678274229204,14,384
4,367,83,0.023391942455095037,3465.0686942992775,15,512
4,368,115,0.026700317459747682,4206.11806092965,15,512
4,369,556,0.1046781889499111,5187.028505621286,12,192
4,370,236,0.04107491342708969,5610.936962997991,14,384
4,371,64,0.019543972480519756,3197.9169057005274,15,512
4,372,249,0.044404972127475836,5476.05483912782,14,384
4,373,81,0.0230505471341339,3431.6566127345486,15,512
4,374,700,0.13025180383432708,5248.247854359795,11,128
4,375,37,0.017225184361216655,2097.6734844913935,15,512
4,376,241,0.04280465418666406,5498.270386058267,14,384
4,377,237,0.04228606957305986,5473.322889471196,14,384
4,378,752,0.13720983731913527,5352.203707463941,11,128
4,379,764,0.13765282551929792,5420.1121348969555,11,128
4,380,76,0.02172277798917003,3416.6325336935283,15,512
4,381,70,0.020840921815240325,3280.05524928417,15,512
4,382,167,0.033237715841050286,4906.652980605259,15,512
4,383,41,0.017525826714752342,2284.574825009377,15,512
5,0,239,0.04203637679547263,5552.296731842438,14,384
5,1,145,0.03049501167066266,4643.433622169294,15,512
5,2,17,0.013971133343498317,1188.276003945363,15,512
5,3,214,0.03910382216346958,5344.346497034533,15,512
5,4,62,0.019966219120521267,3032.4657179470682,15,512
5,5,137,0.03043486718059382,4395.914123959375,15,512
5,6,243,0.0433282313988536,5476.906853536578,14,384
5,7,87,0.0243625867753469,3487.352894150553,15,512
5,8,125,0.028053693110206352,4351.309897789856,15,512
5,9,135,0.02992879509024829,4404.986472140208,15,512
5,10,500,0.09427669979781157,5179.235707732468,12,192
5,11,700,0.12860564097470886,5315.425861719652,11,128
5,12,320,0.05740455180165837,5443.819177958849,13,256
5,13,360,0.06365216076152679,5523.182493633344,13,256
5,14,246,0.043689317894184794,5498.698230579976,14,384
5,15,74,0.02161059778263215,3343.990098139623,15,512
5,16,740,0.13985350847314715,5167.2371890388085,11,128
5,17,580,0.10953514015352457,5171.000367609193,12,192
5,18,233,0.04111689481294699,5533.95541018219,14,384
5,19,268,0.04858480628295047,5386.843542727948,14,384
5,20,14,0.01323122985172716,1033.3034157225618,15,512
5,21,49,0.019082443117238883,2507.622436289166,15,512
5,22,66,0.020242238034662356,3184.090854461444,15,512
5,23,29,0.01613050896368409,1755.698630697878,15,512
5,24,93,0.02598879402305352,3494.5951097014076,15,512
5,25,368,0.06836431209174876,5256.763200040667,13,256
5,26,255,0.04438832241402316,5610.111487820692,14,384
5,27,228,0.040856883748468534,5449.663057289483,14,384
5,28,624,0.11738436991219457,5191.278876871107,12,192
5,29,252,0.04386780058384606,5609.894882457861,14,384
5,30,45,0.018364599813309727,2392.936026199203,15,512
5,31,34,0.0168187424674317,1974.1740539933644,15,512
5,32,188,0.03527827013783382,5204.1596507620925,15,512
5,33,162,0.032929382009978796,4804.315032455171,15,512
5,34,380,0.0727809740226677,5098.77416430869,13,256
5,35,692,0.1315209538091886,5138.202168001515,11,128
5,36,636,0.1191132852504018,5214.311306201715,12,192
5,37,178,0.03525491688433715,4930.606575255531,15,512
5,38,552,0.1034083653960339,5212.948661701552,12,192
5,39,65,0.020196129256700154,3143.0063500381575,15,512
5,40,752,0.13724799126918313,5350.715833499359,11,128
5,41,202,0.037519146510508965,5257.732207334372,15,512
5,42,756,0.13694688590250295,5391.004294362758,11,128
5,43,504,0.09486843102886479,5188.106250542358,12,192
5,44,84,0.023298554137968098,3520.872991269409,15,512
5,45,18,0.013971699449258204,1258.123613654835,15,512
5,46,140,0.03002743035286159,4553.128535921183,15,512
5,47,73,0.021781139319788947,3272.972155098945,15,512
5,48,190,0.03679379967966571,5042.88430701392,15,512
5,49,113,0.026445283106449658,4172.825908340785,15,512
5,50,20,0.014086096278948001,1386.5622961267068,15,512
5,51,680,0.12609248573305162,5266.4716389672585,11,128
5,52,220,0.03965494440964994,5417.83006377682,15,512
5,53,78,0.022227778209327722,3426.877589053639,15,512
5,54,428,0.0808996385888613,5166.509483733938,13,256
5,55,241,0.04259720899431604,5525.046547800917,14,384
5,56,400,0.07312161133734167,5342.12789975152,13,256
5,57,169,0.03324438792246162,4964.418742944914,15,512
5,58,180,0.03436285553255877,5115.443617118706,15,512
5,59,232,0.0405257045579172,5590.587565879548,14,384
5,60,161,0.03221248855014782,4880.919468709551,15,512
5,61,127,0.028358883679403018,4373.354004413012,15,512
5,62,24,0.015003963514988842,1562.0872429199205,15,512
5,63,203,0.0378492261391294,5237.681393307344,15,512
5,64,174,0.03368030940001252,5045.139965369108,15,512
5,65,256,0.04393748728714741,5689.902073055734,14,384
5,66,612,0.11626115047271238,5140.635952508278,12,192
5,67,38,0.017636451806250623,2104.1293003645937,15,512
5,68,424,0.0785284734314333,5272.768995841188,13,256
5,69,46,0.018422512341613052,2438.4228473838384,15,512
5,70,99,0.02634166480523725,3670.219335597124,15,512
5,71,704,0.13405002691706658,5128.682297283977,11,128
5,72,97,0.026633202438438718,3556.7094388651008,15,512
5,73,139,0.030509261987840174,4449.212424545099,15,512
5,74,128,0.028520235952439948,4382.85294022282,15,512
5,75,524,0.09792144903759573,5225.808594841483,12,192
5,76,728,0.13657151962670225,5205.605838927771,11,128
5,77,105,0.026097415829227706,3929.0887331902704,15,512
5,78,175,0.03397701347297452,5029.825168004641,15,512
5,79,254,0.04465157105482237,5555.165678167352,14,384
5,80,149,0.030769787148334487,4728.918396430184,15,512
5,81,600,0.11275377969082846,5196.610717677439,12,192
5,82,712,0.13372880408164906,5199.422104870332,11,128
5,83,1,0.009182764648437501,106.34732974084962,15,512
5,84,160,0.03434796328796145,4549.032461984835,15,512
5,85,70,0.02110601376534721,3238.8576905145137,15,512
5,86,436,0.08063447500325617,5280.387203895185,13,256
5,87,10,0.012511888421675837,780.5076796466506,15,512
5,88,312,0.05892652518864813,5170.634090922034,13,256
5,89,36,0.016559135438153114,2123.0727975687764,15,512
5,90,672,0.12783148918964754,5133.711608619408,11,128
5,91,488,0.09704829230256688,4910.570693137226,12,192
5,92,81,0.023028570658147084,3434.9314889856323,15,512
5,93,608,0.116190275899564,5110.1522515812185,12,192
5,94,536,0.09885567738318865,5294.966499202964,12,192
5,95,152,0.030786195866341654,4821.560307237756,15,512
5,96,215,0.03908097991990602,5372.458365432534,15,512
5,97,102,0.025860992063395278,3851.722886570591,15,512
5,98,51,0.020051197412256028,2483.875973888599,15,512
5,99,122,0.027731693232180728,4296.190066812995,15,512
5,100,247,0.043261721856638256,5575.6203671072235,14,384
5,101,189,0.03667764661657715,5032.2288785175215,15,512
5,102,224,0.03988738280780746,5484.190352975037,15,512
5,103,33,0.0167902413444157,1919.3626725751799,15,512
5,104,588,0.11193938801629948,5129.7292237866095,12,192
5,105,85,0.02369673210884562,3502.9223489012,15,512
5,106,432,0.08004708400496288,5270.335643629991,13,256
5,107,620,0.11821593683277135,5121.718494321946,12,192
5,108,98,0.026287628831942918,3640.6145876385835,15,512
5,109,91,0.025459254954371457,3490.56512687702,15,512
5,110,260,0.04522820643188977,5613.891640438218,14,384
5,111,168,0.03310719237114175,4955.494206842102,15,512
5,112,163,0.032629779658558795,4878.356187681064,15,512
5,113,648,0.12425059390172735,5093.034005942104,12,192
5,114,96,0.026610038036923654,3523.106576169265,15,512
5,115,308,0.05969407648025987,5038.7118410226985,14,384
5,116,192,0.03626567455358628,5170.178200406817,15,512
5,117,170,0.03361932422414374,4938.101191242142,15,512
5,118,452,0.08516927053737636,5182.693795719311,13,256
5,119,644,0.11869519661875402,5298.497899793123,12,192
5,120,760,0.13995848972716152,5302.911609341015,11,128
5,121,336,0.05930217594555704,5533.102196810425,13,256
5,122,124,0.027790219100840036,4357.423363975551,15,512
5,123,126,0.02793778922364779,4404.316820310451,15,512
5,124,656,0.12619689320344052,5076.392799680543,11,128
5,125,184,0.035532308735880994,5057.017300385809,15,512
5,126,448,0.08222374379112762,5320.847480642307,13,256
5,127,292,0.051497077524118744,5537.328790482267,14,384
5,128,133,0.030153706428833606,4307.358128810438,15,512
5,129,25,0.015151445830121757,1611.335497201445,15,512
5,130,408,0.07672601167423686,5192.991155224972,13,256
5,131,724,0.13561352186964054,5213.574872567935,11,128
5,132,109,0.02631412771306892,4045.177315421096,15,512
5,133,200,0.03820165608183433,5112.671020900455,15,512
5,134,80,0.02262052610382908,3453.721617322394,15,512
5,135,196,0.03735510356870012,5123.965180500249,15,512
5,136,688,0.13018698264730005,5160.84624082755,11,128
5,137,154,0.031729685614354484,4739.74519722198,15,512
5,138,296,0.05189175620134404,5570.489826523023,14,384
5,139,564,0.10876635678819635,5063.893526125465,12,192
5,140,468,0.09207915555050654,4963.460484271196,13,256
5,141,68,0.019875204132078855,3341.160652172593,15,512
5,142,8,0.011629098484090078,671.806160270152,15,512
5,143,173,0.0351948678426148,4800.282622327023,15,512
5,144,172,0.033338671218470436,5038.255691094888,15,512
5,145,696,0.12876509917588919,5278.507175858015,11,128
5,146,304,0.05490175618100415,5407.386223151781,14,384
5,147,167,0.033167174822923993,4917.088608562484,15,512
5,148,440,0.08070563059927749,5324.132861726834,13,256
5,149,116,0.026513409777237033,4272.602088972241,15,512
5,150,736,0.13870741187822275,5181.77068022163,11,128
5,151,221,0.04007419030432628,5385.518980197604,15,512
5,152,240,0.04144504452895253,5655.078976601682,14,384
5,153,556,0.10236231709324643,5304.381196308651,12,192
5,154,64,0.01934135592071289,3231.417707021668,15,512
5,155,4,0.009097077256989638,429.39615545187064,15,512
5,156,156,0.03184994956240029,4783.170839926411,15,512
5,157,7,0.011894206186530639,574.7283503241455,15,512
5,158,251,0.044720317623076766,5481.114637108784,14,384
5,159,56,0.019717156330277204,2773.5997566760248,15,512
5,160,210,0.0384941174518058,5327.518555445659,15,512
5,161,332,0.05994037827847065,5409.02075215052,13,256
5,162,205,0.03795912564670372,5273.97059572115,15,512
5,163,199,0.03768306633969632,5157.115818233759,15,512
5,164,237,0.041533172078060385,5572.541198274124,14,384
5,165,92,0.025346985066876982,3544.5537117314325,15,512
5,166,22,0.01468479926255334,1463.0349803136753,15,512
5,167,101,0.02585575384550296,3814.7335826820226,15,512
5,168,146,0.03062828561990686,4655.112818568315,15,512
5,169,164,0.03258070863512011,4915.677304432871,15,512
5,170,720,0.13391310280212626,5250.606440199935,11,128
5,171,141,0.03018480097968939,4561.74326253308,15,512
5,172,43,0.018234432262941223,2302.906221288989,15,512
5,173,30,0.01603738559502657,1826.786219387616,15,512
5,174,764,0.13802905121767045,5405.338538648777,11,128
5,175,21,0.01485664254677505,1380.3800175869249,15,512
5,176,107,0.025955806470718053,4025.7731008236046,15,512
5,177,198,0.037459202070047,5161.86582507622,15,512
5,178,134,0.029582692300161712,4423.5113448171405,15,512
5,179,151,0.030947224172289345,4764.916448695226,15,512
5,180,324,0.05918116924383792,5346.400790027395,13,256
5,181,484,0.09646065551102043,4899.990026980482,12,192
5,182,86,0.023858481736552882,3520.105592944332,15,512
5,183,88,0.024481801144413715,3510.2605193576337,15,512
5,184,89,0.024743423874023413,3512.612601332255,15,512
5,185,77,0.02225120319263125,3379.3818630401893,15,512
5,186,528,0.09766628925793368,5279.45726122808,12,192
5,187,19,0.01456244462925364,1274.1464755667862,15,512
5,188,47,0.019000756321961052,2415.6110800153065,15,512
5,189,131,0.029146097681065318,4389.256115857635,15,512
5,190,103,0.025958495466370177,3874.875476905485,15,512
5,191,231,0.040971607711561435,5505.908850053345,14,384
5,192,218,0.03973861504809415,5357.273391192583,15,512
5,193,166,0.03348235683365491,4841.635724909759,15,512
5,194,179,0.035170120382207806,4970.261278617399,15,512
5,195,344,0.061473610713511255,5464.743263017158,13,256
5,196,26,0.015393996572211362,1649.3848677239646,15,512
5,197,245,0.04338766349467086,5514.42030358208,14,384
5,198,217,0.04017477777521285,5274.803601545927,15,512
5,199,416,0.07814798751415315,5198.470401127415,13,256
5,200,5,0.011492945923737874,424.85299525467127,15,512
5,201,592,0.11227145244912756,5149.349967321034,12,192
5,202,136,0.029790116123412334,4458.273994293745,15,512
5,203,456,0.08687415701328813,5125.94901993565,13,256
5,204,52,0.020355126769876292,2494.7646150330816,15,512
5,205,234,0.04136513162195394,5524.353870995993,14,384
5,206,186,0.03600532093820941,5044.8272718280405,15,512
5,207,412,0.07650448811062914,5259.086884134062,13,256
5,208,54,0.020858785075231638,2528.1613866676453,15,512
5,209,15,0.013693970294586345,1069.699815676611,15,512
5,210,480,0.09729190738136267,4817.975231615144,13,256
5,211,213,0.038782156708778714,5363.492651065366,15,512
5,212,376,0.07004837900080922,5241.912878465869,13,256
5,213,572,0.10972317534471913,5090.93678928865,12,192
5,214,37,0.01735383952961667,2082.1220824552674,15,512
5,215,176,0.03392250364074452,5066.695601841131,15,512
5,216,28,0.015969171328134687,1712.2835893071945,15,512
5,217,616,0.11497707541804839,5232.021233909125,12,192
5,218,472,0.0930969899206378,4951.153634429367,13,256
5,219,508,0.09581564689479485,5177.585979716952,12,192
5,220,111,0.026468512252629268,4095.3732671254375,15,512
5,221,35,0.01686235048046275,2026.9823913102543,15,512
5,222,95,0.0267146761100128,3472.7517233580843,15,512
5,223,744,0.13976390798285832,5198.498743245725,11,128
5,224,100,0.02586910659988101,3775.0144027180745,15,512
5,225,444,0.08342164861292638,5197.616652385525,13,256
5,226,544,0.10370385825126384,5122.760222795526,12,192
5,227,138,0.030440267105176392,4427.215586984222,15,512
5,228,94,0.026204876525148003,3503.0455080337965,15,512
5,229,114,0.026389539262727985,4218.646028323709,15,512
5,230,288,0.05212919143072965,5395.249615059363,14,384
5,231,207,0.03841124497585643,5262.7410964435385,15,512
5,232,201,0.037577101133690005,5223.635048420904,15,512
5,233,50,0.019820062413203533,2463.57069831789,15,512
5,234,31,0.016285814280071403,1858.883871532598,15,512
5,235,208,0.03779386187715007,5374.549990690633,15,512
5,236,108,0.02612229318314853,4037.4996659189865,15,512
5,237,460,0.09118181285031465,4926.626658952743,13,256
5,238,223,0.041687692255206625,5223.926432934195,15,512
5,239,79,0.02254976787533196,3421.2519581807123,15,512
5,240,44,0.017460928667957582,2460.8513565977523,15,512
5,241,3,0.011187806209019215,261.8643409856518,15,512
5,242,48,0.01846490452941177,2538.599640487461,15,512
5,243,119,0.027669542513071996,4199.9587613383255,15,512
5,244,112,0.025980173084177178,4209.941159576537,15,512
5,245,57,0.02027255352019533,2745.7844639328723,15,512
5,246,16,0.013594186380283533,1149.3883902211226,15,512
5,247,129,0.028789261980692933,4375.817712329139,15,512
5,248,236,0.04127955164330411,5583.121444522375,14,384
5,249,708,0.13089626866602116,5282.0928896308515,11,128
5,250,104,0.02577927487600162,3939.695762914818,15,512
5,251,159,0.03207548769620716,4840.87534289808,15,512
5,252,328,0.0592677404777528,5404.499942430486,13,256
5,253,82,0.023047322446166033,3474.508814941371,15,512
5,254,238,0.04180183974187943,5560.087221882407,14,384
5,255,300,0.05342690965227066,5483.5428795486905,14,384
5,256,596,0.11392795960489929,5108.765679807459,12,192
5,257,12,0.012419267426086514,943.5943037497456,15,512
5,258,132,0.028912463079631235,4458.501153809139,15,512
5,259,250,0.04394572619217024,5555.503257185866,14,384
5,260,352,0.06479621204171142,5305.094065972822,13,256
5,261,76,0.021678768753496974,3423.568508152838,15,512
5,262,348,0.0646874389772503,5253.628144399387,13,256
5,263,584,0.10994392522786804,5187.303425978101,12,192
5,264,191,0.03676798565635834,5072.984939759523,15,512
5,265,396,0.07469583988379873,5177.246157237171,13,256
5,266,41,0.017594416137963767,2275.668722737951,15,512
5,267,660,0.12385243369732474,5204.025716403198,11,128
5,268,117,0.027020309271872562,4228.590107920763,15,512
5,269,364,0.068113591002235,5218.763902615794,13,256
5,270,209,0.03824227625231869,5337.066265442946,15,512
5,271,532,0.10021602332343908,5184.1136054985445,12,192
5,272,182,0.035477866648097885,5009.7255498176655,15,512
5,273,242,0.04223314383171564,5595.797602510606,14,384
5,274,158,0.0317714150906075,4856.468450019224,15,512
5,275,516,0.09561618840784226,5270.093468384592,12,192
5,276,264,0.046560007354798316,5537.209176867338,14,384
5,277,276,0.04971039729782391,5422.029688984177,14,384
5,278,640,0.1215766974633599,5140.78777463386,12,192
5,279,732,0.13629868563585784,5244.6855717289245,11,128
5,280,676,0.12521258596292173,5272.283492295951,11,128
5,281,628,0.1175475563867401,5217.3032673028065,12,192
5,282,316,0.057780884064931766,5340.758539679232,13,256
5,283,392,0.0747264913599749,5122.848577968194,13,256
5,284,512,0.09383739881852646,5328.365942527429,12,192
5,285,230,0.04107296781164137,5468.545054500266,14,384
5,286,2,0.009481744215219062,205.98794437684333,15,512
5,287,143,0.03224323682405804,4331.092385731026,15,512
5,288,604,0.1143137388559252,5159.867535637224,12,192
5,289,496,0.09266144387542365,5227.362965023573,12,192
5,290,106,0.025924537048924147,3992.9594424250613,15,512
5,291,63,0.01956056921508922,3145.278484663943,15,512
5,292,83,0.02320672474284348,3492.724130534437,15,512
5,293,183,0.035712803523508065,5004.1139274423795,15,512
5,294,27,0.016015842757098005,1646.319079170181,15,512
5,295,668,0.12537879727306347,5202.9829938410985,11,128
5,296,576,0.10893138428975091,5163.8010814567815,12,192
5,297,216,0.03903265577656527,5404.128819916074,15,512
5,298,235,0.041487366944770454,5531.61611353906,14,384
5,299,181,0.0358794597782402,4926.4346116827055,15,512
5,300,227,0.04095750640195949,5412.431248241089,14,384
5,301,120,0.026936572807638646,4350.497772558805,15,512
5,302,284,0.049702714471329484,5580.052376414632,14,384
5,303,476,0.09899851199759659,4695.46198847196,13,256
5,304,684,0.12935359657975407,5163.897778351746,11,128
5,305,560,0.10490445630411,5213.076920342175,12,192
5,306,222,0.0397181565325101,5458.382108508673,15,512
5,307,204,0.03785433540919382,5262.772357419727,15,512
5,308,155,0.03156267397224288,4795.765644986754,15,512
5,309,150,0.030597803380075395,4787.4147428304395,15,512
5,310,121,0.02753451653445701,4291.488552273222,15,512
5,311,32,0.01718500548655789,1818.4457388997487,15,512
5,312,71,0.02162255277839025,3206.6490118268957,15,512
5,313,464,0.09207304160834932,4921.364517612612,13,256
5,314,148,0.03082051053381958,4689.450223136465,15,512
5,315,153,0.031485639058768784,4745.467043597707,15,512
5,316,110,0.02602177916384867,4128.152588015128,15,512
5,317,61,0.020111061977179434,2962.066974265011,15,512
5,318,67,0.020648227332051874,3168.7798883555815,15,512
5,319,194,0.036833897180538096,5143.445019445328,15,512
5,320,195,0.03735246876945761,5098.182095415087,15,512
5,321,171,0.03416291032937636,4888.1136264437355,15,512
5,322,165,0.03261257078840857,4940.819095355438,15,512
5,323,540,0.10024341878522643,5260.632133166216,12,192
5,324,548,0.1028542005331124,5203.056824380394,12,192
5,325,177,0.034257775350046114,5045.615505788158,15,512
5,326,632,0.118515366527676,5207.658028512892,12,192
5,327,193,0.03613816010672864,5215.444337602211,15,512
5,328,272,0.047565238592398376,5584.435353646071,14,384
5,329,13,0.01321688946098645,960.5370868443715,15,512
5,330,225,0.040979724078182296,5361.836065094029,14,384
5,331,118,0.026966657477610373,4273.216845494319,15,512
5,332,652,0.1235102988442448,5155.187510338285,11,128
5,333,249,0.043681587198514754,5566.740544360714,14,384
5,334,40,0.017139426444500457,2279.1019364906474,15,512
5,335,72,0.020961332449192942,3354.390765492925,15,512
5,336,420,0.07890161713173495,5198.325014241456,13,256
5,337,185,0.03594585609941473,5026.005278615177,15,512
5,338,123,0.02785081628400691,4312.87852661526,15,512
5,339,219,0.039606728736101576,5399.7690373519745,15,512
5,340,115,0.026859193659477146,4181.238235362058,15,512
5,341,187,0.03524047785160133,5182.029263876791,15,512
5,342,39,0.017226047754762105,2210.9504189358363,15,512
5,343,384,0.0688901215175938,5443.450987442793,13,256
5,344,197,0.036792054506451316,5228.922795443961,15,512
5,345,55,0.020756123676635676,2587.7152370440062,15,512
5,346,768,0.14066452190662326,5331.834849571162,11,128
5,347,748,0.13954711412652265,5234.567225358087,11,128
5,348,58,0.02023069384812554,2799.737143234363,15,512
5,349,6,0.01202371698576687,487.3181069494618,15,512
5,350,244,0.04258498609985732,5595.428619872166,14,384
5,351,11,0.012922319794325055,831.2894024428587,15,512
5,352,69,0.020946983831535933,3216.826491198908,15,512
5,353,520,0.09722277444371984,5223.184618064584,12,192
5,354,147,0.030513687775279172,4704.599737574217,15,512
5,355,372,0.06824446751148089,5323.233710320687,13,256
5,356,9,0.01234725996804424,711.8229083008572,15,512
5,357,248,0.042724269741428386,5668.616490480546,14,384
5,358,253,0.044475857501091405,5555.155681797412,14,384
5,359,90,0.025026830115324437,3511.8560598764275,15,512
5,360,59,0.020077888574575188,2869.6835967583347,15,512
5,361,568,0.10676362157598997,5195.472875610501,12,192
5,362,53,0.02097813458953113,2467.226639199325,15,512
5,363,340,0.062078894127047694,5348.536804158926,13,256
5,364,206,0.038140488811275734,5274.4965067287285,15,512
5,365,388,0.07114657095112029,5325.713452308465,13,256
5,366,280,0.04962165904305187,5510.446552437212,14,384
5,367,229,0.04085060265009244,5474.406691512884,14,384
5,368,42,0.017957922034747876,2283.9850245833773,15,512
5,369,130,0.028776780320193616,4411.651462999591,15,512
5,370,716,0.13174796343307796,5307.245226262428,11,128
5,371,226,0.0405077881728683,5448.412143811513,14,384
5,372,142,0.030051902567901367,4614.412504721626,15,512
5,373,356,0.06680475686676919,5204.064295800697,13,256
5,374,144,0.029796517372886702,4719.511285166552,15,512
5,375,492,0.0952520827214988,5044.181043314407,12,192
5,376,211,0.038749305473004154,5317.635632038723,15,512
5,377,23,0.015219593679965707,1475.790876701684,15,512
5,378,212,0.03847335389185469,5381.159401437867,15,512
5,379,60,0.020003550346668883,2929.167521992285,15,512
5,380,404,0.07484744581112404,5271.1384566895085,13,256
5,381,664,0.12099850213884494,5359.053943129994,11,128
5,382,75,0.021985865871286574,3331.3305888786444,15,512
5,383,157,0.03173127003298561,4831.83661859796,15,512
6,0,166,0.03290353387003024,4926.807425619873,15,512
6,1,252,0.04383519392002009,5614.067784187579,14,384
6,2,544,0.1027872983356181,5168.440153620712,12,192
6,3,204,0.0374363744373469,5321.528940613901,15,512
6,4,121,0.027593163548529684,4282.3673440770235,15,512
6,5,61,0.020150811075686,2956.2240584885258,15,512
6,6,284,0.05044769530491361,5497.649562060106,14,384
6,7,452,0.08400877222376239,5254.2875977795275,13,256
6,8,724,0.1364218588973952,5182.683007799858,11,128
6,9,219,0.03981880164194171,5371.01014297554,15,512
6,10,186,0.03597073150025266,5049.678375284755,15,512
6,11,81,0.02289306396827825,3455.2632452172847,15,512
6,12,556,0.10400915426639094,5220.393856961228,12,192
6,13,122,0.02761109159784248,4314.955262736139,15,512
6,14,68,0.02028930828250312,3272.967667274627,15,512
6,15,500,0.09311444689535171,5243.882837523197,12,192
6,16,14,0.013313236304792402,1026.9385059347665,15,512
6,17,640,0.12078892004923918,5174.315655320214,12,192
6,18,740,0.13669913423610033,5286.472763988849,11,128
6,19,69,0.02102511786039375,3204.8720462553492,15,512
6,20,148,0.03080841890935436,4691.290728850612,15,512
6,21,208,0.03771737038582055,5385.4496727153255,15,512
6,22,85,0.023900507289077548,3473.0565128186336,15,512
6,23,40,0.017047753476561456,2291.357629831173,15,512
6,24,264,0.04655550534891527,5537.744635522617,14,384
6,25,552,0.10260951432834386,5253.533295899195,12,192
6,26,288,0.052464437980763404,5360.77409431362,14,384
6,27,56,0.020316255268781468,2691.8100445427244,15,512
6,28,27,0.01596207734260385,1651.8644117595031,15,512
6,29,232,0.040807487957894156,5551.983504443375,14,384
6,30,484,0.09508493394438093,4970.884769993909,12,192
6,31,748,0.13780793796883692,5300.628982382596,11,128
6,32,100,0.026009725025817068,3754.605244886945,15,512
6,33,272,0.047963844407117935,5538.025637506669,14,384
6,34,392,0.0743576418374081,5148.260360879456,13,256
6,35,187,0.03617187002844754,5048.596806202716,15,512
6,36,154,0.031385891477224225,4791.663321372721,15,512
6,37,96,0.026740288693966337,3505.9456938904964,15,512
6,38,11,0.012900490709447,832.6960378440117,15,512
6,39,624,0.11794608488080799,5166.555554733437,12,192
6,40,304,0.05476974914712264,5420.419202624676,14,384
6,41,216,0.039090637848471915,5396.113023728665,15,512
6,42,136,0.029791966734438804,4457.997056181991,15,512
6,43,412,0.07678509445361974,5239.867878824144,13,256
6,44,612,0.11468511409479024,5211.280075163212,12,192
6,45,194,0.0368740827353268,5137.8396680359065,15,512
6,46,192,0.03567733313648508,5255.437655127169,15,512
6,47,512,0.09403968107878063,5316.9044627143185,12,192
6,48,564,0.1064899276150344,5172.144092266619,12,192
6,49,170,0.033305878853700926,4984.574216739291,15,512
6,50,239,0.04211038055233384,5542.539260834692,14,384
6,51,101,0.026099907524414403,3779.0483513298577,15,512
6,52,33,0.017052275523059924,1889.8687425276332,15,512
6,53,226,0.04080091674979647,5409.268775832125,14,384
6,54,43,0.018046993731371537,2326.8245185348483,15,512
6,55,114,0.02620626991772612,4248.14845262266,15,512
6,56,237,0.04177385798897636,5540.434224702822,14,384
6,57,163,0.032585802990992285,4884.939847699999,15,512
6,58,332,0.06051349093604631,5357.792865439718,13,256
6,59,171,0.033499260814731494,4984.951412019343,15,512
6,60,472,0.0944523660680609,4880.105382091282,13,256
6,61,55,0.02076995782786212,2585.991649340221,15,512
6,62,5,0.011462842297310554,425.9687408545802,15,512
6,63,256,0.04395933670362718,5687.073981245308,14,384
6,64,604,0.11535547456869277,5113.270542255498,12,192
6,65,86,0.023915840890276326,3511.663059865324,15,512
6,66,660,0.12246501024030845,5262.982861270013,11,128
6,67,138,0.030366717132361356,4437.93856321671,15,512
6,68,388,0.07061218000660877,5366.018298323848,13,256
6,69,134,0.029650126178404897,4413.450864007079,15,512
6,70,172,0.03327352164251835,5048.120598853661,15,512
6,71,12,0.012389621036748268,945.8521745936838,15,512
6,72,189,0.03671039233471594,5027.740123753929,15,512
6,73,50,0.01937627212282005,2519.99583255716,15,512
6,74,280,0.04974561994593718,5496.715093653832,14,384
6,75,152,0.03080050956581104,4819.319618165263,15,512
6,76,108,0.02557444913867292,4123.989120082876,15,512
6,77,676,0.1256419992443382,5254.264131185803,11,128
6,78,103,0.025893271374901272,3884.636129735983,15,512
6,79,17,0.013974656340179786,1187.9764407706657,15,512
6,80,460,0.08909863314544902,5041.81415742566,13,256
6,81,210,0.038687137519106435,5300.938196802955,15,512
6,82,222,0.04007101067310776,5410.317118492236,15,512
6,83,328,0.05953959655690466,5379.823151704815,13,256
6,84,13,0.013259233701577737,957.469548069687,15,512
6,85,242,0.04263304046509521,5543.309189816946,14,384
6,86,628,0.11851029551613027,5174.919590986314,12,192
6,87,144,0.02980695017667485,4717.859397438278,15,512
6,88,207,0.0382309710202768,5287.556975541775,15,512
6,89,95,0.026719746522820758,3472.092724411297,15,512
6,90,560,0.10548284017863398,5184.492558921181,12,192
6,91,191,0.036899527137254175,5054.900481683513,15,512
6,92,456,0.08608701464833578,5172.818476968858,13,256
6,93,174,0.03437141434790734,4943.697494669593,15,512
6,94,600,0.11279838376156079,5194.555812418251,12,192
6,95,372,0.06821476518361588,5325.55157262719,13,256
6,96,255,0.04481256656169341,5557.00011417935,14,384
6,97,51,0.020262272197407286,2458.0011074164177,15,512
6,98,151,0.031119172274056937,4738.588038311465,15,512
6,99,131,0.02898491730061048,4413.6640506235135,15,512
6,100,74,0.021644775090002333,3338.70990571666,15,512
6,101,254,0.044324389252847575,5596.17129939505,14,384
6,102,352,0.0663854755177625,5178.090498244968,13,256
6,103,196,0.03658188129643368,5232.269178530738,15,512
6,104,448,0.08291711849979279,5276.353157413368,13,256
6,105,141,0.030380146458070256,4532.411082680027,15,512
6,106,708,0.1336830105827375,5171.982939238813,11,128
6,107,178,0.03449122572400382,5039.778127659466,15,512
6,108,260,0.04520465666251174,5616.816247397022,14,384
6,109,117,0.027059114198161836,4222.525972700233,15,512
6,110,167,0.03347253819810068,4872.230977370396,15,512
6,111,183,0.03611509148230407,4948.372831550657,15,512
6,112,190,0.03589804291113403,5168.718402262853,15,512
6,113,104,0.02584562858086493,3929.5813480502,15,512
6,114,234,0.04123321400360658,5542.027962700464,14,384
6,115,224,0.0400818895526675,5457.577036445926,15,512
6,116,45,0.01863707947370357,2357.950587805653,15,512
6,117,596,0.11312428521106964,5145.060133763798,12,192
6,118,209,0.038543170036853314,5295.401553760287,15,512
6,119,648,0.12403821415932768,5101.754360854868,12,192
6,120,115,0.02674264900163979,4199.460101843829,15,512
6,121,9,0.012421571442214585,707.5644608161621,15,512
6,122,428,0.08038908283435857,5199.3222868486155,13,256
6,123,360,0.06443343731916033,5456.21209463952,13,256
6,124,39,0.01779697797480919,2140.0227361021016,15,512
6,125,720,0.1359433545846486,5172.191036099387,11,128
6,126,31,0.016316250930757056,1855.416273534557,15,512
6,127,175,0.03463877672504345,4933.731894072412,15,512
6,128,197,0.03706543267415416,5190.356583484567,15,512
6,129,80,0.022616837561595,3454.2848790080984,15,512
6,130,126,0.027953499677031132,4401.841501839046,15,512
6,131,193,0.036365353282162595,5182.860758634477,15,512
6,132,18,0.013962581562344428,1258.9451973126734,15,512
6,133,130,0.028847069591441187,4400.901956352145,15,512
6,134,135,0.02986146472615255,4414.918648800862,15,512
6,135,93,0.0258710897487454,3510.4942768947053,15,512
6,136,105,0.025976401159060195,3947.3929383876894,15,512
6,137,680,0.12639887789343468,5253.705658367179,11,128
6,138,744,0.1388102673269146,5234.212958389162,11,128
6,139,83,0.02338235186904956,3466.4899388196013,15,512
6,140,588,0.11185851357620548,5133.438051711673,12,192
6,141,75,0.02193553164027565,3338.974805858848,15,512
6,142,198,0.037392819330013594,5171.029584410043,15,512
6,143,20,0.014140891860516635,1381.1894039395072,15,512
6,144,268,0.047566024181646634,5502.2204294506555,14,384
6,145,63,0.020024349069181713,3072.4313328460235,15,512
6,146,244,0.04246482335892112,5611.262008227364,14,384
6,147,532,0.09886362983936535,5255.029082425354,12,192
6,148,49,0.01917282426752605,2495.801444393799,15,512
6,149,580,0.10861355535255907,5214.876247826048,12,192
6,150,28,0.015576024666595167,1755.5024844460004,15,512
6,151,2,0.010547745539116221,185.16990126059196,15,512
6,152,364,0.06707659105575378,5299.445669571011,13,256
6,153,42,0.017991765526571526,2279.688724234717,15,512
6,154,168,0.03262445791043162,5028.819189898057,15,512
6,155,416,0.07975776336371197,5093.548049328008,13,256
6,156,230,0.04134546827780806,5432.502868048487,14,384
6,157,336,0.059071903227491625,5554.671206992583,13,256
6,158,15,0.01395093513580142,1049.9968179486852,15,512
6,159,1,0.010671754378051993,91.50908701651174,15,512
6,160,420,0.07917957705411098,5180.076293154496,13,256
6,161,6,0.011425797042690354,512.8198040020789,15,512
6,162,700,0.1308653730615191,5223.64116654943,11,128
6,163,184,0.034774444333830166,5167.22850478999,15,512
6,164,424,0.07873776090932605,5258.753807805533,13,256
6,165,44,0.017916567462580076,2398.2690931029642,15,512
6,166,476,0.09500325803017055,4892.924302157909,13,256
6,167,92,0.025537954242268453,3518.04804518357,15,512
6,168,344,0.061622722793129095,5451.519906508527,13,256
6,169,764,0.13968899780989455,5341.106040544248,11,128
6,170,231,0.04115868798545948,5480.8826165619,14,384
6,171,64,0.01959823204815605,3189.0631688831586,15,512
6,172,176,0.033551235420638884,5122.762182827757,15,512
6,173,155,0.03162573146116686,4786.203528157548,15,512
6,174,300,0.05350772457067508,5475.260859075319,14,384
6,175,113,0.02618994863172794,4213.5081687909105,15,512
6,176,77,0.022254455368684267,3378.8880138496834,15,512
6,177,508,0.09485411392200083,5230.0709952120915,12,192
6,178,768,0.14213403838337316,5276.7092846335045,11,128
6,179,129,0.028629147189444818,4400.290433605576,15,512
6,180,320,0.05699755236848627,5482.691572081963,13,256
6,181,620,0.11597085876244684,5220.86976384502,12,192
6,182,57,0.020291823524038608,2743.176946815935,15,512
6,183,188,0.03527653644812636,5204.415412776478,15,512
6,184,688,0.12705099869004016,5288.230765026406,11,128
6,185,217,0.0393128879800062,5390.447595907366,15,512
6,186,752,0.13877433984791598,5291.864481609554,11,128
6,187,215,0.03908863844186896,5371.405755466398,15,512
6,188,53,0.020970020038863852,2468.1813562446278,15,512
6,189,516,0.09563230093617847,5269.205541088975,12,192
6,190,732,0.1339652348398447,5336.0392407373065,11,128
6,191,145,0.030365213076996946,4663.282360013134,15,512
6,192,225,0.040648565147282226,5405.51829329924,14,384
6,193,8,0.011707202562116582,667.324235533476,15,512
6,194,243,0.04253342253677757,5579.252111555535,14,384
6,195,182,0.035038838264597895,5072.496229978522,15,512
6,196,185,0.03520570294972065,5131.670364827456,15,512
6,197,195,0.0368988963081968,5160.85050104053,15,512
6,198,97,0.02664593414751199,3555.0100054887703,15,512
6,199,34,0.016783022804466453,1978.3757304532576,15,512
6,200,432,0.07980022963918201,5286.638922062185,13,256
6,201,90,0.024797104039252876,3544.3907022720264,15,512
6,202,223,0.04028715956951238,5405.529697973589,15,512
6,203,356,0.06644237679300853,5232.447524914288,13,256
6,204,202,0.03774955788837269,5225.640670635778,15,512
6,205,568,0.10749635680501521,5160.058596275341,12,192
6,206,247,0.043880318421829455,5497.018849799482,14,384
6,207,89,0.02471085973308192,3517.2415463814436,15,512
6,208,150,0.030869926718737308,4745.212916591975,15,512
6,209,199,0.037503281830808026,5181.838175568886,15,512
6,210,60,0.01939168490159335,3021.5914861109127,15,512
6,211,140,0.029843846103640864,4581.137080160747,15,512
6,212,312,0.06025218017752368,5056.87095640831,13,256
6,213,276,0.04989175625635345,5402.320347575991,14,384
6,214,488,0.09819091711223746,4853.4275268583515,12,192
6,215,169,0.03389825123385985,4868.660078108923,15,512
6,216,296,0.05148350175692137,5614.662758660134,14,384
6,217,3,0.010930170028290973,268.0367727507421,15,512
6,218,137,0.030120003267162267,4441.86746307099,15,512
6,219,30,0.016265771794248655,1801.136482829481,15,512
6,220,149,0.030780882335375823,4727.213824301941,15,512
6,221,66,0.020352850085026325,3166.786210812727,15,512
6,222,111,0.026053229442292016,4160.652626197565,15,512
6,223,524,0.097837361037035,5230.30000580551,12,192
6,224,308,0.05960020441773208,5046.647959323314,14,384
6,225,492,0.09257212302260032,5190.209906741575,12,192
6,226,205,0.038226477284022,5237.085044812072,15,512
6,227,235,0.041388403137743085,5544.8427603315895,14,384
6,228,47,0.01885893738904166,2433.7764399530884,15,512
6,229,340,0.060842657916392505,5457.211459372202,13,256
6,230,240,0.0414462145467408,5654.919334929479,14,384
6,231,728,0.13394851529721694,5307.542964716767,11,128
6,232,158,0.03291565749886362,4687.643715010917,15,512
6,233,143,0.03035768249152764,4600.102051234436,15,512
6,234,238,0.04184480503620665,5554.378250750471,14,384
6,235,480,0.10286727713272124,4556.842691531634,13,256
6,236,572,0.10959699379818366,5096.798102223654,12,192
6,237,62,0.019994750792334783,3028.13851639558,15,512
6,238,396,0.07572503934219847,5106.880806656742,13,256
6,239,404,0.07453518950857572,5293.221263690579,13,256
6,240,250,0.0437450851156838,5580.984111800687,14,384
6,241,70,0.02112263233914809,3236.309466661722,15,512
6,242,400,0.07360398048446153,5307.117868203671,13,256
6,243,181,0.0352855784593863,5009.35000126038,15,512
6,244,179,0.03531719150728631,4949.563655534046,15,512
6,245,102,0.026024260703274425,3827.5582978411735,15,512
6,246,119,0.027204846942930693,4271.699735851591,15,512
6,247,73,0.02164957211211808,3292.862423830392,15,512
6,248,147,0.030460343593104972,4712.838745932438,15,512
6,249,94,0.026175064582019538,3507.0352820851535,15,512
6,250,107,0.025871557523890535,4038.882753908764,15,512
6,251,368,0.06785232927720901,5296.428344143977,13,256
6,252,496,0.09440718554416053,5130.700562759871,12,192
6,253,88,0.024362607052192224,3527.4344743111997,15,512
6,254,218,0.03947682802187296,5392.799666732178,15,512
6,255,540,0.1002393379501928,5260.846298306838,12,192
6,256,444,0.08394250690443285,5165.365748412057,13,256
6,257,32,0.017092120252645417,1828.3278808059702,15,512
6,258,106,0.02580747548784534,4011.071328877294,15,512
6,259,248,0.04274459742646655,5665.920714696978,14,384
6,260,118,0.026927633051362324,4279.409734238415,15,512
6,261,704,0.1323101831085256,5196.123108952904,11,128
6,262,632,0.11837930997882708,5213.6433310042785,12,192
6,263,116,0.026600400462156393,4258.6294954905625,15,512
6,264,23,0.015124930793557697,1485.027456096989,15,512
6,265,157,0.03178148526618874,4824.202242779143,15,512
6,266,146,0.030512634526078736,4672.756948540134,15,512
6,267,664,0.12206643130817212,5312.168898941083,11,128
6,268,736,0.1387024381147849,5181.9564945584425,11,128
6,269,212,0.03845871449602459,5383.207751819174,15,512
6,270,19,0.01429349146754131,1298.1214241555551,15,512
6,271,127,0.028252672685822593,4389.794865752149,15,512
6,272,54,0.020773165299753756,2538.581590193436,15,512
6,273,201,0.03751876341705705,5231.757249514296,15,512
6,274,99,0.026091543447968865,3705.403158414002,15,512
6,275,72,0.021115763037848848,3329.858356241671,15,512
6,276,221,0.03970877184229005,5435.079013704228,15,512
6,277,48,0.018524872185425825,2530.381831021659,15,512
6,278,584,0.10895447593340106,5234.410932769813,12,192
6,279,10,0.01242188559407138,786.162851528826,15,512
6,280,58,0.01982990109589119,2856.3241302164683,15,512
6,281,65,0.020238215904787766,3136.470269841489,15,512
6,282,37,0.017381696875615374,2078.7851012803244,15,512
6,283,440,0.08265218838906341,5198.74317153418,13,256
6,284,91,0.02538696732684274,3500.504268819729,15,512
6,285,128,0.028451164987984688,4393.493203276182,15,512
6,286,71,0.021454776639792627,3231.7249750063197,15,512
6,287,46,0.018603420781351684,2414.7104733033984,15,512
6,288,348,0.06438076224541565,5278.6537180864025,13,256
6,289,292,0.051536856141985325,5533.054814488245,14,384
6,290,464,0.09050291743560188,5006.744675633523,13,256
6,291,125,0.027812033797390105,4389.118515721606,15,512
6,292,316,0.05643527853842044,5468.100060672389,13,256
6,293,78,0.02219535358978023,3431.8838261298556,15,512
6,294,159,0.03207220561137625,4841.370730203955,15,512
6,295,98,0.026446760521493137,3618.7087988422095,15,512
6,296,177,0.03493828500505137,4947.33964403259,15,512
6,297,52,0.020340093328639664,2496.608505158527,15,512
6,298,24,0.015042143545913093,1558.1223466231247,15,512
6,299,160,0.032730935652336084,4773.771262137692,15,512
6,300,213,0.038977995779363,5336.544589861398,15,512
6,301,656,0.1242488655143305,5155.982691255335,11,128
6,302,153,0.03148560980799059,4745.471452234058,15,512
6,303,227,0.04050788486894592,5472.507098733849,14,384
6,304,528,0.09753358533275405,5286.640476107271,12,192
6,305,608,0.1167646918775833,5085.013204355393,12,192
6,306,84,0.023244957686160767,3528.9911518676813,15,512
6,307,692,0.12779799788238175,5287.886048277156,11,128
6,308,164,0.032179379767911215,4976.98374409644,15,512
6,309,25,0.01565510324074175,1559.495464486202,15,512
6,310,520,0.09488471361195096,5351.889473754388,12,192
6,311,123,0.027948664765326044,4297.77910710858,15,512
6,312,7,0.011864466229157657,576.1689879651107,15,512
6,313,536,0.09864229285211443,5306.420652495812,12,192
6,314,251,0.04418006689817209,5548.139799447463,14,384
6,315,206,0.03795328011184808,5300.513536831277,15,512
6,316,59,0.020080620031638078,2869.2932493728317,15,512
6,317,408,0.0759222867353876,5247.964953804363,13,256
6,318,26,0.015523065135161943,1635.6708407082976,15,512
6,319,592,0.11311434728843359,5110.978526232593,12,192
6,320,696,0.13084909159632965,5194.438048502779,11,128
6,321,156,0.031738152055051705,4800.019539125994,15,512
6,322,376,0.06971456685595678,5267.012570825799,13,256
6,323,203,0.03786868817979852,5234.9895660170905,15,512
6,324,162,0.03226842253606187,4902.722617543471,15,512
6,325,110,0.02595978682825965,4138.010674381242,15,512
6,326,4,0.009144424398180914,427.17286839585705,15,512
6,327,253,0.04377913754515884,5643.562809914729,14,384
6,328,229,0.040750905515347206,5487.79983344855,14,384
6,329,716,0.13211239258655436,5292.605306060913,11,128
6,330,124,0.027388764323836197,4421.292927575166,15,512
6,331,120,0.026959048660975572,4346.870747321071,15,512
6,332,16,0.013358754221768151,1169.6449938826624,15,512
6,333,380,0.07202829754271813,5152.054993107589,13,256
6,334,35,0.016993149501090078,2011.3803799470743,15,512
6,335,82,0.02294097586696856,3490.6154587477713,15,512
6,336,67,0.02059134696927222,3177.5331452400146,15,512
6,337,22,0.014802698372382796,1451.3823398633267,15,512
6,338,652,0.12364531934928182,5149.558053235748,11,128
6,339,324,0.058783199660981986,5382.596589243138,13,256
6,340,200,0.03717964704353875,5253.21017091103,15,512
6,341,712,0.131038937329241,5306.151852048352,11,128
6,342,142,0.029987091740280435,4624.3855923423125,15,512
6,343,245,0.043047259738966344,5558.026549212005,14,384
6,344,139,0.030111176652584417,4508.033314877098,15,512
6,345,41,0.01764474874486248,2269.1772537513716,15,512
6,346,132,0.028837042206607558,4470.1619908321645,15,512
6,347,504,0.09635341086721072,5108.148176283114,12,192
6,348,236,0.041093088874952576,5608.455249040122,14,384
6,349,249,0.04336708478965992,5607.111100028978,14,384
6,350,644,0.119754708531386,5251.62023032416,12,192
6,351,214,0.038776598708078036,5389.445747248169,15,512
6,352,36,0.016852674015137854,2086.0932792280337,15,512
6,353,109,0.026141583124158506,4071.877054822649,15,512
6,354,436,0.08043410743503965,5293.541055874466,13,256
6,355,636,0.11796923643363037,5264.87895299236,12,192
6,356,548,0.102999169038996,5195.73366458313,12,192
6,357,38,0.01731533266469686,2143.1511434752833,15,512
6,358,211,0.03867276346591206,5328.160416610156,15,512
6,359,468,0.09287546427882903,4920.904068139127,13,256
6,360,672,0.1271052880920342,5163.042465430892,11,128
6,361,112,0.02578541608179233,4241.738805108217,15,512
6,362,21,0.014905012899355191,1375.9003523497247,15,512
6,363,173,0.0336763540561424,5016.734062670457,15,512
6,364,384,0.07027140577095303,5336.452229549786,13,256
6,365,220,0.039374827441994435,5456.373118498106,15,512
6,366,576,0.1073760982762501,5238.596010006225,12,192
6,367,616,0.1146051982665156,5248.998379646445,12,192
6,368,29,0.016139535211554094,1754.7167330894288,15,512
6,369,756,0.13957751496225793,5289.3995870297085,11,128
6,370,87,0.024274428870633035,3500.017979940402,15,512
6,371,233,0.04101004609491899,5548.37373197177,14,384
6,372,76,0.021632919647094576,3430.8244661726926,15,512
6,373,228,0.040475289027695024,5501.041631787942,14,384
6,374,161,0.03216452651115056,4888.197637403239,15,512
6,375,241,0.041873998334124196,5620.470264675107,14,384
6,376,79,0.022514155939484217,3426.6635492517344,15,512
6,377,246,0.043161520927622786,5565.938591525704,14,384
6,378,165,0.03260130743799167,4942.526087534306,15,512
6,379,684,0.1296458746013469,5152.256113462637,11,128
6,380,180,0.035044507020514384,5015.943009188316,15,512
6,381,668,0.12366584663254276,5275.051825249343,11,128
6,382,760,0.14213269219623353,5221.793019830435,11,128
6,383,133,0.029562219162442706,4393.540680633661,15,512
